book_id,title,authors,language_code,average_rating,ratings_count
2767052,"The Hunger Games (The Hunger Games, #1)",Suzanne Collins,eng,4.34,4780653
3,"Harry Potter and the Sorcerer's Stone (Harry Potter, #1)","J.K. Rowling, Mary GrandPré",eng,4.44,4602479
41865,"Twilight (Twilight, #1)",Stephenie Meyer,en-US,3.57,3866839
2657,To Kill a Mockingbird,Harper Lee,eng,4.25,3198671
4671,The Great Gatsby,F. Scott Fitzgerald,eng,3.89,2683664
11870085,The Fault in Our Stars,John Green,eng,4.26,2346404
5907,The Hobbit,J.R.R. Tolkien,en-US,4.25,2071616
5107,The Catcher in the Rye,J.D. Salinger,eng,3.79,2044241
960,"Angels & Demons  (Robert Langdon, #1)",Dan Brown,en-CA,3.85,2001311
1885,Pride and Prejudice,Jane Austen,eng,4.24,2035490
77203,The Kite Runner,Khaled Hosseini,eng,4.26,1813044
13335037,"Divergent (Divergent, #1)",Veronica Roth,eng,4.24,1903563
5470,1984,"George Orwell, Erich Fromm, Celâl Üster",eng,4.14,1956832
7613,Animal Farm,George Orwell,eng,3.87,1881700
48855,The Diary of a Young Girl,"Anne Frank, Eleanor Roosevelt, B.M. Mooyaart-Doubleday",eng,4.1,1972666
2429135,"The Girl with the Dragon Tattoo (Millennium, #1)","Stieg Larsson, Reg Keeland",eng,4.11,1808403
6148028,"Catching Fire (The Hunger Games, #2)",Suzanne Collins,eng,4.3,1831039
5,"Harry Potter and the Prisoner of Azkaban (Harry Potter, #3)","J.K. Rowling, Mary GrandPré, Rufus Beck",eng,4.53,1832823
34,"The Fellowship of the Ring (The Lord of the Rings, #1)",J.R.R. Tolkien,eng,4.34,1766803
7260188,"Mockingjay (The Hunger Games, #3)",Suzanne Collins,eng,4.03,1719760
2,"Harry Potter and the Order of the Phoenix (Harry Potter, #5)","J.K. Rowling, Mary GrandPré",eng,4.46,1735368
12232938,The Lovely Bones,Alice Sebold,eng,3.77,1605173
15881,"Harry Potter and the Chamber of Secrets (Harry Potter, #2)","J.K. Rowling, Mary GrandPré",eng,4.37,1779331
6,"Harry Potter and the Goblet of Fire (Harry Potter, #4)","J.K. Rowling, Mary GrandPré",eng,4.53,1753043
136251,"Harry Potter and the Deathly Hallows (Harry Potter, #7)","J.K. Rowling, Mary GrandPré",eng,4.61,1746574
968,"The Da Vinci Code (Robert Langdon, #2)",Dan Brown,eng,3.79,1447148
1,"Harry Potter and the Half-Blood Prince (Harry Potter, #6)","J.K. Rowling, Mary GrandPré",eng,4.54,1678823
7624,Lord of the Flies,William Golding,eng,3.64,1605019
18135,Romeo and Juliet,"William Shakespeare, Robert           Jackson",eng,3.73,1628519
8442457,Gone Girl,Gillian Flynn,eng,4.03,512475
4667024,The Help,Kathryn Stockett,eng,4.45,1531753
890,Of Mice and Men,John Steinbeck,eng,3.84,1467496
930,Memoirs of a Geisha,Arthur Golden,eng,4.08,1300209
10818853,"Fifty Shades of Grey (Fifty Shades, #1)",E.L. James,eng,3.67,1338493
865,The Alchemist,"Paulo Coelho, Alan R. Clarke",eng,3.82,1299566
3636,"The Giver (The Giver, #1)",Lois Lowry,eng,4.12,1296825
100915,"The Lion, the Witch, and the Wardrobe (Chronicles of Narnia, #1)",C.S. Lewis,eng,4.19,1531800
14050,The Time Traveler's Wife,Audrey Niffenegger,eng,3.95,746287
13496,"A Game of Thrones (A Song of Ice and Fire, #1)",George R.R. Martin,eng,4.45,1319204
19501,"Eat, Pray, Love",Elizabeth Gilbert,eng,3.51,1181647
28187,"The Lightning Thief (Percy Jackson and the Olympians, #1)",Rick Riordan,eng,4.23,1366265
1934,"Little Women (Little Women, #1)",Louisa May Alcott,en-US,4.04,1257121
10210,Jane Eyre,"Charlotte Brontë, Michael Mason",eng,4.1,1198557
15931,"The Notebook (The Notebook, #1)",Nicholas Sparks,eng,4.06,1053403
4214,Life of Pi,Yann Martel,,3.88,1003228
43641,Water for Elephants,Sara Gruen,eng,4.07,1068146
19063,The Book Thief,Markus Zusak,eng,4.36,1159741
4381,Fahrenheit 451,Ray Bradbury,spa,3.97,570498
49041,"New Moon (Twilight, #2)",Stephenie Meyer,eng,3.52,1149630
30119,Where the Sidewalk Ends,Shel Silverstein,eng,4.29,1016888
256683,"City of Bones (The Mortal Instruments, #1)",Cassandra Clare,eng,4.12,1154031
428263,"Eclipse (Twilight, #3)",Stephenie Meyer,en-US,3.69,1134511
113436,"Eragon (The Inheritance Cycle, #1)",Christopher Paolini,en-US,3.86,1104021
11,"The Hitchhiker's Guide to the Galaxy (Hitchhiker's Guide to the Galaxy, #1)",Douglas Adams,en-US,4.2,936782
5129,Brave New World,Aldous Huxley,eng,3.97,1022601
1162543,"Breaking Dawn (Twilight, #4)",Stephenie Meyer,en-US,3.7,1070245
37435,The Secret Life of Bees,Sue Monk Kidd,en-US,4.01,916189
2956,The Adventures of Huckleberry Finn,"Mark Twain, John Seelye, Guy Cardwell",eng,3.8,953758
24178,Charlotte's Web,"E.B. White, Garth Williams, Rosemary Wells",eng,4.15,1064521
1618,The Curious Incident of the Dog in the Night-Time,Mark Haddon,eng,3.85,867553
22557272,The Girl on the Train,Paula Hawkins,eng,3.88,1008778
119322,"The Golden Compass (His Dark Materials, #1)",Philip Pullman,eng,3.94,953970
6185,Wuthering Heights,"Emily Brontë, Richard J. Dunn",eng,3.82,899195
10917,My Sister's Keeper,Jodi Picoult,eng,4.06,863879
4981,Slaughterhouse-Five,Kurt Vonnegut Jr.,eng,4.06,846488
18405,Gone with the Wind,Margaret Mitchell,eng,4.28,873981
128029,A Thousand Splendid Suns,Khaled Hosseini,eng,4.34,818742
22628,The Perks of Being a Wallflower,Stephen Chbosky,eng,4.21,888806
11735983,"Insurgent (Divergent, #2)",Veronica Roth,eng,4.07,836362
375802,"Ender's Game (Ender's Saga, #1)",Orson Scott Card,eng,4.3,813439
18490,Frankenstein,"Mary Wollstonecraft Shelley, Percy Bysshe Shelley, Maurice Hindle",eng,3.75,808589
11588,The Shining (The Shining #1),Stephen King,eng,4.17,791850
1656001,"The Host (The Host, #1)",Stephenie Meyer,en-US,3.84,749780
99561,Looking for Alaska,John Green,eng,4.09,783470
227443,"Bridget Jones's Diary (Bridget Jones, #1)",Helen Fielding,eng,3.75,736498
14935,Sense and Sensibility,"Jane Austen, Tony Tanner, Ros Ballaster",eng,4.06,738894
38709,"Holes (Holes, #1)","Louis Sachar, Louis Sachar",eng,3.93,747445
5139,"The Devil Wears Prada (The Devil Wears Prada, #1)",Lauren Weisberger,eng,3.7,665930
1381,The Odyssey,"Homer, Robert Fagles, E.V. Rieu, Frédéric Mugler, Bernard Knox",eng,3.73,670326
157993,The Little Prince,"Antoine de Saint-Exupéry, Richard Howard, Dom Marcos Barbosa, Melina Karakosta",eng,4.28,738757
7445,The Glass Castle,Jeannette Walls,eng,4.24,621099
1845,Into the Wild,Jon Krakauer,eng,3.94,647684
1953,A Tale of Two Cities,"Charles Dickens, Richard Maxwell, Hablot Knight Browne",eng,3.81,637412
7677,"Jurassic Park (Jurassic Park, #1)",Michael Crichton,spa,3.96,447833
370493,The Giving Tree,Shel Silverstein,eng,4.38,702332
32542,A Time to Kill,John Grisham,eng,4.03,597775
1617,Night (The Night Trilogy #1),"Elie Wiesel, Marion Wiesel",eng,4.3,691231
6442769,Paper Towns,John Green,en-US,3.88,461311
21787,The Princess Bride ,William Goldman,en-US,4.25,628637
231804,The Outsiders,S.E. Hinton,en-US,4.06,659248
6186357,"The Maze Runner (Maze Runner, #1)",James Dashner,eng,4.02,719925
1202,"Freakonomics: A Rogue Economist Explores the Hidden Side of Everything (Freakonomics, #1)","Steven D. Levitt, Stephen J. Dubner",en-US,3.93,524191
2998,The Secret Garden,Frances Hodgson Burnett,eng,4.12,639357
320,One Hundred Years of Solitude,"Gabriel García Márquez, Gregory Rabassa",eng,4.04,490565
5297,The Picture of Dorian Gray,"Oscar Wilde, Jeffrey Eugenides",eng,4.06,590014
13536860,"Fifty Shades Freed (Fifty Shades, #3)",E.L. James,eng,3.88,387290
17245,Dracula,"Bram Stoker, Nina Auerbach, David J. Skal",eng,3.98,618973
5060378,"The Girl Who Played with Fire (Millennium, #2)","Stieg Larsson, Reg Keeland",eng,4.22,563994
11857408,"Fifty Shades Darker (Fifty Shades, #2)",E.L. James,eng,3.87,552059
7244,The Poisonwood Bible,Barbara Kingsolver,eng,4.02,546502
4137,Me Talk Pretty One Day,David Sedaris,eng,3.97,495736
19543,Where the Wild Things Are,Maurice Sendak,eng,4.22,620618
7126,The Count of Monte Cristo,"Alexandre Dumas, Robin Buss",eng,4.21,555822
6288,The Road,Cormac McCarthy,eng,3.95,504793
18710190,"Allegiant (Divergent, #3)",Veronica Roth,eng,3.63,463257
9418327,Bossypants,Tina Fey,eng,3.94,506250
3473,A Walk to Remember,Nicholas Sparks,en-US,4.15,546948
9416,"Confessions of a Shopaholic (Shopaholic, #1)",Sophie Kinsella,eng,3.61,543658
24280,Les Misérables,"Victor Hugo, Lee Fahnestock, Norman MacAfee",eng,4.14,513407
10572,"A Clash of Kings  (A Song of Ice and Fire, #2)",George R.R. Martin,eng,4.4,523303
10441,The Memory Keeper's Daughter,Kim Edwards,eng,3.64,501430
15507958,"Me Before You (Me Before You, #1)",Jojo Moyes,eng,4.27,587647
168668,Catch-22,Joseph Heller,en-US,3.98,563265
6900,Tuesdays with Morrie,"Mitch Albom, Saulius Dagys",eng,4.06,556518
2187,Middlesex,Jeffrey Eugenides,en-US,3.98,488243
24583,The Adventures of Tom Sawyer,"Mark Twain, Guy Cardwell, John Seelye",eng,3.89,555359
18131,"A Wrinkle in Time (A Wrinkle in Time Quintet, #1)",Madeleine L'Engle,en-US,4.04,615907
7763,The Joy Luck Club,Amy Tan,eng,3.9,515090
38447,The Handmaid's Tale,Margaret Atwood,eng,4.06,607889
452306,"The Sisterhood of the Traveling Pants (Sisterhood, #1)",Ann Brashares,eng,3.75,525706
7604,Lolita,"Vladimir Nabokov, Craig Raine",eng,3.88,469836
37442,"Wicked: The Life and Times of the Wicked Witch of the West (The Wicked Years, #1)","Gregory Maguire, Douglas Smith",eng,3.52,506900
5358,"The Firm (Penguin Readers, Level 5)",John Grisham,eng,3.99,488269
7937843,Room,Emma Donoghue,eng,4.03,511360
1420,Hamlet,"William Shakespeare, Richard Andrews, Rex Gibson",eng,4.0,515820
234225,Dune (Dune Chronicles #1),Frank Herbert,eng,4.19,485032
2612,The Tipping Point: How Little Things Can Make a Big Difference,Malcolm Gladwell,eng,3.92,490504
11084145,Steve Jobs,Walter Isaacson,eng,4.09,560715
332613,One Flew Over the Cuckoo's Nest,Ken Kesey,eng,4.18,491642
2165,The Old Man and the Sea,Ernest Hemingway,eng,3.73,520630
4395,The Grapes of Wrath,John Steinbeck,eng,3.92,322321
3431,The Five People You Meet in Heaven,Mitch Albom,,3.9,449501
8127,"Anne of Green Gables (Anne of Green Gables, #1)",L.M. Montgomery,eng,4.23,502247
3777732,"City of Glass (The Mortal Instruments, #3)",Cassandra Clare,en-US,4.34,593173
62291,"A Storm of Swords (A Song of Ice and Fire, #3)",George R.R. Martin,eng,4.54,469022
137791,Divine Secrets of the Ya-Ya Sisterhood,Rebecca Wells,en-US,3.79,465676
10964,"Outlander (Outlander, #1)",Diana Gabaldon,eng,4.2,515547
12296,The Scarlet Letter,"Nathaniel Hawthorne, Thomas E. Connolly, Nina Baym",eng,3.37,509883
9460487,"Miss Peregrine’s Home for Peculiar Children (Miss Peregrine’s Peculiar Children, #1)",Ransom Riggs,en-US,3.89,613674
6892870,"The Girl Who Kicked the Hornet's Nest (Millennium, #3)","Stieg Larsson, Reg Keeland",en-US,4.2,443951
18007564,The Martian,Andy Weir,eng,4.39,423344
5043,"The Pillars of the Earth (The Kingsbridge Series, #1)",Ken Follett,eng,4.29,462517
18143977,All the Light We Cannot See,Anthony Doerr,eng,4.31,470001
8664353,"Unbroken: A World War II Story of Survival, Resilience, and Redemption",Laura Hillenbrand,eng,4.4,487775
976,Deception Point,Dan Brown,eng,3.67,455610
17333223,The Goldfinch,Donna Tartt,eng,3.87,396756
1217100,Thirteen Reasons Why,Jay Asher,eng,4.02,463783
2865,Girl with a Pearl Earring,Tracy Chevalier,eng,3.85,467577
4374400,"If I Stay (If I Stay, #1)",Gayle Forman,en-US,3.96,503527
4989,The Red Tent,Anita Diamant,en-US,4.16,424981
28186,"The Sea of Monsters (Percy Jackson and the Olympians, #2)",Rick Riordan,eng,4.23,514932
5526,Dear John,Nicholas Sparks,en-US,4.01,441062
1582996,"City of Ashes (The Mortal Instruments, #2)",Cassandra Clare,eng,4.21,541117
8852,Macbeth,William Shakespeare,eng,3.88,496018
15241,"The Two Towers (The Lord of the Rings, #2)",J.R.R. Tolkien,en-US,4.42,480446
42156,"Something Borrowed (Darcy & Rachel, #1)",Emily Giffin,eng,3.83,403601
23772,Green Eggs and Ham,"Dr. Seuss, לאה נאור",en-US,4.29,457475
6310,"Charlie and the Chocolate Factory (Charlie Bucket, #1)","Roald Dahl, Quentin Blake",eng,4.1,453959
2120932,"The Battle of the Labyrinth (Percy Jackson and the Olympians, #4)",Rick Riordan,eng,4.39,508214
2623,Great Expectations,Charles Dickens,eng,3.75,459247
18512,"The Return of the King (The Lord of the Rings, #3)",J.R.R. Tolkien,en-US,4.51,463959
49552,The Stranger,"Albert Camus, Matthew    Ward",eng,3.96,420600
7736182,"The Lost Hero (The Heroes of Olympus, #1)",Rick Riordan,eng,4.35,271576
15745753,Eleanor & Park,Rainbow Rowell,eng,4.11,514312
13497,"A Feast for Crows (A Song of Ice and Fire, #4)",George R.R. Martin,en-US,4.1,428186
7735333,"Matched (Matched, #1)",Ally Condie,eng,3.68,511815
4407,"American Gods (American Gods, #1)",Neil Gaiman,eng,4.11,378019
149267,The Stand,"Stephen King, Bernie Wrightson",en-US,4.34,438832
6400090,The Last Song,Nicholas Sparks,en-GB,4.14,424637
11125,Digital Fortress,Dan Brown,en-GB,3.6,423019
6969,Emma,"Jane Austen, Fiona Stafford",eng,3.99,459826
15823480,Anna Karenina,"Leo Tolstoy, Louise Maude, Leo Tolstoj, Aylmer Maude",eng,4.02,297472
227463,A Clockwork Orange,Anthony Burgess,eng,3.98,431195
1812457,The Shack,William Paul Young,eng,3.74,419539
4502507,"The Last Olympian (Percy Jackson and the Olympians, #5)",Rick Riordan,eng,4.5,397500
18342,It,Stephen King,en-US,4.18,292592
7144,Crime and Punishment,"Fyodor Dostoyevsky, David McDuff",eng,4.18,380903
6514,The Bell Jar,Sylvia Plath,en-US,3.98,401605
252577,"Angela's Ashes (Frank McCourt, #1)",Frank McCourt,eng,4.07,392103
52036,Siddhartha,"Hermann Hesse, Hilda Rosner",eng,3.99,372099
168642,In Cold Blood,Truman Capote,eng,4.05,381652
6304335,"Beautiful Creatures (Caster Chronicles, #1)","Kami Garcia, Margaret Stohl",eng,3.76,436093
7171637,"Clockwork Angel (The Infernal Devices, #1)",Cassandra Clare,eng,4.33,490890
39988,Matilda,"Roald Dahl, Quentin Blake",eng,4.29,440743
9361589,The Night Circus,Erin Morgenstern,eng,4.03,429543
37470,"The Other Boleyn Girl (The Plantagenet and Tudor Novels, #9)",Philippa Gregory,eng,4.04,381080
24770,"Uglies (Uglies, #1)",Scott Westerfeld,eng,3.86,449073
10664113,"A Dance with Dragons (A Song of Ice and Fire, #5)",George R.R. Martin,eng,4.31,365954
33,"The Lord of the Rings (The Lord of the Rings, #1-3)",J.R.R. Tolkien,eng,4.47,389054
12262741,Wild: From Lost to Found on the Pacific Crest Trail,Cheryl Strayed,eng,3.96,379872
472331,Watchmen,"Alan Moore, Dave Gibbons, John Higgins",en-US,4.35,398018
186074,"The Name of the Wind (The Kingkiller Chronicle, #1)",Patrick Rothfuss,eng,4.55,400101
3228917,Outliers: The Story of Success,Malcolm Gladwell,en-US,4.11,353011
153747,"Moby-Dick or, The Whale","Herman Melville, Andrew Delbanco, Tom Quirk",eng,3.46,358050
2728527,The Guernsey Literary and Potato Peel Pie Society,"Mary Ann Shaffer, Annie Barrows",eng,4.12,393626
5759,Fight Club,Chuck Palahniuk,eng,4.2,365349
301082,"Dead Until Dark (Sookie Stackhouse, #1)",Charlaine Harris,en-US,3.96,420764
11486,The Color Purple,Alice Walker,eng,4.17,376766
12691,Marley and Me: Life and Love With the World's Worst Dog,John Grogan,eng,4.12,367304
16299,And Then There Were None,Agatha Christie,eng,4.23,408983
6411961,"The Lost Symbol (Robert Langdon, #3)",Dan Brown,eng,3.66,369428
6339664,"Hush, Hush (Hush, Hush, #1)",Becca Fitzpatrick,en-US,4.0,448166
11505797,"Beautiful Disaster (Beautiful, #1)",Jamie McGuire,eng,4.15,418309
5326,A Christmas Carol,Charles Dickens,,4.02,394540
43763,"Interview with the Vampire (The Vampire Chronicles, #1)",Anne Rice,eng,3.97,372566
10507293,"The Selection (The Selection, #1)",Kiera Cass,en-US,4.15,505340
6853,"One for the Money (Stephanie Plum, #1)",Janet Evanovich,en-US,4.03,391007
6493208,The Immortal Life of Henrietta Lacks,Rebecca Skloot,eng,4.04,377249
23807,"The Silence of the Lambs  (Hannibal Lecter, #2)",Thomas Harris,eng,4.14,351107
345627,"Vampire Academy (Vampire Academy, #1)",Richelle Mead,en-US,4.14,248283
40102,Blink: The Power of Thinking Without Thinking,Malcolm Gladwell,en-US,3.89,348196
6867,Atonement,Ian McEwan,eng,3.88,347006
485894,The Metamorphosis,"Franz Kafka, Stanley Corngold",eng,3.78,364933
561456,"The Titan's Curse (Percy Jackson and the Olympians, #3)",Rick Riordan,eng,4.33,446668
9969571,Ready Player One,Ernest Cline,eng,4.31,349423
3153910,The Art of Racing in the Rain,Garth Stein,eng,4.19,327409
21996,"The Devil in the White City: Murder, Magic, and Madness at the Fair That Changed America","Erik Larson, Tony Goldwyn",eng,3.98,309385
13572249,"Bared to You (Crossfire, #1)",Sylvia Day,eng,4.19,222678
11127,"The Chronicles of Narnia (Chronicles of Narnia, #1-7)","C.S. Lewis, Pauline Baynes",eng,4.24,376385
3609760,Twilight: The Complete Illustrated Movie Companion,Mark Cotta Vaz,en-US,4.23,291411
60748,"A Child Called ""It"" (Dave Pelzer #1)",Dave Pelzer,eng,4.08,311543
7869,"The Bourne Identity (Jason Bourne, #1)",Robert Ludlum,eng,3.98,327122
249747,"Artemis Fowl (Artemis Fowl, #1)",Eoin Colfer,eng,3.82,386923
6487308,"Fallen (Fallen, #1)",Lauren Kate,en-US,3.74,395296
4406,East of Eden,John Steinbeck,eng,4.35,320919
5886881,Dark Places,Gillian Flynn,eng,3.92,333452
5359,The Client,John Grisham,eng,3.97,320083
228333,"The Nanny Diaries (Nanny, #1)","Emma McLaughlin, Nicola Kraus",eng,3.4,323762
24213,Alice's Adventures in Wonderland & Through the Looking-Glass,"Lewis Carroll, John Tenniel, Martin Gardner",eng,4.06,340920
2156,Persuasion,"Jane Austen, James Kinsley, Deidre Shauna Lynch",eng,4.13,365425
556602,Sarah's Key,Tatiana de Rosnay,eng,4.14,312444
43615,"The Gunslinger (The Dark Tower, #1)",Stephen King,en-US,3.99,332494
9712,Love in the Time of Cholera,"Gabriel García Márquez, Edith Grossman",eng,3.89,283806
439288,Speak,Laurie Halse Anderson,eng,4.0,360156
17802724,The Husband's Secret,Liane Moriarty,eng,3.92,232106
1898,Into Thin Air: A Personal Account of the Mount Everest Disaster,Jon Krakauer,en-US,4.11,291258
10592,Carrie,Stephen King,,3.93,356814
242006,Running with Scissors,Augusten Burroughs,en-US,3.7,293878
8908,World War Z: An Oral History of the Zombie War,Max Brooks,en-US,4.01,312969
17212231,"Inferno (Robert Langdon, #4)",Dan Brown,eng,3.8,287533
47281,Number the Stars,Lois Lowry,eng,4.11,333638
13145,"Along Came a Spider (Alex Cross, #1)",James Patterson,eng,4.08,311499
10614,Misery,Stephen King,en-GB,4.11,334647
66559,Sharp Objects,Gillian Flynn,en-US,3.92,207889
2839,Bridge to Terabithia,Katherine Paterson,eng,3.98,337644
30183,"Marked (House of Night, #1)","P.C. Cast, Kristin Cast",en-US,3.79,360044
36072,The 7 Habits of Highly Effective People: Powerful Lessons in Personal Change,Stephen R. Covey,en-US,4.05,314700
1622,A Midsummer Night's Dream,"William Shakespeare, Barbara A. Mowat, Paul Werstine, Catherine Belsey",eng,3.94,334241
4588,Extremely Loud and Incredibly Close,Jonathan Safran Foer,en-US,3.97,294726
11387515,Wonder,R.J. Palacio,eng,4.43,228538
233093,The Cat in the Hat,Dr. Seuss,eng,4.15,314016
11235712,"Cinder (The Lunar Chronicles, #1)",Marissa Meyer,eng,4.15,427663
16160797,"The Cuckoo's Calling (Cormoran Strike, #1)","Robert Galbraith, J.K. Rowling",en-US,3.83,297712
6068551,"Shiver (The Wolves of Mercy Falls, #1)",Maggie Stiefvater,eng,3.78,356625
662,Atlas Shrugged,"Ayn Rand, Leonard Peikoff",eng,3.68,283295
49436,Three Cups of Tea: One Man's Mission to Promote Peace ... One School at a Time,"Greg Mortenson, David Oliver Relin",en-US,3.64,283516
13023,Alice in Wonderland,"Jane Carruth, Lewis Carroll, Rene Cloke",eng,4.03,343252
1232,"The Shadow of the Wind (The Cemetery of Forgotten Books,  #1)","Carlos Ruiz Zafón, Lucia Graves",eng,4.24,263685
7631105,"The Scorch Trials (Maze Runner, #2)",James Dashner,eng,3.93,305643
4865,How to Win Friends and Influence People,Dale Carnegie,eng,4.13,282623
480479,Under the Tuscan Sun,Frances Mayes,eng,3.72,279264
19486412,Big Little Lies,Liane Moriarty,eng,4.2,306186
24337,Ella Enchanted,Gail Carson Levine,eng,3.97,339117
3876,The Sun Also Rises,Ernest Hemingway,en-US,3.83,284988
14891,A Tree Grows in Brooklyn,Betty  Smith,eng,4.24,291909
13148,"Kiss the Girls (Alex Cross, #2)",James Patterson,eng,3.93,274639
21853621,The Nightingale,Kristin Hannah,eng,4.54,253606
6334,Never Let Me Go,Kazuo Ishiguro,eng,3.8,294123
366522,P.S. I Love You,Cecelia Ahern,en-US,4.01,262921
12873,Rebecca,"Daphne du Maurier, Sally Beauman",en-US,4.2,177384
18373,Flowers for Algernon,Daniel Keyes,en-US,4.07,313044
6952,Like Water for Chocolate,"Laura Esquivel, Thomas  Christensen, Carol Christensen",en-US,3.94,263199
1103,Snow Flower and the Secret Fan,Lisa See,eng,4.05,280475
22034,The Godfather,"Mario Puzo, Robert Thompson, Peter Bart",eng,4.36,256480
49750,An Abundance of Katherines,John Green,eng,3.63,312754
29579,Foundation (Foundation #1),Isaac Asimov,eng,4.13,279688
15783514,The Ocean at the End of the Lane,Neil Gaiman,eng,3.99,293844
30118,A Light in the Attic,Shel Silverstein,eng,4.34,297861
29056083,"Harry Potter and the Cursed Child - Parts One and Two (Harry Potter, #8)","John Tiffany, Jack Thorne, J.K. Rowling",eng,3.75,270603
11614718,"Delirium (Delirium, #1)",Lauren Oliver,eng,3.99,256975
32499,The Pelican Brief,John Grisham,eng,3.95,288376
17061,Coraline,Neil Gaiman,eng,4.03,316379
12067,"Good Omens: The Nice and Accurate Prophecies of Agnes Nutter, Witch","Terry Pratchett, Neil Gaiman",en-US,4.25,298304
70401,On the Road,Jack Kerouac,eng,3.64,246602
16181775,"The Rosie Project (Don Tillman, #1)",Graeme Simsion,eng,4.01,251703
3063499,The Lucky One,Nicholas Sparks,en-US,4.1,267166
2122,The Fountainhead,"Ayn Rand, Leonard Peikoff",eng,3.85,244545
19691,"The Hunt for Red October (Jack Ryan Universe, #4)",Tom Clancy,,4.01,270318
76620,"Watership Down (Watership Down, #1)",Richard Adams,eng,4.05,292426
10335308,Is Everyone Hanging Out Without Me? (And Other Concerns),Mindy Kaling,eng,3.84,290674
3591262,Cutting for Stone,Abraham Verghese,eng,4.28,258319
140225,"The Voyage of the Dawn Treader (Chronicles of Narnia, #3)","C.S. Lewis, Pauline Baynes",eng,4.08,306492
295,Treasure Island,Robert Louis Stevenson,eng,3.82,268012
9520360,"The Son of Neptune (The Heroes of Olympus, #2)",Rick Riordan,eng,4.44,299980
10644930,11/22/63,Stephen King,eng,4.29,258464
4948,The Very Hungry Caterpillar Board Book,Eric Carle,eng,4.29,296952
135479,Cat's Cradle,Kurt Vonnegut Jr.,eng,4.18,238940
2493,The Time Machine,"H.G. Wells, Greg Bear, Carlo Pagetti",eng,3.87,276076
7933292,Heaven is for Real: A Little Boy's Astounding Story of His Trip to Heaven and Back,"Todd Burpo, Lynn Vincent",eng,4.01,228371
39999,The Boy in the Striped Pajamas,John Boyne,eng,4.1,285692
4900,Heart of Darkness,Joseph Conrad,eng,3.42,255576
7812659,Safe Haven,Nicholas Sparks,eng,4.19,255531
52529,"The Secret (The Secret, #1)",Rhonda Byrne,eng,3.62,241537
227711,I Know This Much Is True,Wally Lamb,eng,4.17,246917
10583,Pet Sematary,Stephen King,eng,3.91,256383
5203,She's Come Undone,Wally Lamb,en-US,3.84,259576
1215032,"The Wise Man's Fear (The Kingkiller Chronicle, #2)",Patrick Rothfuss,eng,4.57,245686
33724,Can You Keep a Secret?,Sophie Kinsella,en-US,3.83,278747
6752378,"City of Fallen Angels (The Mortal Instruments, #4)",Cassandra Clare,en-US,4.16,341826
14748,"Good in Bed (Cannie Shapiro, #1)",Jennifer Weiner,en-US,3.7,248804
3412,The Thorn Birds,Colleen McCullough,eng,4.22,255651
2213661,The Graveyard Book,"Neil Gaiman, Dave McKean",en-US,4.12,302303
13158800,The Light Between Oceans,M.L. Stedman,eng,4.0,243526
28194,"Inkheart (Inkworld, #1)","Cornelia Funke, Anthea Bell",en-US,3.86,285011
4894,Who Moved My Cheese?,"Spencer Johnson, Kenneth H. Blanchard",eng,3.74,237272
9791,A Walk in the Woods,Bill Bryson,eng,4.05,250192
13214,I Know Why the Caged Bird Sings,Maya Angelou,en-US,4.19,270859
15818107,Orphan Train,Christina Baker Kline,eng,4.14,226091
8755776,"City of Lost Souls (The Mortal Instruments, #5)",Cassandra Clare,eng,4.3,300553
13526165,"Where'd You Go, Bernadette",Maria Semple,eng,3.9,215453
10365,Where the Red Fern Grows,Wilson Rawls,,4.04,268548
14497,Neverwhere,Neil Gaiman,eng,4.18,268318
9717,The Unbearable Lightness of Being,"Milan Kundera, Michael Henry Heim",eng,4.08,205279
16068905,Fangirl,Rainbow Rowell,eng,4.12,340379
4473,A Prayer for Owen Meany,John Irving,eng,4.22,226964
32234,White Oleander,Janet Fitch,eng,3.93,245674
9275658,"Legend (Legend, #1)",Marie Lu,eng,4.19,299998
14866,Nineteen Minutes,Jodi Picoult,eng,4.1,235978
2318271,The Last Lecture,"Randy Pausch, Jeffrey Zaslow",eng,4.25,241869
228665,"The Eye of the World (Wheel of Time, #1)",Robert Jordan,eng,4.18,260184
10916,The Pact,Jodi Picoult,en-US,4.0,221225
65605,"The Magician's Nephew (Chronicles of Narnia, #6)",C.S. Lewis,eng,4.01,268355
2153405,Still Alice,Lisa Genova,eng,4.3,223432
13596809,"Reflected in You (Crossfire, #2)",Sylvia Day,eng,4.33,252564
6689,James and the Giant Peach,"Roald Dahl, Quentin Blake",eng,3.99,270402
13137,"1st to Die (Women's Murder Club, #1)",James Patterson,en-US,4.05,233984
13,The Ultimate Hitchhiker's Guide to the Galaxy,Douglas Adams,eng,4.37,222842
6280118,One Day,David Nicholls,eng,3.77,222926
32929,Goodnight Moon,"Margaret Wise Brown, Clement Hurd",en-US,4.27,244842
7747374,"I Am Number Four (Lorien Legacies, #1)",Pittacus Lore,en-US,3.94,253437
1371,The Iliad,"Homer, Robert Fagles, Frédéric Mugler, Bernard Knox",eng,3.83,241088
13497818,The Casual Vacancy,J.K. Rowling,eng,3.28,231835
24192,The Runaway Jury,John Grisham,eng,3.96,222712
4138,Naked,David Sedaris,en-US,4.08,201337
45978,"Eldest (The Inheritance Cycle, #2)",Christopher Paolini,en-US,3.96,250000
236093,"The Wonderful Wizard of Oz (Oz, #1)","L. Frank Baum, W.W. Denslow",eng,3.98,247521
121749,"Prince Caspian (Chronicles of Narnia, #2)",C.S. Lewis,eng,3.96,250221
16143347,We Were Liars,E. Lockhart,eng,3.85,273442
11590,'Salem's Lot,Stephen King,en-GB,3.99,228680
7745,Fear and Loathing in Las Vegas,"Hunter S. Thompson, Ralph Steadman",eng,4.08,232489
10025305,"Clockwork Prince (The Infernal Devices, #2)",Cassandra Clare,eng,4.46,307994
20910157,Yes Please,Amy Poehler,eng,3.81,251082
12996,Othello,William Shakespeare,eng,3.88,238875
6149,Beloved,Toni Morrison,eng,3.77,233825
3236307,"Graceling (Graceling Realm, #1)",Kristin Cashore,en-CA,4.1,281185
78411,"The Bad Beginning (A Series of Unfortunate Events, #1)","Lemony Snicket, Brett Helquist",eng,3.89,275670
355697,All Quiet on the Western Front,"Erich Maria Remarque, A.W. Wheen",en-US,3.92,249113
191139,"Oh, The Places You'll Go!",Dr. Seuss,en-US,4.34,257260
16115612,And the Mountains Echoed,Khaled Hosseini,eng,4.03,199326
7082,Do Androids Dream of Electric Sheep?,"Philip K. Dick, Roger Zelazny",eng,4.08,223828
18254,Oliver Twist,"Charles Dickens, George Cruikshank, Philip Horne",eng,3.85,230181
11149,The Screwtape Letters,C.S. Lewis,eng,4.21,116277
6936382,"Anna and the French Kiss (Anna and the French Kiss, #1)",Stephanie Perkins,en-US,4.08,259479
113946,How the Grinch Stole Christmas!,Dr. Seuss,eng,4.36,250602
5805,V for Vendetta,"Alan Moore, David   Lloyd",eng,4.25,210682
2203,John Adams,David McCullough,eng,4.05,215780
14995,"Odd Thomas (Odd Thomas, #1)",Dean Koontz,eng,3.94,205986
119324,"The Subtle Knife (His Dark Materials, #2)",Philip Pullman,eng,4.1,242503
22232,"Stargirl (Stargirl, #1)",Jerry Spinelli,eng,3.74,237560
7090447,"The Red Pyramid (Kane Chronicles, #1)",Rick Riordan,eng,4.06,232791
350,Stranger in a Strange Land,Robert A. Heinlein,eng,3.91,220301
10176,Dress Your Family in Corduroy and Denim,David Sedaris,eng,4.08,191923
6319,The BFG,"Roald Dahl, Quentin Blake",eng,4.22,245855
21,A Short History of Nearly Everything,Bill Bryson,en-US,4.19,191535
1852,The Call of the Wild,Jack London,eng,3.83,223932
7864437,"The Death Cure (Maze Runner, #3)",James Dashner,eng,3.77,223674
16793,Stardust,Neil Gaiman,eng,4.07,237602
33917,The Namesake,Jhumpa Lahiri,en-US,3.96,184211
8667848,"A Discovery of Witches (All Souls Trilogy, #1)",Deborah Harkness,eng,3.99,226622
11297,Norwegian Wood,"Haruki Murakami, Jay Rubin",eng,4.02,183988
5168,Where the Heart Is,Billie Letts,en-US,4.0,208333
6567017,"Will Grayson, Will Grayson","John Green, David Levithan",eng,3.84,236431
1241,A Million Little Pieces,James Frey,en-CA,3.62,184241
2282133,"Frostbite (Vampire Academy, #2)",Richelle Mead,eng,4.3,256745
8520610,Quiet: The Power of Introverts in a World That Can't Stop Talking,Susan Cain,eng,4.04,202135
233818,"Island of the Blue Dolphins (Island of the Blue Dolphins, #1)",Scott O'Dell,en-CA,3.8,236015
17250,The Crucible,"Arthur Miller, Christopher Bigsby",eng,3.55,242980
50,"Hatchet (Brian's Saga, #1)",Gary Paulsen,en-US,3.68,222553
68428,"The Final Empire (Mistborn, #1)",Brandon Sanderson,eng,4.43,208944
51496,The Strange Case of Dr. Jekyll and Mr. Hyde,"Robert Louis Stevenson, Vladimir Nabokov, Mervyn Peake, Dan Chaon",eng,3.79,223535
7784,The Lorax,Dr. Seuss,eng,4.35,226564
389627,"Diary of a Wimpy Kid (Diary of a Wimpy Kid, #1)",Jeff Kinney,en-US,3.96,254852
7896527,"Throne of Glass (Throne of Glass, #1)",Sarah J. Maas,eng,4.24,274987
2802316,"Shadow Kiss (Vampire Academy, #3)",Richelle Mead,en-US,4.37,266742
46170,For Whom the Bell Tolls,Ernest Hemingway,eng,3.95,195063
3367956,Hotel on the Corner of Bitter and Sweet,Jamie Ford,eng,3.98,197294
343,Perfume: The Story of a Murderer,"Patrick Süskind, John E. Woods",eng,4.0,178135
1097,Fast Food Nation: The Dark Side of the All-American Meal,Eric Schlosser,eng,3.73,179347
3950967,The Tales of Beedle the Bard,J.K. Rowling,en-US,4.06,284833
22328,Neuromancer,William Gibson,eng,3.88,183878
10799,A Farewell to Arms,Ernest Hemingway,en-US,3.79,186613
391729,The Tell-Tale Heart and Other Writings,Edgar Allan Poe,en-GB,4.15,195689
10534,The Art of War,"Sun Tzu, Thomas Cleary",eng,3.95,167332
11367726,Defending Jacob,William Landay,eng,3.97,182025
4980,Breakfast of Champions,Kurt Vonnegut Jr.,eng,4.08,178154
627206,The New Drawing on the Right Side of the Brain,Betty Edwards,en-US,3.84,218264
5826,Bel Canto,Ann Patchett,eng,3.92,192330
1842,"Guns, Germs, and Steel: The Fates of Human Societies",Jared Diamond,eng,4.0,171558
9375,Fried Green Tomatoes at the Whistle Stop Cafe,Fannie Flagg,,4.26,207508
37781,"Things Fall Apart (The African Trilogy, #1)",Chinua Achebe,en-US,3.61,199346
33722,The Undomestic Goddess,Sophie Kinsella,eng,3.82,200509
567795,The Five Love Languages: How to Express Heartfelt Commitment to Your Mate,Gary Chapman,en-US,4.23,165675
7190,The Three Musketeers,Alexandre Dumas,,4.06,195274
6948436,Little Bee,Chris Cleave,en-US,3.7,116784
3975774,"Evermore (The Immortals, #1)",Alyson Noel,en-US,3.59,230031
6327,The Witches,"Roald Dahl, Quentin Blake",en-US,4.17,221431
40440,The Thirteenth Tale,Diane Setterfield,eng,3.95,213200
6479259,"Spirit Bound (Vampire Academy, #5)",Richelle Mead,eng,4.37,224247
5996153,"Blood Promise (Vampire Academy, #4)",Richelle Mead,en-US,4.35,231853
3478,Message in a Bottle,Nicholas Sparks,en-US,3.95,185116
8683812,The Paris Wife,Paula McLain,eng,3.79,191850
862041,"Harry Potter Boxset (Harry Potter, #1-7)",J.K. Rowling,eng,4.74,190050
16248068,"The Elite (The Selection, #2)",Kiera Cass,eng,4.02,234247
119073,The Name of the Rose,"Umberto Eco, William Weaver, Seán Barrett",en-US,4.11,200217
46799,Go Ask Alice,"Beatrice Sparks, Anonymous",eng,3.77,196677
310612,A Confederacy of Dunces,"John Kennedy Toole, Walker Percy",eng,3.89,170776
92303,The Importance of Being Earnest,Oscar Wilde,eng,4.17,210630
12127750,"The Mark of Athena (The Heroes of Olympus, #3)",Rick Riordan,eng,4.47,277491
34497,"The Color of Magic (Discworld, #1; Rincewind #1)",Terry Pratchett,eng,3.97,190590
4929,Kafka on the Shore,"Haruki Murakami, Philip Gabriel",en-US,4.13,167593
28877,"Red Dragon (Hannibal Lecter, #1)",Thomas Harris,eng,4.01,194013
41804,"I, Robot (Robot #0.1)",Isaac Asimov,eng,4.17,198368
42899,"Dark Lover (Black Dagger Brotherhood, #1)",J.R. Ward,eng,4.21,227021
7791997,"Crescendo (Hush, Hush, #2)",Becca Fitzpatrick,en-US,4.07,226237
6482837,Before I Fall,Lauren Oliver,eng,3.92,220160
9777,The God of Small Things,Arundhati Roy,eng,3.91,165378
18079776,The Invention of Wings,Sue Monk Kidd,en-US,4.23,168006
6469165,What Alice Forgot,Liane Moriarty,eng,4.05,165704
3869,A Brief History of Time,"Stephen Hawking, Cao Chi, Phạm Văn Thiều",eng,4.12,165628
7315573,"Fall of Giants (The Century Trilogy, #1)",Ken Follett,eng,4.26,168911
6320534,Under the Dome,Stephen King,eng,3.89,183292
830,Snow Crash,Neal Stephenson,eng,4.02,175883
51738,Just Listen,Sarah Dessen,en-US,4.06,202180
99107,"Winnie-the-Pooh (Winnie-the-Pooh, #1)","A.A. Milne, Ernest H. Shepard",eng,4.34,207550
9736930,Before I Go to Sleep,S.J. Watson,en-CA,3.87,180896
102868,A Study in Scarlet,Arthur Conan Doyle,eng,4.15,201499
2248573,"Brisingr (The Inheritance Cycle, #3)",Christopher Paolini,eng,4.03,211645
56495,The Purpose Driven Life: What on Earth Am I Here for?,Rick Warren,en-US,3.9,170491
676924,"Betrayed (House of Night, #2)","P.C. Cast, Kristin Cast",en-US,3.93,205340
47212,"Storm Front (The Dresden Files, #1)",Jim Butcher,en-US,4.02,203053
50398,Northanger Abbey,"Jane Austen, Alfred MacAdam",eng,3.8,205167
16101128,"The 5th Wave (The 5th Wave, #1)",Rick Yancey,eng,4.1,260048
10920,Cold Mountain,Charles Frazier,en-US,3.83,185979
767680,If You Give a Mouse a Cookie,"Laura Joffe Numeroff, Felicia Bond",en-US,4.24,198083
42155,"Something Blue (Darcy & Rachel, #2)",Emily Giffin,en-US,3.92,172417
12220,A Streetcar Named Desire,Tennessee Williams,eng,3.97,194493
10692,The Historian,Elizabeth Kostova,eng,3.77,190473
20170404,Station Eleven,Emily St. John Mandel,eng,4.02,160466
18774964,A Man Called Ove,"Fredrik Backman, Henning Koch",eng,4.35,183777
18335634,"Clockwork Princess (The Infernal Devices, #3)",Cassandra Clare,eng,4.59,162099
1078,"The Good Earth (House of Earth, #1)",Pearl S. Buck,eng,3.97,182220
2784,Ways of Seeing,John Berger,eng,3.75,155658
5364,"Dragonfly in Amber (Outlander, #2)",Diana Gabaldon,eng,4.31,178110
1923820,Holy Bible: King James Version,Anonymous,eng,4.43,159457
14758,In Her Shoes,Jennifer Weiner,,3.78,167400
659469,The Hobbit: Graphic Novel,"Chuck Dixon, J.R.R. Tolkien, David Wenzel, Sean Deming",eng,4.48,155338
297673,The Brief Wondrous Life of Oscar Wao,Junot Díaz,eng,3.89,160330
37415,Their Eyes Were Watching God,Zora Neale Hurston,eng,3.87,181106
41899,Fantastic Beasts and Where to Find Them,"Newt Scamander, J.K. Rowling, Albus Dumbledore",eng,3.95,185928
17851885,I Am Malala: The Story of the Girl Who Stood Up for Education and Was Shot by the Taliban,"Malala Yousafzai, Christina Lamb",eng,4.06,214412
45032,Mansfield Park,"Jane Austen, Kathryn Sutherland, Tony Tanner, Claire Lamont",eng,3.84,205064
4069,Man's Search for Meaning,Viktor E. Frankl,eng,4.33,171281
237209,"In the Woods (Dublin Murder Squad, #1)",Tana French,eng,3.74,188024
14743,The God Delusion,Richard Dawkins,eng,3.89,162740
8492825,"Where She Went (If I Stay, #2)",Gayle Forman,en-US,4.06,193141
7069,The World According to Garp,John Irving,eng,4.07,167106
78129,"Killing Floor (Jack Reacher, #1)",Lee Child,eng,4.04,162972
2932,Robinson Crusoe,"Daniel Defoe, Gerald McCann, Virginia Woolf",eng,3.66,178188
28862,The Prince,"Niccolò Machiavelli, Adolph Caso, Rufus Goodwin, Benjamin Martinez",eng,3.78,153128
18122,"The Amber Spyglass (His Dark Materials, #3)",Philip Pullman,eng,4.06,192315
43889,"Wizard's First Rule (Sword of Truth, #1)",Terry Goodkind,eng,4.13,175771
6837103,The Kitchen House,Kathleen Grissom,en-CA,4.18,168082
5113,Franny and Zooey,J.D. Salinger,en-US,3.98,152906
29059,Choke,Chuck Palahniuk,eng,3.69,154643
4934,The Brothers Karamazov,"Fyodor Dostoyevsky, Richard Pevear, Larissa Volokhonsky",eng,4.3,155838
307791,"The City of Ember (Book of Ember, #1)",Jeanne DuPrau,eng,3.85,198809
7670,The Andromeda Strain,Michael Crichton,,3.87,173186
11566,The Green Mile,Stephen King,eng,4.42,173950
2547,The Prophet,Kahlil Gibran,eng,4.22,142641
15196,"Maus I: A Survivor's Tale: My Father Bleeds History (Maus, #1)",Art Spiegelman,eng,4.35,184007
2866718,"Untamed (House of Night, #4)","P.C. Cast, Kristin Cast",en-US,3.95,191743
7967,"Speaker for the Dead (Ender's Saga, #2)",Orson Scott Card,en-US,4.04,164287
11138,Mere Christianity,C.S. Lewis,eng,4.31,184759
29044,The Secret History,Donna Tartt,eng,4.07,168405
4953,A Heartbreaking Work of Staggering Genius,Dave Eggers,eng,3.68,145459
1295,"The Clan of the Cave Bear (Earth's Children, #1)",Jean M. Auel,eng,4.02,176062
3685,Black Beauty,Anna Sewell,eng,3.94,183255
656,War and Peace,"Leo Tolstoy, Henry Gifford, Aylmer Maude, Louise Maude",eng,4.11,168037
28676,American Psycho,Bret Easton Ellis,eng,3.81,166083
38980,"The Princess Diaries (The Princess Diaries, #1)",Meg Cabot,eng,3.76,193140
7061,"The No. 1 Ladies' Detective Agency  (No. 1 Ladies' Detective Agency, #1)",Alexander McCall Smith,eng,3.75,180320
138398,"The Walking Dead, Vol. 01: Days Gone Bye","Robert Kirkman, Tony Moore",en-GB,4.3,164530
70535,"2001: A Space Odyssey (Space Odyssey, #1)",Arthur C. Clarke,eng,4.12,170841
11422,Redeeming Love,Francine Rivers,eng,4.48,157506
27523,"Left Behind (Left Behind, #1)","Tim LaHaye, Jerry B. Jenkins",eng,3.81,161173
18635016,"The One (The Selection, #3)",Kiera Cass,eng,4.21,139544
7938275,"The Hunger Games Trilogy Boxset (The Hunger Games, #1-3)",Suzanne Collins,eng,4.49,129665
1869,Nickel and Dimed: On (Not) Getting By in America,Barbara Ehrenreich,eng,3.6,152786
1358844,Remember Me?,Sophie Kinsella,eng,3.76,170096
233649,"The Great Hunt (Wheel of Time, #2)",Robert Jordan,en-US,4.2,162595
6534,"Postmortem (Kay Scarpetta, #1)",Patricia Cornwell,eng,4.01,167379
23919,The Complete Stories and Poems,Edgar Allan Poe,en-US,4.37,160063
561909,The Hiding Place: The Triumphant True Story of Corrie Ten Boom,"Corrie ten Boom, John Sherrill, Elizabeth Sherrill",en-US,4.42,171384
3590,The Adventures of Sherlock Holmes,Arthur Conan Doyle,eng,4.29,139816
16735,The Prince of Tides,Pat Conroy,eng,4.22,159596
3985,The Amazing Adventures of Kavalier & Clay,Michael Chabon,eng,4.17,147717
4268157,"Perfect Chemistry (Perfect Chemistry, #1)",Simone Elkeles,eng,4.07,198627
34268,Peter Pan,"J.M. Barrie, Michael Hague",en-US,4.1,169306
24768,"Pretties (Uglies, #2)",Scott Westerfeld,eng,3.85,193405
11275,The Wind-Up Bird Chronicle,"Haruki Murakami, Jay Rubin",eng,4.17,133408
79885,"The Lincoln Lawyer (Mickey Haller, #1; Harry Bosch Universe, #16)",Michael Connelly,eng,4.14,149438
49628,Cloud Atlas,David Mitchell,eng,4.01,152441
133518,The Things They Carried,Tim O'Brien,en-US,4.12,168678
114683,Wall and Piece,Banksy,eng,3.83,149453
9593911,"Pandemonium (Delirium, #2)",Lauren Oliver,eng,4.07,181656
17231,"Darkly Dreaming Dexter (Dexter, #1)",Jeff Lindsay,eng,3.89,150055
110494,"Living Dead in Dallas (Sookie Stackhouse, #2)",Charlaine Harris,eng,3.97,190565
34897,"The Dragon Reborn (Wheel of Time, #3)",Robert Jordan,eng,4.23,153809
7733,Gulliver's Travels,"Jonathan Swift, Robert DeMaria Jr.",eng,3.55,168727
12957,Much Ado About Nothing,"William Shakespeare, Barbara A. Mowat, Paul Werstine, Gail Kern Paster, Robert          Jackson",eng,4.06,175616
52357,Beowulf,"Unknown, Seamus Heaney",en-US,3.42,155903
59980,Batman: Year One,"Frank Miller, David Mazzucchelli, Richmond Lewis, Dennis O'Neil",eng,4.23,145267
24817626,Go Set a Watchman,Harper Lee,eng,3.31,138669
1044355,When You Are Engulfed in Flames,David Sedaris,en-US,4.04,150898
8490112,"Daughter of Smoke & Bone (Daughter of Smoke & Bone, #1)",Laini Taylor,eng,4.04,198283
17878931,"Red Queen (Red Queen, #1)",Victoria Aveyard,eng,4.08,83354
12609433,The Power of Habit: Why We Do What We Do in Life and Business,Charles Duhigg,eng,4.03,155977
386187,Midnight in the Garden of Good and Evil,John Berendt,eng,3.9,167997
15717943,"Hopeless (Hopeless, #1)",Colleen Hoover,eng,4.34,189938
3008,A Little Princess,"Frances Hodgson Burnett, Nancy Bond",eng,4.2,199872
51737,The Truth About Forever,Sarah Dessen,en-US,4.13,179415
84119,"The Horse and His Boy (Chronicles of Narnia, #5)",C.S. Lewis,eng,3.9,189671
6527740,"Last Sacrifice (Vampire Academy, #6)",Richelle Mead,eng,4.42,206792
77767,"Little House on the Prairie (Little House, #2)","Laura Ingalls Wilder, Garth Williams",eng,4.18,195424
144974,The Velveteen Rabbit,"Margery Williams Bianco, William   Nicholson",eng,4.29,173469
629,Zen and the Art of Motorcycle Maintenance: An Inquiry Into Values,Robert M. Pirsig,eng,3.76,139411
8909,The War of the Worlds,"H.G. Wells, Arthur C. Clarke",eng,3.8,159752
162085,"Pretty Little Liars (Pretty Little Liars, #1)",Sara Shepard,en-US,3.9,156328
231850,Corduroy,Don Freeman,en-US,4.28,160860
3109,The Omnivore's Dilemma: A Natural History of Four Meals,Michael Pollan,eng,4.17,133271
15790842,Life After Life,Kate Atkinson,eng,3.74,138454
3462,The Rescue,Nicholas Sparks,en-US,4.1,142092
107291,Needful Things,Stephen King,,3.87,153821
10987,"Voyager (Outlander, #3)",Diana Gabaldon,eng,4.38,157395
117251,"Hamlet: Screenplay, Introduction And Film Diary","Kenneth Branagh, William Shakespeare",eng,4.12,156869
10603,Cujo,Stephen King,spa,3.65,158215
10956,The Virgin Suicides,Jeffrey Eugenides,eng,3.83,159249
140077,"Dead to the World (Sookie Stackhouse, #4)",Charlaine Harris,eng,4.13,199572
32261,Tess of the D'Urbervilles,"Thomas Hardy, Tim Dolin, Margaret R. Higonnet",eng,3.77,171599
2175,Madame Bovary,"Gustave Flaubert, Margaret Mauldon, Malcolm Bowie, Mark Overstall",eng,3.64,158877
378,The Phantom Tollbooth,"Norton Juster, Jules Feiffer",en-US,4.22,178432
7235533,"The Way of Kings (The Stormlight Archive, #1)",Brandon Sanderson,eng,4.64,144822
140082,"Club Dead (Sookie Stackhouse, #3)",Charlaine Harris,en-GB,4.03,181323
248704,It's Kind of a Funny Story,Ned Vizzini,en-US,4.14,161001
68429,"The Well of Ascension (Mistborn, #2)",Brandon Sanderson,eng,4.35,150736
25041504,"After You (Me Before You, #2)",Jojo Moyes,eng,3.7,99342
10032672,The Language of Flowers,Vanessa Diffenbaugh,eng,4.07,140076
59960,"Batman: The Dark Knight Returns (The Dark Knight Saga, #1)","Frank Miller, Klaus Janson, Lynn Varley",eng,4.25,135979
13152,"The Angel Experiment (Maximum Ride, #1)",James Patterson,eng,4.08,172302
285092,High Fidelity,Nick Hornby,eng,3.94,134849
15925,The Guardian,Nicholas Sparks,en-US,4.14,136427
46756,"Oryx and Crake (MaddAddam, #1)",Margaret Atwood,eng,4.0,151500
1274,"Men Are from Mars, Women Are from Venus",John Gray,en-US,3.52,113915
33313,Kitchen Confidential: Adventures in the Culinary Underbelly,Anthony Bourdain,eng,4.0,134177
7669,Timeline,Michael Crichton,en-US,3.83,148563
19380,Candide,Voltaire,eng,3.76,151471
84981,Tuck Everlasting,Natalie Babbitt,eng,3.85,174280
10629,Christine,"Stephen King, Marie Milpois",fre,3.72,151160
197084,Are You My Mother?,P.D. Eastman,eng,4.16,174204
222078,The Story of Art,E.H. Gombrich,en-US,3.83,164708
13206760,"Scarlet (The Lunar Chronicles, #2)",Marissa Meyer,eng,4.3,193766
69571,"Rich Dad, Poor Dad",Robert T. Kiyosaki,eng,3.95,153764
10637766,"Silence (Hush, Hush, #3)",Becca Fitzpatrick,eng,4.16,190722
6101718,The Magicians (The Magicians #1),Lev Grossman,eng,3.47,147908
13615,"Death Note, Vol. 1: Boredom (Death Note, #1)","Tsugumi Ohba, Takeshi Obata",eng,4.42,139501
3682,"A Great and Terrible Beauty (Gemma Doyle, #1)",Libba Bray,eng,3.79,173613
256566,Everything Is Illuminated,Jonathan Safran Foer,eng,3.9,131492
15769,"The Bourne Supremacy (Jason Bourne, #2)",Robert Ludlum,en-US,4.09,142168
16056408,"Easy (Contours of the Heart, #1)",Tammara Webber,en-CA,4.11,133937
58696,David Copperfield,"Charles Dickens, Jeremy Tambling",eng,3.96,150512
693208,The Absolutely True Diary of a Part-Time Indian,"Sherman Alexie, Ellen Forney",eng,4.11,160607
117833,The Master and Margarita,"Mikhail Bulgakov, Katherine Tiernan O'Connor, Diana Burgin, Ellendea Proffer",eng,4.32,131389
13642,"A Wizard of Earthsea (Earthsea Cycle, #1)",Ursula K. Le Guin,en-US,3.99,155042
357664,Because of Winn-Dixie,"Kate DiCamillo, Chris Sheban",eng,4.0,154476
5148,A Separate Peace,John Knowles,en-US,3.56,155901
5349,The Rainmaker,John Grisham,eng,3.91,137412
3836,Don Quixote,"Miguel de Cervantes Saavedra, Roberto González Echevarría, John Rutherford",eng,3.85,134931
45107,"Assassin's Apprentice (Farseer Trilogy, #1)",Robin Hobb,eng,4.14,132777
8695,"The Restaurant at the End of the Universe (Hitchhiker's Guide, #2)",Douglas Adams,eng,4.22,153838
7740152,"Torment (Fallen, #2)",Lauren Kate,eng,3.89,174393
19321,The Tale of Peter Rabbit,Beatrix Potter,eng,4.17,162373
65641,"The Silver Chair (Chronicles of Narnia, #4)","C.S. Lewis, Pauline Baynes",eng,3.95,170453
2767793,"The Hero of Ages (Mistborn, #3)",Brandon Sanderson,eng,4.46,143622
68783,"Girl, Interrupted",Susanna Kaysen,eng,3.9,145161
40173,"Are You There, Vodka? It's Me, Chelsea",Chelsea Handler,,3.85,127096
71728,Jonathan Livingston Seagull,"Richard Bach, Russell Munson",en-US,3.8,133728
8755785,"City of Heavenly Fire (The Mortal Instruments, #6)",Cassandra Clare,eng,4.48,177796
310259,Love You Forever,"Robert Munsch, Sheila McGraw",en-GB,4.34,159703
10567,Cell,Stephen King,en-US,3.64,144591
16158542,The Boys in the Boat: Nine Americans and Their Epic Quest for Gold at the 1936 Berlin Olympics,Daniel James Brown,eng,4.32,113565
7332,The Silmarillion (Middle-Earth Universe),"J.R.R. Tolkien, Christopher Tolkien, Ted Nasmith",eng,3.87,134106
5094,"The Drawing of the Three (The Dark Tower, #2)",Stephen King,eng,4.23,139052
3407877,The Forgotten Garden,Kate Morton,en-GB,4.12,138377
17690,The Trial,"Franz Kafka, Edwin Muir, Willa Muir, Max Brod",eng,3.98,131856
22205,This Lullaby,Sarah Dessen,eng,4.03,151829
14864,Plain Truth,Jodi Picoult,eng,3.97,128406
6314763,Orange Is the New Black,Piper Kerman,eng,3.7,127186
8921,The Hound of the Baskervilles,"Arthur Conan Doyle, Anne Perry",eng,4.09,154517
11468377,"Thinking, Fast and Slow",Daniel Kahneman,eng,4.08,136950
402045,"The Mists of Avalon (Avalon, #1)",Marion Zimmer Bradley,eng,4.12,157736
37732,"Are You There God? It's Me, Margaret",Judy Blume,eng,3.89,151789
15926,Nights in Rodanthe,Nicholas Sparks,eng,3.82,129807
18775247,"Mr. Mercedes (Bill Hodges Trilogy, #1)",Stephen King,eng,3.92,125847
140075,"All Together Dead (Sookie Stackhouse, #7)",Charlaine Harris,eng,4.05,162689
5166,Midwives,Chris Bohjalian,en-US,3.97,133155
420282,The Polar Express,Chris Van Allsburg,en-US,4.29,168001
125507,The True Story of the 3 Little Pigs,"Jon Scieszka, Lane Smith",en-GB,4.29,141945
32682,"Patriot Games (Jack Ryan Universe, #2)",Tom Clancy,eng,4.11,141674
1431,Veronika Decides to Die,"Paulo Coelho, Margaret Jull Costa",eng,3.69,111856
16071764,"Lean In: Women, Work, and the Will to Lead","Sheryl Sandberg, Nell Scovell",eng,3.94,135635
170210,"Dead as a Doornail (Sookie Stackhouse, #5)",Charlaine Harris,eng,4.01,169560
10429045,"Shatter Me (Shatter Me, #1)",Tahereh Mafi,en-US,4.01,176433
17214,Starship Troopers,Robert A. Heinlein,en-CA,3.99,136886
12033455,I've Got Your Number,Sophie Kinsella,eng,3.93,144533
10959,Sophie's World,"Jostein Gaarder, Paulette Møller",eng,3.88,109692
11260526,"The Twilight Saga Breaking Dawn Part 1: The Official Illustrated Movie Companion (The Twilight Saga: The Official Illustrated Movie Companion, #4)",Mark Cotta Vaz,eng,4.3,188136
76778,The Martian Chronicles,Ray Bradbury,en-US,4.12,143236
7331435,A Visit from the Goon Squad,Jennifer Egan,eng,3.64,120126
93,Heidi,"Johanna Spyri, Angelo  Rinaldi, Beverly Cleary",eng,3.97,144497
83763,Prey,Michael Crichton,,3.72,131352
84369,"The Last Battle (Chronicles of Narnia, #7)",C.S. Lewis,eng,4.02,158701
5064,"World Without End (The Kingsbridge Series, #2)",Ken Follett,eng,4.23,128715
1326258,"Chosen (House of Night, #3)","P.C. Cast, Kristin Cast",en-US,3.9,180961
13372690,"Slammed (Slammed, #1)",Colleen Hoover,eng,4.29,153882
544891,"Beastly (Beastly, #1; Kendra Chronicles, #1)",Alex Flinn,eng,3.84,150003
2696,The Canterbury Tales,"Geoffrey Chaucer, Nevill Coghill",eng,3.48,148480
42149,Baby Proof,Emily Giffin,en-US,3.71,124371
7664041,"Inheritance (The Inheritance Cycle, #4)",Christopher Paolini,en-US,4.08,146905
10357575,1Q84,"Haruki Murakami, Jay Rubin, Philip Gabriel",eng,3.89,125195
46787,Uncle Tom's Cabin,Harriet Beecher Stowe,eng,3.83,137858
480204,The Phantom of the Opera,"Gaston Leroux, Alexander Teixeira de Mattos",eng,3.97,141110
140079,"Definitely Dead (Sookie Stackhouse, #6)",Charlaine Harris,en-US,4.02,163054
2526,Blindness,"José Saramago, Giovanni Pontiero",en-US,4.08,98738
7905092,Freedom,Jonathan Franzen,en-US,3.73,119213
15812814,"Crossed (Matched, #2)",Ally Condie,eng,3.52,100886
852470,"I'd Tell You I Love You, But Then I'd Have to Kill You (Gallagher Girls, #1)",Ally Carter,en-US,3.82,150222
1768603,The White Tiger,Aravind Adiga,eng,3.71,114531
3805,The Corrections,Jonathan Franzen,eng,3.78,117657
88061,Dreams from My Father: A Story of Race and Inheritance,Barack Obama,eng,3.81,128961
7672,Congo,Michael Crichton,eng,3.55,129811
46677,"Alexander and the Terrible, Horrible, No Good, Very Bad Day","Judith Viorst, Ray Cruz",en-CA,4.22,146073
5439,Interpreter of Maladies,Jhumpa Lahiri,eng,4.12,110651
2767,A People's History of the United States,Howard Zinn,eng,4.07,137372
251688,Breakfast at Tiffany's,Truman Capote,eng,3.89,129778
6690798,"The Passage (The Passage, #1)",Justin Cronin,eng,4.04,126993
2744,Anansi Boys,Neil Gaiman,eng,4.0,137639
5664985,Along for the Ride,Sarah Dessen,eng,4.08,151721
18693763,Everything I Never Told You,Celeste Ng,eng,3.78,108703
9328,The House of the Spirits,"Isabel Allende, Magda Bogin",en-US,4.2,119930
11573,The Dead Zone,Stephen King,en-US,3.9,132723
16343,"The Mysterious Affair at Styles (Hercule Poirot, #1)","Agatha Christie, Ροζίτα Σώκου",eng,3.98,135514
16304,"Murder on the Orient Express (Hercule Poirot, #10)",Agatha Christie,eng,4.16,138444
15796700,Americanah,Chimamanda Ngozi Adichie,eng,4.26,113252
7494,Suzanne's Diary for Nicholas,James Patterson,eng,4.16,121398
233667,Firestarter,Stephen King,eng,3.85,142213
15731779,"Entwined with You (Crossfire, #3)",Sylvia Day,eng,4.19,141641
6289283,"Born to Run: A Hidden Tribe, Superathletes, and the Greatest Race the World Has Never Seen",Christopher McDougall,eng,4.27,109642
18293427,The Storied Life of A.J. Fikry,Gabrielle Zevin,eng,3.98,115393
475339,Madeline,Ludwig Bemelmans,en-GB,4.22,156726
1005,Think and Grow Rich: The Landmark Bestseller - Now Revised and Updated for the 21st Century,Napoleon Hill,eng,4.17,87445
8337,"Little House in the Big Woods (Little House, #1)","Laura Ingalls Wilder, Garth Williams",eng,4.16,165127
14201,Jonathan Strange & Mr Norrell,Susanna Clarke,eng,3.8,133683
3463,A Bend in the Road,Nicholas Sparks,eng,4.02,116800
12127810,"The House of Hades (The Heroes of Olympus, #4)",Rick Riordan,eng,4.54,159774
2536134,"Gone (Gone, #1)",Michael  Grant,eng,3.85,144606
3466,"The Wedding (The Notebook, #2)",Nicholas Sparks,en-US,3.98,118045
1067,1776,David McCullough,eng,4.06,130293
10847,Under the Banner of Heaven: A Story of Violent Faith,Jon Krakauer,eng,3.98,112167
11447921,Beautiful Ruins,Jess Walter,eng,3.67,116053
9742,The Audacity of Hope: Thoughts on Reclaiming the American Dream,Barack Obama,en-US,3.69,110873
10569,On Writing: A Memoir of the Craft,Stephen King,eng,4.31,131481
1472878,"Firefly Lane (Firefly Lane, #1)",Kristin Hannah,en-US,4.04,121966
455373,Sphere,Michael Crichton,eng,3.77,128244
2120652,Love the One You're With,Emily Giffin,en-US,3.7,124812
18214414,"The Silkworm (Cormoran Strike, #2)","Robert Galbraith, J.K. Rowling",eng,4.03,120008
43814,"The Vampire Lestat (The Vampire Chronicles, #2)",Anne Rice,eng,4.05,141299
9118135,State of Wonder,Ann Patchett,eng,3.85,124837
13539044,The Silver Linings Playbook,Matthew Quick,en-US,4.0,110939
33507,Twenty Thousand Leagues Under the Sea,"Jules Verne, Anthony Bonner",eng,3.86,121112
16181,"The Constant Princess (The Plantagenet and Tudor Novels, #6)",Philippa Gregory,en-US,3.88,124786
14942,Mrs. Dalloway,"Virginia Woolf, Maureen Howard",en-US,3.78,136327
13486632,The Hundred-Year-Old Man Who Climbed Out of the Window and Disappeared,"Jonas Jonasson, Rod Bradbury",en-GB,3.81,92275
10589,Bag of Bones,Stephen King,en-US,3.87,131004
4687,The Cider House Rules,John Irving,eng,4.1,124876
10605,Thinner,"Richard Bachman, Stephen King",en-GB,3.66,130219
54479,Around the World in Eighty Days,"Jules Verne, Michael Glencross, Brian W. Aldiss",eng,3.9,117108
53496,Walk Two Moons,Sharon Creech,eng,3.95,129350
1430,Eleven Minutes,"Paulo Coelho, Margaret Jull Costa",eng,3.69,102206
4009,Nine Stories,J.D. Salinger,eng,4.19,105138
13747,"Julie and Julia: 365 Days, 524 Recipes, 1 Tiny Apartment Kitchen: How One Girl Risked Her Marriage, Her Job, and Her Sanity to Master the Art of Living",Julie Powell,eng,3.67,121373
764347,"Unwind (Unwind, #1)",Neal Shusterman,eng,4.18,143892
10988,"Drums of Autumn (Outlander, #4)",Diana Gabaldon,eng,4.34,123736
13414446,"Prodigy (Legend, #2)",Marie Lu,eng,4.29,149702
12938,King Lear,William Shakespeare,eng,3.89,135448
12898,Death of a Salesman,Arthur Miller,eng,3.49,132061
531350,The Choice,Nicholas Sparks,en-US,3.99,93479
11742691,The Hunger Games: Official Illustrated Movie Companion,Kate Egan,en-US,4.51,119915
10975,The Sound and the Fury,William Faulkner,eng,3.86,124665
76334,A New Earth: Awakening to Your Life's Purpose,Eckhart Tolle,eng,4.02,106211
2880,"Bleach, Volume 01",Tite Kubo,eng,4.21,120004
17571564,"Hyperbole and a Half: Unfortunate Situations, Flawed Coping Mechanisms, Mayhem, and Other Things That Happened",Allie Brosh,eng,4.17,118910
9539,"The Shadow Rising (Wheel of Time, #4)",Robert Jordan,en-US,4.21,122524
33600,Shantaram,Gregory David Roberts,eng,4.26,95213
2233407,"From Dead to Worse (Sookie Stackhouse, #8)",Charlaine Harris,eng,4.01,151095
34084,"The Waste Lands (The Dark Tower, #3)","Stephen King, Ned Dameron",eng,4.24,117483
2373,"The Bone Collector (Lincoln Rhyme, #1)",Jeffery Deaver,en-US,4.18,120541
101299,The Reader,"Bernhard Schlink, Carol Brown Janeway",eng,3.73,119911
759611,"Brown Bear, Brown Bear, What Do You See?","Bill Martin Jr., Eric Carle",eng,4.19,125668
77566,"Hyperion (Hyperion Cantos, #1)",Dan Simmons,eng,4.21,122225
5308,The Pearl,John Steinbeck,eng,3.41,133264
179780,The Exorcist,William Peter Blatty,en-US,4.14,124467
7937462,"The Short Second Life of Bree Tanner: An Eclipse Novella (Twilight, #3.5)",Stephenie Meyer,eng,3.51,145874
77142,Snow Falling on Cedars,David Guterson,eng,3.8,131945
546018,Roots: The Saga of an American Family,Alex Haley,en-US,4.42,118951
96358,Batman: The Killing Joke,"Alan Moore, Brian Bolland, Tim Sale",eng,4.36,113855
16981,Invisible Man,Ralph Ellison,eng,3.84,123073
43015,A Long Way Gone: Memoirs of a Boy Soldier,Ishmael Beah,en-US,4.14,116260
9822,"Mrs. Frisby and the Rats of NIMH (Rats of NIMH, #1)",Robert C. O'Brien,,4.13,135978
39662,Different Seasons,Stephen King,eng,4.34,105961
114345,"The Little House Collection (Little House, #1-9)","Laura Ingalls Wilder, Garth Williams",,4.33,124320
33926,The Girls' Guide to Hunting and Fishing,Melissa Bank,,3.29,113977
13453029,"Wool Omnibus (Silo, #1)",Hugh Howey,eng,4.24,81982
28881,"Lamb: The Gospel According to Biff, Christ's Childhood Pal",Christopher Moore,en-US,4.26,118576
6708,The Power of Now: A Guide to Spiritual Enlightenment,Eckhart Tolle,eng,4.1,104549
12868761,Let's Pretend This Never Happened: A Mostly True Memoir,Jenny  Lawson,eng,3.9,118475
127455,"The Lies of Locke Lamora (Gentleman Bastard, #1)",Scott Lynch,eng,4.3,118751
518848,"Sabriel (Abhorsen,  #1)",Garth Nix,en-US,4.17,137047
5161066,"Dead and Gone (Sookie Stackhouse, #9)",Charlaine Harris,eng,4.01,145157
15753740,The Storyteller,Jodi Picoult,eng,4.26,109313
12578077,"Obsidian (Lux, #1)",Jennifer L. Armentrout,eng,4.23,164832
8694,"Life, the Universe and Everything (Hitchhiker's Guide, #3)",Douglas Adams,eng,4.19,131562
17167166,"Crown of Midnight (Throne of Glass, #2)",Sarah J. Maas,en-CA,4.49,160485
29800,"Scott Pilgrim, Volume 1: Scott Pilgrim's Precious Little Life",Bryan Lee O'Malley,eng,4.18,126864
6366437,Half Broke Horses,Jeannette Walls,eng,4.05,110597
386372,"Mort (Death, #1; Discworld, #4)",Terry Pratchett,eng,4.22,128450
6644117,"The Iron King (The Iron Fey, #1)",Julie Kagawa,eng,3.92,158063
256008,Lonesome Dove,Larry McMurtry,en-US,4.47,111498
32145,Stiff: The Curious Lives of Human Cadavers,Mary Roach,eng,4.05,122502
8709527,"Bloodlines (Bloodlines, #1)",Richelle Mead,en-US,4.22,140599
9532,"Ender's Shadow (Ender's Shadow, #1)",Orson Scott Card,eng,4.3,115521
6063187,Twenties Girl,Sophie Kinsella,eng,3.82,119105
375013,Schindler's List,Thomas Keneally,eng,4.34,108338
11337,The Bluest Eye,Toni Morrison,eng,3.99,109944
5971165,"The White Queen (The Plantagenet and Tudor Novels, #2)",Philippa Gregory,eng,3.9,119739
92057,The Autobiography of Malcolm X,"Malcolm X, Alex Haley",eng,4.29,124805
23754,Preludes & Nocturnes (The Sandman #1),"Neil Gaiman, Sam Kieth, Mike Dringenberg, Malcolm Jones III, Todd Klein, Karen  Berger",eng,4.3,122540
110737,Seabiscuit: An American Legend,Laura Hillenbrand,en-US,4.2,111497
21686,Shutter Island,Dennis Lehane,eng,4.07,113718
188572,The Complete Sherlock Holmes,Arthur Conan Doyle,eng,4.5,109754
13006,Julius Caesar,"William Shakespeare, Roma Gill",eng,3.65,119933
9938498,"In the Garden of Beasts: Love, Terror, and an American Family in Hitler's Berlin",Erik Larson,eng,3.81,110481
30289,The Republic,"Plato, Desmond Lee",eng,3.9,110274
47021,The Taming of the Shrew,William Shakespeare,en-US,3.81,126318
13206828,"Cress (The Lunar Chronicles, #3)",Marissa Meyer,eng,4.46,162069
341879,Just Kids,Patti Smith,en-US,4.14,106542
567616,The Art Book,Phaidon Press,eng,3.79,102746
227941,Jemima J,Jane Green,en-US,3.62,101436
30597,The Hunchback of Notre-Dame,"Victor Hugo, Walter J. Cobb",eng,3.97,119851
5211,A Fine Balance,Rohinton Mistry,eng,4.34,99252
77727,Calvin and Hobbes,"Bill Watterson, G.B. Trudeau",en-US,4.61,117788
24765,"Specials (Uglies, #3)",Scott Westerfeld,eng,3.77,139168
58345,The Awakening,Kate Chopin,eng,3.63,125474
4134071,"Hunted (House of Night, #5)","P.C. Cast, Kristin Cast",eng,3.93,138103
10929,For One More Day,Mitch Albom,en-US,4.09,102193
32669,"Clear and Present Danger (Jack Ryan Universe, #6)",Tom Clancy,eng,4.08,105317
30120,Falling Up,Shel Silverstein,en-US,4.33,111779
7821447,Sh*t My Dad Says,Justin Halpern,,3.98,102560
23955,Trainspotting,"Irvine Welsh, Eric Lindor Fall",fre,4.07,59453
29581,Foundation and Empire (Foundation #2),Isaac Asimov,eng,4.2,105595
6596,The Four Agreements: A Practical Guide to Personal Freedom,Miguel Ruiz,,4.12,97016
6614960,House Rules,Jodi Picoult,en-US,4.01,111239
22917,The Complete Grimm's Fairy Tales,"Jacob Grimm, Wilhelm Grimm, Josef Scharl, Padraic Colum, Joseph Campbell, Margaret Raine Hunt, James Stern",eng,4.31,116324
3980,From the Mixed-Up Files of Mrs. Basil E. Frankweiler,E.L. Konigsburg,eng,4.15,134537
16130549,"Doctor Sleep (The Shining, #2)",Stephen King,eng,4.1,95276
4271,About a Boy,Nick Hornby,en-US,3.79,101999
15760001,"On Dublin Street (On Dublin Street, #1)",Samantha Young,eng,4.24,136761
3206011,Crazy Love: Overwhelmed by a Relentless God,"Francis Chan, Danae Yankoski, Chris Tomlin",eng,4.15,106351
7770,"One Fish, Two Fish, Red Fish, Blue Fish",Dr. Seuss,,4.12,117582
32423,Watchers,Dean Koontz,,4.16,109595
821611,The Story of My Life,Helen Keller,eng,4.07,107313
6224935,This is Where I Leave You,Jonathan Tropper,eng,3.88,98645
7108001,Abraham Lincoln: Vampire Hunter,Seth Grahame-Smith,en-US,3.7,106336
271199,"Fruits Basket, Vol. 1","Natsuki Takaya, Alethea Nibley, Athena Nibley",eng,4.23,118467
12985,The Tempest,William Shakespeare,en-US,3.8,125178
6917952,"Burned (House of Night, #7)","P.C. Cast, Kristin Cast",eng,3.98,120763
5096,"Wizard and Glass (The Dark Tower, #4)","Stephen King, Dave McKean",eng,4.24,105026
18302455,The Circle,Dave Eggers,eng,3.46,109412
9673436,The Invention of Hugo Cabret,Brian Selznick,eng,4.23,132159
5479,Brave New World / Brave New World Revisited,"Aldous Huxley, Christopher Hitchens",eng,4.16,108124
1087204,"Ouran High School Host Club, Vol. 1 (Ouran High School Host Club, #1)",Bisco Hatori,eng,4.36,113881
18812405,The Good Girl,Mary Kubica,eng,3.81,100936
16070903,"Fallen Too Far (Rosemary Beach, #1; Too Far, #1)",Abbi Glines,eng,4.21,138871
18081809,Landline,Rainbow Rowell,eng,3.55,113805
6262365,"Tempted (House of Night, #6)","P.C. Cast, Kristin Cast",eng,3.96,127387
12497,No Country for Old Men,Cormac McCarthy,eng,4.12,100513
6101138,"Wolf Hall (Thomas Cromwell, #1)",Hilary Mantel,eng,3.85,102936
6294,"Howl's Moving Castle (Howl's Moving Castle, #1)",Diana Wynne Jones,eng,4.3,123945
11570,Dreamcatcher,"Stephen King, William Olivier Desmond",fre,3.59,115855
16902,Walden,Henry David Thoreau,eng,3.79,108062
28921,The Remains of the Day,Kazuo Ishiguro,eng,4.1,105892
10766509,The Best of Me,Nicholas Sparks,en-US,3.91,103915
10746542,The Sense of an Ending,Julian Barnes,eng,3.7,94968
64863,"A is for Alibi (Kinsey Millhone, #1)",Sue Grafton,en-US,3.82,116026
1554,"Oedipus Rex  (The Theban Plays, #1)","Sophocles, J.E. Thomas",eng,3.67,119496
5960325,Shanghai Girls (Shanghai Girls #1),Lisa See,eng,3.87,106729
5659,The Wind in the Willows,"Kenneth Grahame, Gillian Avery",eng,3.98,124612
15749186,"To All the Boys I've Loved Before (To All the Boys I've Loved Before, #1)",Jenny Han,eng,4.11,136938
9516,"Persepolis: The Story of a Childhood (Persepolis, #1)","Marjane Satrapi, Mattias Ripa",eng,4.23,117103
3087,A Room with a View,E.M. Forster,eng,3.91,109994
6931356,The DUFF: Designated Ugly Fat Friend,Kody Keplinger,en-US,3.86,136736
1295102,Lock and Key,Sarah Dessen,eng,4.01,120475
268602,"Naked in Death (In Death, #1)",J.D. Robb,en-US,4.13,78028
5355,The Chamber,John Grisham,eng,3.76,102715
4502877,"Midnight Sun (Twilight, #1.5)",Stephenie Meyer,eng,4.03,138118
204042,"Naruto, Vol. 01: The Tests of the Ninja (Naruto, #1)","Masashi Kishimoto, Katy Bridges",eng,4.35,104633
13227454,"The Unlikely Pilgrimage of Harold Fry (Harold Fry, #1)",Rachel Joyce,eng,3.89,94012
13262783,"Every Day (Every Day, #1)",David Levithan,eng,3.99,121863
8648,"Xenocide (Ender's Saga, #3)",Orson Scott Card,eng,3.77,104467
24128,The Merchant of Venice,"William Shakespeare, Robert          Jackson, Barbara A. Mowat, Paul Werstine",eng,3.78,115621
402093,"Shōgun (Asian Saga, #1)",James Clavell,eng,4.37,104339
42900,"Lover Awakened (Black Dagger Brotherhood, #3)",J.R. Ward,eng,4.45,134249
16096824,"A Court of Thorns and Roses (A Court of Thorns and Roses, #1)",Sarah J. Maas,eng,4.29,167848
13584236,"Fifty Shades Trilogy (Fifty Shades, #1-3)",E.L. James,,4.13,76876
293595,Chicka Chicka Boom Boom,"Bill Martin Jr., John Archambault, Lois Ehlert",eng,4.21,105192
6393631,Smile,Raina Telgemeier,eng,4.19,98628
5472,Animal Farm / 1984,"George Orwell, Christopher Hitchens",eng,4.26,116197
5161,"The Deep End of the Ocean (Cappadora Family, #1)",Jacquelyn Mitchard,en-US,3.84,102733
12555,The Bonesetter's Daughter,Amy Tan,en-US,3.98,99926
402013,"Angus, Thongs and Full-Frontal Snogging (Confessions of Georgia Nicolson, #1)",Louise Rennison,eng,3.74,112733
13538873,"Mr. Penumbra's 24-Hour Bookstore (Mr. Penumbra's 24-Hour Bookstore, #1)",Robin Sloan,eng,3.75,110552
43448,"Flowers in the Attic (Dollanganger, #1)",V.C. Andrews,eng,3.79,109063
25899336,When Breath Becomes Air,"Paul Kalanithi, Abraham Verghese",eng,4.32,116771
139463,Maniac Magee,Jerry Spinelli,eng,3.86,99831
22290,Invisible Monsters,Chuck Palahniuk,eng,4.0,54937
1625,Twelfth Night,William Shakespeare,eng,3.97,119607
12936,"Gathering Blue (The Giver, #2)",Lois Lowry,eng,3.8,114917
902,The Westing Game,Ellen Raskin,eng,4.03,117108
15839976,"Red Rising (Red Rising, #1)",Pierce Brown,eng,4.26,104939
3227063,"The Way of Shadows (Night Angel, #1)",Brent Weeks,en-US,4.15,109236
30868,"The Bean Trees (Greer Family, #1)",Barbara Kingsolver,eng,3.94,105032
15745950,"Walking Disaster (Beautiful, #2)",Jamie McGuire,eng,4.23,134022
17332218,"Words of Radiance (The Stormlight Archive, #2)",Brandon Sanderson,eng,4.77,73572
301736,Guess How Much I Love You,"Sam McBratney, Anita Jeram",en-US,4.36,104690
10967,"The Fiery Cross (Outlander, #5)",Diana Gabaldon,eng,4.26,103552
10628,Night Shift,"Stephen King, John D. MacDonald",en-GB,3.96,104248
126232,Jaws,Peter Benchley,eng,3.96,102574
3867,The History of Love,Nicole Krauss,eng,3.91,98379
19302,Pippi Longstocking,"Astrid Lindgren, Lauren Child, Florence Lamborn, Nancy Seligsohn",eng,4.11,123065
2967752,The Elegance of the Hedgehog,"Muriel Barbery, Alison Anderson",eng,3.73,101669
2199,Team of Rivals: The Political Genius of Abraham Lincoln,"Doris Kearns Goodwin, Suzanne Toren",eng,4.3,102923
7091488,"Dead in the Family (Sookie Stackhouse, #10)",Charlaine Harris,en-US,3.88,127379
11989,The Plague,"Albert Camus, Stuart Gilbert",en-US,3.97,95803
78418,"The Reptile Room (A Series of Unfortunate Events, #2)","Lemony Snicket, Brett Helquist",eng,3.95,130213
13547180,Brain on Fire: My Month of Madness,Susannah Cahalan,eng,4.0,92849
305234,"Wicked Lovely (Wicked Lovely, #1)",Melissa Marr,en-US,3.69,131034
420297,Curious George,H.A. Rey,en-CA,4.13,105473
27712,The Neverending Story,"Michael Ende, Ralph Manheim, Roswitha Quadflieg",eng,4.17,109110
13912,A Beautiful Mind,Sylvia Nasar,en-GB,4.12,98276
41681,The Jungle,"Upton Sinclair, Earl Lee, Kathleen DeGrave",eng,3.72,97468
2800905,"The Summoning (Darkest Powers, #1)",Kelley Armstrong,en-US,4.03,132285
63697,The Man Who Mistook His Wife for a Hat and Other Clinical Tales,Oliver Sacks,en-US,4.04,102419
92364,Eye of the Needle,Ken Follett,en-US,4.16,93475
78433,The Blind Assassin,Margaret Atwood,eng,3.95,98464
23164983,"Hollow City (Miss Peregrine’s Peculiar Children, #2)",Ransom Riggs,eng,4.07,73149
359770,House of Sand and Fog,Andre Dubus III,eng,3.83,55381
17235026,The Girl with All the Gifts,M.R. Carey,eng,3.93,99729
77013,As I Lay Dying,William Faulkner,eng,3.72,103547
98573,Harold and the Purple Crayon,Crockett Johnson,eng,4.24,107221
35729,"Lover Eternal (Black Dagger Brotherhood, #2)",J.R. Ward,eng,4.35,137558
29580,Second Foundation (Foundation #3),Isaac Asimov,eng,4.23,96865
91477,"Fool Moon (The Dresden Files, #2)",Jim Butcher,eng,4.04,111371
15751404,"David and Goliath: Underdogs, Misfits, and the Art of Battling Giants",Malcolm Gladwell,eng,3.9,90083
870,"Fullmetal Alchemist, Vol. 1 (Fullmetal Alchemist, #1)","Hiromu Arakawa, Akira Watanabe",eng,4.49,93990
64216,"Guards! Guards! (Discworld, #8)",Terry Pratchett,eng,4.32,108652
7815,The Year of Magical Thinking,Joan Didion,eng,3.86,94590
80660,We Need to Talk About Kevin,Lionel Shriver,eng,4.07,101343
112537,"Rendezvous with Rama (Rama, #1)",Arthur C. Clarke,eng,4.06,93151
43758,"The Queen of the Damned (The Vampire Chronicles, #3)",Anne Rice,eng,3.86,110693
53835,The Age of Innocence,"Edith Wharton, Maureen Howard",eng,3.93,102646
61535,The Selfish Gene,Richard Dawkins,eng,4.11,96564
4965,Year of Wonders,Geraldine Brooks,eng,4.0,104283
32508,"The Black Echo (Harry Bosch, #1; Harry Bosch Universe, #1)",Michael Connelly,eng,4.08,98591
667,Anthem,Ayn Rand,eng,3.62,95620
10140661,"Gabriel's Inferno (Gabriel's Inferno, #1)",Sylvain Reynard,eng,4.02,119633
8073,Cloudy With a Chance of Meatballs,"Judi Barrett, Ron Barrett",eng,4.15,104677
6643090,Major Pettigrew's Last Stand,Helen Simonson,eng,3.87,97745
5598113,"Vision in White (Bride Quartet, #1)",Nora Roberts,eng,4.1,103933
10909,The Tenth Circle,Jodi Picoult,eng,3.48,99170
9067850,"The Throne of Fire (Kane Chronicles, #2)",Rick Riordan,eng,4.2,116360
51964,"Old Man's War (Old Man's War, #1)",John Scalzi,eng,4.23,97653
32692,Gerald's Game,Stephen King,eng,3.47,100158
6427,"Two for the Dough (Stephanie Plum, #2)",Janet Evanovich,eng,4.11,116171
327847,The Joy of Cooking,"Irma S. Rombauer, Marion Rombauer Becker, Ethan Becker",,4.14,102348
21611,"The Forever War (The Forever War, #1)",Joe Haldeman,eng,4.15,87636
10585,Insomnia,"Stephen King, Bettina Blanch Tyroller",spa,3.79,100972
7603,Reading Lolita in Tehran,Azar Nafisi,eng,3.57,94696
944073,"The Blade Itself (The First Law, #1)",Joe Abercrombie,eng,4.14,97501
114955,"The Arctic Incident (Artemis Fowl, #2)",Eoin Colfer,eng,3.94,108031
7354,The Shipping News,Annie Proulx,eng,3.83,103151
22318578,The Life-Changing Magic of Tidying Up: The Japanese Art of Decluttering and Organizing,"Marie Kondō, Cathy Hirano",eng,3.77,105063
18460392,All the Bright Places,"Jennifer Niven, فرانک معنوی",eng,4.19,132087
231604,"Déjà Dead (Temperance Brennan, #1)",Kathy Reichs,eng,3.86,100369
17402605,"The Alchemyst (The Secrets of the Immortal Nicholas Flamel, #1)",Michael Scott,eng,3.84,58396
10964693,The Marriage Plot,Jeffrey Eugenides,eng,3.42,90551
16527,Daughter of Fortune,"Isabel Allende, Margaret Sayers Peden",eng,3.89,89770
22609317,Luckiest Girl Alive,Jessica Knoll,eng,3.48,82504
270730,"Crank (Crank, #1)",Ellen Hopkins,eng,4.16,104168
17675462,"The Raven Boys (The Raven Cycle, #1)",Maggie Stiefvater,eng,4.05,121727
547094,I Am Legend and Other Stories,Richard Matheson,eng,3.99,98795
1736739,Olive Kitteridge,Elizabeth Strout,eng,3.78,85019
20588698,"Not That Kind of Girl: A Young Woman Tells You What She's ""Learned""","Lena Dunham, Joana Avillez",eng,3.33,88251
76865,Good to Great: Why Some Companies Make the Leap... and Others Don't,James C. Collins,eng,4.04,85277
6137154,"Fire (Graceling Realm, #2)",Kristin Cashore,en-US,4.12,98180
17716,Waiting for Godot,Samuel Beckett,eng,3.81,98950
43035,White Fang,Jack London,eng,3.94,100223
4978,"Wolves of the Calla (The Dark Tower, #5)","Stephen King, Bernie Wrightson",eng,4.17,98182
18116,His Dark Materials (His Dark Materials #1-3),Philip Pullman,eng,4.25,88227
16081272,"The Edge of Never (The Edge of Never, #1)",J.A. Redmerski,en-US,4.26,117508
15776309,Reconstructing Amelia,Kimberly McCreight,eng,3.82,86965
18693716,One Plus One,Jojo Moyes,eng,3.94,87412
11899,The Hours,Michael Cunningham,en-US,3.91,97462
15858248,"Wallbanger (Cocktail, #1)",Alice Clayton,eng,4.1,134805
4136,Holidays on Ice,David Sedaris,eng,3.95,82591
10584,Desperation,Stephen King,eng,3.8,94821
9369720,"Passion (Fallen, #3)",Lauren Kate,eng,3.89,119735
13089710,"The Kill Order (Maze Runner, #0.5)",James Dashner,eng,3.69,96568
11500217,"Angelfall (Penryn & the End of Days, #1)",Susan Ee,en-US,4.19,73886
187020,Empire Falls,Richard Russo,eng,3.91,90811
13895,"The Fires of Heaven (Wheel of Time, #5)",Robert Jordan,en-US,4.13,93227
20820994,I'll Give You the Sun,Jandy Nelson,eng,4.14,140937
22283,Survivor,Chuck Palahniuk,en-US,3.93,49551
9420,"Shopaholic & Baby (Shopaholic, #5)",Sophie Kinsella,eng,3.77,98130
5091,"The Dark Tower (The Dark Tower, #7)",Stephen King,en-US,4.27,93296
6202690,Twilight Director's Notebook : The Story of How We Made the Movie Based on the Novel by Stephenie Meyer,Catherine Hardwicke,en-US,4.2,88847
9418,"Shopaholic Takes Manhattan (Shopaholic, #2)",Sophie Kinsella,en-US,3.75,93498
5544,"Surely You're Joking, Mr. Feynman!: Adventures of a Curious Character",Richard Feynman,en-US,4.29,91625
6654313,"Linger (The Wolves of Mercy Falls, #2)",Maggie Stiefvater,en-US,3.91,125363
3579,"The Complete Anne of Green Gables Boxed Set (Anne of Green Gables, #1-8)",L.M. Montgomery,,4.42,92142
7588,A Portrait of the Artist as a Young Man,"James Joyce, Seamus Deane",eng,3.6,92569
1166599,"The Gathering Storm (Wheel of Time, #12)","Robert Jordan, Brandon Sanderson",eng,4.34,94095
19089,Middlemarch,"George Eliot, Michel Faber",eng,3.93,95995
13496084,"Point of Retreat (Slammed, #2)",Colleen Hoover,eng,4.3,109344
5350,The Partner,John Grisham,,3.89,86870
30,J.R.R. Tolkien 4-Book Boxed Set: The Hobbit and The Lord of the Rings,J.R.R. Tolkien,eng,4.59,90907
13517535,"Thoughtless (Thoughtless, #1)",S.C. Stephens,eng,4.12,90483
425029,Presumed Innocent,Scott Turow,,4.1,91774
11597,The Dark Half,Stephen King,eng,3.74,94624
7968243,Cleopatra: A Life,Stacy Schiff,eng,3.62,73994
1911,The World Is Flat: A Brief History of the Twenty-first Century,Thomas L. Friedman,en-US,3.66,78271
17182126,"Steelheart (The Reckoners, #1)",Brandon Sanderson,eng,4.16,76261
766020,The Rainbow Fish,"Marcus Pfister, J. Alison James",en-US,4.15,95421
32829,"Journey to the Center of the Earth (Extraordinary Voyages, #3)",Jules Verne,eng,3.84,89410
6398634,"The Happiness Project: Or Why I Spent a Year Trying to Sing in the Morning, Clean My Closets, Fight Right, Read Aristotle, and Generally Have More Fun",Gretchen Rubin,eng,3.57,94456
216363,The Man in the High Castle,Philip K. Dick,eng,3.66,84180
105992,Helter Skelter: The True Story of the Manson Murders,"Vincent Bugliosi, Curt Gentry",en-GB,4.0,92158
90072,"Dr. Seuss's Green Eggs and Ham: For Soprano, Boy Soprano, and Orchestra","Robert Kapilow, Dr. Seuss",,4.44,90574
15645,Inferno (The Divine Comedy #1),"Dante Alighieri, Anthony M. Esolen",,3.99,87511
11559200,"Shadow of Night (All Souls Trilogy, #2)",Deborah Harkness,eng,4.04,97925
18816603,Leaving Time,Jodi Picoult,eng,3.94,76553
71811,"Moon Called (Mercy Thompson, #1)",Patricia Briggs,eng,4.18,129150
872333,"Blue Bloods (Blue Bloods, #1)",Melissa de la Cruz,en-US,3.68,116687
40024,"The Alienist (Dr. Laszlo Kreizler, #1)",Caleb Carr,eng,4.05,96981
25489625,Between the World and Me,Ta-Nehisi Coates,eng,4.4,74218
15997,Paradise Lost,"John Milton, John      Leonard",eng,3.8,96316
6463967,The Big Short: Inside the Doomsday Machine,Michael   Lewis,en-US,4.26,37090
11564,The Girl Who Loved Tom Gordon,Stephen King,,3.56,95768
8621462,A Monster Calls,"Patrick Ness, Jim Kay, Siobhan Dowd",eng,4.36,104579
8253920,"Towers of Midnight (Wheel of Time, #13)","Robert Jordan, Brandon Sanderson",en-US,4.42,91383
540020,The Day of the Jackal,Frederick Forsyth,eng,4.25,85883
6732019,Rework,"Jason Fried, David Heinemeier Hansson",eng,3.93,88626
8909152,Attachments,Rainbow Rowell,eng,3.95,105414
3090465,"The Twilight Saga (Twilight, #1-4)","Stephenie Meyer, Ilyana Kadushin, Matt Walters",,3.88,89204
12875258,Tell the Wolves I'm Home,Carol Rifka Brunt,eng,4.04,85582
32085,"All Creatures Great and Small (All Creatures Great and Small, #1-2)",James Herriot,eng,4.31,64779
11408650,"The Unbecoming of Mara Dyer (Mara Dyer, #1)",Michelle Hodkin,eng,4.09,83847
6854,"Three to Get Deadly (Stephanie Plum, #3)",Janet Evanovich,en-US,4.14,113400
136116,The Scarlet Pimpernel,Emmuska Orczy,eng,4.06,93217
44186,The Monster at the End of this Book,"Jon Stone, Michael J. Smollin",eng,4.45,102184
37741,"Tales of a Fourth Grade Nothing (Fudge, #1)",Judy Blume,eng,4.09,106435
10194157,"Shadow and Bone (Shadow and Bone, #1)",Leigh Bardugo,eng,4.05,135225
15797938,The Dinner,"Herman Koch, Sam Garrett",eng,3.22,74979
14290364,"Champion (Legend, #3)",Marie Lu,eng,4.37,114623
61666,Contact,Carl Sagan,eng,4.11,90917
9961796,"Lola and the Boy Next Door (Anna and the French Kiss, #2)",Stephanie Perkins,en-US,4.0,108370
3711,White Teeth,Zadie Smith,en-US,3.75,82474
11887020,American Sniper: The Autobiography of the Most Lethal Sniper in U.S. Military History,"Chris Kyle, Scott McEwen, Jim DeFelice",eng,3.97,61422
35982,My Horizontal Life: A Collection of One-Night Stands,Chelsea Handler,en-GB,3.79,83607
8659601,"The Power of Six (Lorien Legacies, #2)",Pittacus Lore,eng,4.17,97938
15815333,The Interestings,Meg Wolitzer,eng,3.54,76566
43070,The Essential Calvin and Hobbes: A Calvin and Hobbes Treasury,Bill Watterson,en-US,4.65,93001
1379961,People of the Book,Geraldine Brooks,eng,4.0,95796
13508607,The Secret Keeper,Kate Morton,,4.13,89460
411053,Better Homes and Gardens New Cook Book  ,Better Homes and Gardens,,4.14,93640
8698,"So Long, and Thanks for All the Fish (Hitchhiker's Guide to the Galaxy, #4)",Douglas Adams,eng,4.08,93774
16631,Steppenwolf,"Hermann Hesse, Basil Creighton",eng,4.11,80769
32263,"The Surgeon (Rizzoli & Isles, #1)",Tess Gerritsen,en-GB,4.1,89468
17572903,The Girl You Left Behind,Jojo Moyes,eng,3.95,80991
68487,"Royal Assassin (Farseer Trilogy, #2)",Robin Hobb,eng,4.21,82608
414999,Childhood's End,Arthur C. Clarke,en-US,4.09,87141
37190,The Tale of Despereaux,"Kate DiCamillo, Timothy Basil Ering",en-US,4.0,113066
25460,"Animal, Vegetable, Miracle: A Year of Food Life","Barbara Kingsolver, Steven L. Hopp, Camille Kingsolver, Richard A. Houser",en-US,4.03,83881
20613470,"Heir of Fire (Throne of Glass, #3)",Sarah J. Maas,eng,4.53,123843
35231,"Lord of Chaos (Wheel of Time, #6)",Robert Jordan,eng,4.1,91046
6218281,"The Sweetness at the Bottom of the Pie (Flavia de Luce, #1)",Alan Bradley,eng,3.81,99841
7214,Blue Like Jazz: Nonreligious Thoughts on Christian Spirituality,Donald Miller,en-US,3.92,82090
10965,"A Breath of Snow and Ashes (Outlander, #6)",Diana Gabaldon,eng,4.43,87098
18705209,"The Blood of Olympus (The Heroes of Olympus, #5)",Rick Riordan,eng,4.41,110719
26247008,Truly Madly Guilty,Liane Moriarty,eng,3.55,90477
15704307,"Saga, Vol. 1 (Saga, #1)","Brian K. Vaughan, Fiona Staples",eng,4.25,131906
10996342,The Art of Fielding,Chad Harbach,eng,3.99,81712
4631,A Moveable Feast,Ernest Hemingway,eng,4.04,69992
44652,"Fablehaven (Fablehaven, #1)",Brandon Mull,eng,4.08,99390
438492,"The Wide Window (A Series of Unfortunate Events, #3)","Lemony Snicket, Brett Helquist",eng,3.91,118624
91476,"Grave Peril (The Dresden Files, #3)",Jim Butcher,eng,4.18,97736
10884,Einstein: His Life and Universe,Walter Isaacson,eng,4.08,71156
15842441,"Effortless (Thoughtless, #2)",S.C. Stephens,eng,4.37,83085
5351,The Street Lawyer,John Grisham,eng,3.81,80577
310459,"Roll of Thunder, Hear My Cry (Logans, #4)",Mildred D. Taylor,eng,3.79,92980
5899779,"Pride and Prejudice and Zombies (Pride and Prejudice and Zombies, #1)","Seth Grahame-Smith, Jane Austen",eng,3.28,103995
15790837,Let's Explore Diabetes with Owls,David Sedaris,eng,3.8,81616
12505,The Idiot,"Fyodor Dostoyevsky, Constance Garnett, Alan Myers, Joseph Frank, Anna Brailovsky",eng,4.18,74642
365,Dirk Gently's Holistic Detective Agency (Dirk Gently #1),Douglas Adams,en-US,3.97,89569
1809465,"Rodrick Rules (Diary of a Wimpy Kid, #2)",Jeff Kinney,en-US,4.1,91831
22716447,Why Not Me?,Mindy Kaling,eng,3.89,74199
18126198,"Four: A Divergent Story Collection (Divergent, #0.1 - 0.4)",Veronica Roth,eng,4.1,97058
23453112,Modern Romance,"Aziz Ansari, Eric Klinenberg",eng,3.85,94231
11594337,The One and Only Ivan,"Katherine Applegate, Patricia Castelao",eng,4.24,85136
108229,The Perfect Storm: A True Story of Men Against the Sea,Sebastian Junger,en-US,4.07,45382
68427,"Elantris (Elantris, #1)",Brandon Sanderson,eng,4.17,95950
2118745,"The Knife of Never Letting Go (Chaos Walking, #1)",Patrick Ness,eng,3.96,99638
33512,One Thousand White Women: The Journals of May Dodd (One Thousand White Women#1),Jim Fergus,eng,3.88,84367
3720975,Handle with Care,Jodi Picoult,eng,3.96,90138
5093,"Song of Susannah (The Dark Tower, #6)","Stephen King, Darrel Anderson",eng,3.98,84957
13125947,"Reached (Matched, #3)",Ally Condie,,3.56,109290
14836,Midnight's Children,Salman Rushdie,eng,3.99,75502
535441,The Zombie Survival Guide: Complete Protection from the Living Dead,Max Brooks,eng,3.86,82535
5348,The Testament,John Grisham,,3.83,80377
16331,"Murder at the Vicarage (Miss Marple, #1)",Agatha Christie,eng,4.03,93963
227651,"Among the Hidden (Shadow Children, #1)",Margaret Peterson Haddix,eng,3.97,94478
315425,In Defense of Food: An Eater's Manifesto,Michael Pollan,en-US,4.07,80434
703292,The Witch of Blackbird Pond,Elizabeth George Speare,en-US,3.97,105770
22918050,"The Heir (The Selection, #4)",Kiera Cass,eng,3.85,111044
9419,"Shopaholic Ties the Knot (Shopaholic, #3)",Sophie Kinsella,eng,3.77,88139
5890,The Woman in White,"Wilkie Collins, Matthew Sweet",eng,3.98,93134
25735012,"Career of Evil (Cormoran Strike, #3)","Robert Galbraith, J.K. Rowling",eng,4.21,66979
5821978,"The Summer I Turned Pretty (Summer, #1)",Jenny Han,en-US,3.96,104730
6422,"Four to Score (Stephanie Plum, #4)",Janet Evanovich,en-US,4.17,106871
29209,The Color of Water: A Black Man's Tribute to His White Mother,James McBride,en-US,4.06,80906
6402364,"SuperFreakonomics: Global Cooling, Patriotic Prostitutes And Why Suicide Bombers Should Buy Life Insurance","Steven D. Levitt, Stephen J. Dubner",en-US,3.95,85006
112750,"Darkfever (Fever, #1)",Karen Marie Moning,eng,4.14,110812
234184,"Stone of Tears (Sword of Truth, #2)",Terry Goodkind,en-US,4.1,83235
7114761,Heart of the Matter,Emily Giffin,en-US,3.73,83461
5797,Vanity Fair,"William Makepeace Thackeray, John Carey",eng,3.76,91323
4982,The Sirens of Titan,Kurt Vonnegut Jr.,en-GB,4.16,72493
10625,Dolores Claiborne,"Stephen King, Dominique Dill",fre,3.81,71053
25781157,The Nest,Cynthia D'Aprix Sweeney,eng,3.45,79762
21326,"Fables, Vol. 1: Legends in Exile","Bill Willingham, Lan Medina, Steve Leialoha, Craig Hamilton, James Jean",eng,3.99,101016
1633,Getting Things Done: The Art of Stress-Free Productivity,David    Allen,en-GB,3.98,75665
13103,"The Celestine Prophecy (Celestine Prophecy, #1)",James Redfield,en-US,3.6,72675
12294652,My Life Next Door,Huntley Fitzpatrick,eng,4.02,102012
12959233,Winter of the World (The Century Trilogy #2),Ken Follett,eng,4.29,71971
19288239,Colorless Tsukuru Tazaki and His Years of Pilgrimage,"Haruki Murakami, Philip Gabriel",eng,3.82,67873
82970,Lucky,Alice Sebold,eng,3.77,77462
59716,To the Lighthouse,Virginia Woolf,eng,3.76,83066
105576,Five Point Someone,Chetan Bhagat,en-GB,3.43,67438
30281,"Guilty Pleasures (Anita Blake, Vampire Hunter, #1)",Laurell K. Hamilton,eng,4.02,104252
19057,I Am the Messenger,Markus Zusak,en-US,4.09,93119
31463,Far from the Madding Crowd,"Thomas Hardy, Rosemarie Morgan, Shannon Russell",eng,3.92,87427
34507,"Equal Rites (Discworld, #3; Witches #1)",Terry Pratchett,eng,4.0,88673
24800,House of Leaves,Mark Z. Danielewski,eng,4.13,75469
85379,"Cruel & Unusual (Kay Scarpetta, #4)",Patricia Cornwell,nl,4.11,83695
17288661,Sycamore Row,John Grisham,eng,3.98,56315
8652190,"Awakened (House of Night, #8)","P.C. Cast, Kristin Cast",en-US,4.02,101234
17150,My Ántonia,Willa Cather,eng,3.76,81102
213753,"Life As We Knew It (Last Survivors, #1)",Susan Beth Pfeffer,eng,3.89,94282
706,America (The Book): A Citizen's Guide to Democracy Inaction,"Jon Stewart, Ben Karlin, David Javerbaum, Rich Bloomquist, Steve Bodow, Tim Carvell, Eric Drysdale, J.R. Havlan, Scott Jacobson, Tom Johnson, Rob Kutner, Chris Regan, Jason Reich, Jason Ross, Stephen Colbert, Samantha Bee, Rob Corddry, Brendan Hay, Ed Helms",eng,4.02,74511
89375,90 Minutes in Heaven: A True Story of Death and Life,"Don Piper, Cecil Murphey",,3.91,67937
17407748,The Longest Ride,Nicholas Sparks,eng,4.14,71276
57854,Tao Te Ching,"Lao Tzu, Gia-Fu Feng, Jane English, Chungliang Al Huang, Rowena Pattee Kryder, Toinette Lippe",eng,4.31,39863
78983,"Kane and Abel (Kane and Abel, #1)",Jeffrey Archer,en-US,4.27,74052
1609451,Change of Heart,Jodi Picoult,en-US,3.91,86471
32370,Dry,Augusten Burroughs,eng,4.01,70550
80568,Sam's Letters to Jennifer,James Patterson,,4.15,77538
25644601,"Grey (Fifty Shades, #4)",E.L. James,en-GB,3.76,75320
106,Dune Messiah (Dune Chronicles #2),Frank Herbert,eng,3.86,82580
17267,The Great Divorce,C.S. Lewis,en-US,4.28,75031
80536,Little Earthquakes,Jennifer Weiner,,3.76,77592
46306,The Complete Fairy Tales,"Hans Christian Andersen, Lily Owens, Arthur Rackham, Hans Richter",eng,4.28,90999
6466909,"New Moon: The Complete Illustrated Movie Companion (The Twilight Saga: The Official Illustrated Movie Companion, #2)",Mark Cotta Vaz,en-US,4.34,82399
24445517,"Maybe Someday (Maybe, #1)",Colleen Hoover,eng,4.33,81707
31101,Mr. Maybe,Jane Green,eng,3.41,78132
77392,"Anne of the Island (Anne of Green Gables, #3)",L.M. Montgomery,eng,4.21,97049
51893,Thus Spoke Zarathustra,"Friedrich Nietzsche, Walter Kaufmann",eng,4.05,65362
156538,North and South,"Elizabeth Gaskell, Alan Shelston",eng,4.13,95274
11330361,A Stolen Life,Jaycee Dugard,en-US,3.89,72713
7913305,"The Immortals of Meluha (Shiva Trilogy, #1)",Amish Tripathi,eng,4.0,62784
8650,"The Lost World (Jurassic Park, #2)",Michael Crichton,eng,3.72,83389
9593913,"Requiem (Delirium, #3)",Lauren Oliver,eng,3.74,100593
13890,"A Crown of Swords (Wheel of Time, #7)",Robert Jordan,eng,4.0,86421
21348,Aesop's Fables,"Aesop, Laura Harris, Laura Gibbs",eng,4.05,88508
394535,"Blood Meridian, or the Evening Redness in the West",Cormac McCarthy,eng,4.18,71095
12751687,"Finale (Hush, Hush, #4)",Becca Fitzpatrick,eng,4.22,107569
13440,Skeleton Crew,Stephen King,eng,3.93,82320
22206,Lullaby,Chuck Palahniuk,,3.73,66713
6969361,2 States: The Story of My Marriage,Chetan Bhagat,eng,3.42,67866
263145,"Vampire Knight, Vol. 1 (Vampire Knight, #1)","Matsuri Hino, Tomo Kimura",eng,4.1,89733
91478,"Summer Knight (The Dresden Files, #4)",Jim Butcher,eng,4.3,91012
61975,"Dragonflight (Dragonriders of Pern, #1)","Anne McCaffrey, Teodor Panasiński",eng,4.1,95378
1081560,"The History of the Hobbit, Part One: Mr. Baggins","John D. Rateliff, J.R.R. Tolkien",eng,3.81,108399
17788401,Ugly Love,Colleen Hoover,eng,4.3,107583
47401,"Chocolat (Chocolat, #1)",Joanne Harris,eng,3.95,84770
293101,The Amityville Horror,Jay Anson,eng,3.82,80959
11713,The English Patient,Michael Ondaatje,,3.88,83741
13639050,"Gabriel's Rapture (Gabriel's Inferno, #2)",Sylvain Reynard,eng,4.22,91213
11012,Dubliners,"James Joyce, Jeri Johnson",eng,3.85,73140
5941033,Let the Great World Spin,Colum McCann,en-US,3.93,71515
227865,"The Eternity Code (Artemis Fowl, #3)",Eoin Colfer,eng,4.04,94437
43933,Tell No One,Harlan Coben,eng,4.11,78070
17660,The Tommyknockers,Stephen King,eng,3.48,89262
5287473,"Hex Hall (Hex Hall, #1)",Rachel Hawkins,eng,3.96,109881
13099738,Steal Like an Artist: 10 Things Nobody Told You About Being Creative,Austin Kleon,en-US,3.86,93625
816,Cryptonomicon,Neal Stephenson,eng,4.25,72683
16102004,"Beautiful Bastard (Beautiful Bastard, #1)",Christina Lauren,eng,4.05,111668
14249,Prodigal Summer,Barbara Kingsolver,en-US,3.98,78529
5204,We Were the Mulvaneys,Joyce Carol Oates,eng,3.7,77251
102920,Understanding Comics: The Invisible Art,Scott McCloud,en-US,3.98,77277
7842288,"Beautiful Darkness (Caster Chronicles, #2)","Kami Garcia, Margaret Stohl",en-US,3.84,95447
12391521,The Psychopath Test: A Journey Through the Madness Industry,Jon Ronson,eng,3.91,44097
14865,Vanishing Acts,Jodi Picoult,en-US,3.68,79662
15159,Absolute Power,David Baldacci,eng,4.15,72481
6858,"Hot Six (Stephanie Plum, #6)",Janet Evanovich,eng,4.18,99329
13624688,The Time Keeper,Mitch Albom,eng,3.85,72277
33456,"A Dirty Job (Grim Reaper, #1)",Christopher Moore,en-US,4.08,78523
1301,Moneyball: The Art of Winning an Unfair Game,Michael   Lewis,en-US,4.24,66406
334123,"The Amulet of Samarkand (Bartimaeus, #1)",Jonathan Stroud,en-US,3.99,86062
611298,I Am America (And So Can You!),"Stephen Colbert, Richard Dahm, Paul Dinello, Allison Silverman, Michael Brumm, Eric Drydale, Rob Dubbin, Glenn Eichler, Peter Grosz, Peter Gwinn, Jay Katsir, Laura Krafft, Frank Lesser, Tom Purcell",en-US,3.91,71023
763362,The One Minute Manager,"Kenneth H. Blanchard, Spencer Johnson",en-US,3.85,70241
42697,Exodus,Leon Uris,eng,4.33,77258
77163,Stones from the River,Ursula Hegi,en-GB,4.07,80056
2052,"The Big Sleep (Philip Marlowe, #1)",Raymond Chandler,eng,4.04,84489
4799,Cannery Row,John Steinbeck,eng,4.02,81598
11230081,Seriously... I'm Kidding,Ellen DeGeneres,en-US,3.72,74358
65119,"The Miserable Mill (A Series of Unfortunate Events, #4)","Lemony Snicket, Brett Helquist",en-US,3.83,101325
11250053,The Snow Child,Eowyn Ivey,eng,3.95,72328
17314430,"Wait for You (Wait for You, #1)","J. Lynn, Jennifer L. Armentrout",eng,4.19,106236
3293821,"The Last Straw (Diary of a Wimpy Kid, #3)",Jeff Kinney,eng,4.11,82518
6656,The Divine Comedy,"Dante Alighieri, Allen Mandelbaum, Eugenio Montale",eng,4.06,74130
48757,The Tao of Pooh,"Benjamin Hoff, Ernest H. Shepard",eng,4.01,69975
13047090,"Onyx (Lux, #2)",Jennifer L. Armentrout,eng,4.33,111448
13104080,"Unravel Me (Shatter Me, #2)",Tahereh Mafi,eng,4.28,109183
28078,The Birth of Venus,Sarah Dunant,en-US,3.79,78129
114954,"The Opal Deception  (Artemis Fowl, #4)",Eoin Colfer,eng,4.04,95638
25074850,"The Girl in the Spider's Web (Millennium, #4)","David Lagercrantz, Stieg Larsson, George Goulding",eng,3.73,53751
26893819,The Girls,Emma Cline,eng,3.49,76761
179064,"The Goose Girl (The Books of Bayern, #1)",Shannon Hale,en-US,4.18,92952
21671,Mystic River,Dennis Lehane,en-US,4.19,86103
7619057,"Warm Bodies (Warm Bodies, #1)",Isaac Marion,,3.93,66381
62446,The Prince and the Pauper,"Mark Twain, Everett H. Emerson",eng,3.84,84682
16690,The Moon is a Harsh Mistress,Robert A. Heinlein,eng,4.17,80366
6642715,The Forty Rules of Love,"Elif Shafak, إليف شافاق, ارسلان فصیحی, محمد درويش",eng,4.17,35283
6423,"High Five (Stephanie Plum, #5)",Janet Evanovich,eng,4.17,92737
13596166,Joyland,Stephen King,eng,3.9,75018
13154150,"Attack on Titan, Vol. 1 (Attack on Titan, #1)","Hajime Isayama, Sheldon Drzka",eng,4.42,82565
46164,Tender Is the Night,F. Scott Fitzgerald,en-US,3.83,79008
306654,Cold Sassy Tree,Olive Ann Burns,,3.99,82281
92517,The Glass Menagerie,Tennessee Williams,eng,3.67,90032
13586707,My Brilliant Friend (The Neapolitan Novels #1),"Elena Ferrante, Ann Goldstein",eng,3.88,64637
368593,The 4-Hour Workweek,Timothy Ferriss,eng,3.84,66129
43877,The Monk Who Sold His Ferrari: A Fable About Fulfilling Your Dreams  Reaching Your Destiny,Robin S. Sharma,eng,3.77,52031
10054335,Rules of Civility,Amor Towles,eng,3.99,75541
61179,"Ringworld (Ringworld, #1)",Larry Niven,eng,3.96,76925
7824322,Between Shades of Gray,Ruta Sepetys,eng,4.36,87718
439173,Frindle,"Andrew Clements, Brian Selznick",en-US,3.79,83351
6578293,"Dog Days (Diary of a Wimpy Kid, #4)",Jeff Kinney,en-US,4.14,78592
13602426,The Round House,Louise Erdrich,eng,3.91,67928
18130,"A Wind in the Door (A Wrinkle in Time Quintet, #2)",Madeleine L'Engle,eng,4.07,87277
13615258,"Free Four: Tobias Tells the Divergent Knife-Throwing Scene (Divergent, #1.5)",Veronica Roth,eng,4.18,81621
22822858,A Little Life,Hanya Yanagihara,eng,4.27,66782
156534,"Y: The Last Man, Vol. 1: Unmanned","Brian K. Vaughan, Pia Guerra, José Marzán Jr.",eng,4.12,81326
10803121,"The Alloy of Law (Mistborn, #4)",Brandon Sanderson,eng,4.2,72185
7981206,"Dead Reckoning (Sookie Stackhouse, #11)",Charlaine Harris,eng,3.77,87066
60792,The Accidental Tourist,"Anne Tyler, Jennifer Bassett",eng,3.9,80075
12000020,"Aristotle and Dante Discover the Secrets of the Universe (Aristotle and Dante Discover the Secrets of the Universe, #1)",Benjamin Alire Sáenz,,4.34,108884
17184,The Invisible Man,H.G. Wells,eng,3.62,84778
10374,Hard-Boiled Wonderland and the End of the World,"Haruki Murakami, Alfred Birnbaum",eng,4.15,63764
1428,By the River Piedra I Sat Down and Wept,"Paulo Coelho, Alan R. Clarke",eng,3.57,62106
62111,The Swiss Family Robinson  ,"Johann David Wyss, Scott McKowen, Arthur Pober",eng,3.92,78355
133266,Four Past Midnight ,Stephen King,en-GB,3.9,76376
13486122,"The Marriage Bargain (Marriage to a Billionaire, #1)",Jennifer Probst,eng,3.81,91630
77390,"Anne of Avonlea (Anne of Green Gables, #2)",L.M. Montgomery,en-US,4.21,99918
824204,The Little Engine That Could,"Watty Piper, Doris Hauman, George Hauman",en-US,4.15,82102
16176440,We Are All Completely Beside Ourselves,Karen Joy Fowler,eng,3.71,59973
31360,"Children of the Mind (Ender's Saga, #4)",Orson Scott Card,eng,3.74,74517
338798,Ulysses,James Joyce,eng,3.74,76791
816953,Someone Like You,Sarah Dessen,eng,3.94,84358
3273,Moloka'i,Alan Brennert,en-US,4.15,75307
11901,"The Witching Hour (Lives of the Mayfair Witches, #1)",Anne Rice,eng,4.1,79824
17309,"This Present Darkness (Darkness, #1)",Frank E. Peretti,eng,4.24,71815
16113791,"The Coincidence of Callie & Kayden (The Coincidence, #1)",Jessica Sorensen,eng,4.21,97615
24612118,Fates and Furies,Lauren Groff,eng,3.56,66085
22695,Summer Sisters,Judy Blume,,3.83,73515
138959,Stuart Little,"E.B. White, Garth Williams",en-US,3.88,89033
46654,"The Foundation Trilogy (Foundation, #1-3)",Isaac Asimov,eng,4.39,72311
771,"The Elegant Universe: Superstrings, Hidden Dimensions, and the Quest for the Ultimate Theory",Brian Greene,en-US,4.06,32626
131123,"The Austere Academy (A Series of Unfortunate Events, #5)","Lemony Snicket, Brett Helquist",eng,3.97,99311
6424,"Seven Up (Stephanie Plum, #7)",Janet Evanovich,en-US,4.15,94506
5391115,"The Awakening (Darkest Powers, #2)",Kelley Armstrong,eng,4.16,95026
91479,"Death Masks (The Dresden Files, #5)",Jim Butcher,eng,4.32,83664
786256,Stellaluna,Janell Cannon,en-US,4.22,87423
902715,Before They Are Hanged (The First Law #2),Joe Abercrombie,eng,4.27,68865
898885,Loving Frank,Nancy Horan,en-US,3.73,72734
6425,"Hard Eight (Stephanie Plum, #8)","Janet Evanovich, Lorelei King",en-US,4.17,93057
150037,"The Vile Village (A Series of Unfortunate Events, #7)","Lemony Snicket, Brett Helquist",eng,3.94,89733
67920,Sybil: The Classic True Story of a Woman Possessed by Sixteen Personalities,Flora Rheta Schreiber,en-US,3.99,72493
55030,Cosmos,Carl Sagan,eng,4.35,76440
22288,Haunted,Chuck Palahniuk,eng,3.59,68861
37095,The Shell Seekers,Rosamunde Pilcher,eng,4.13,73573
4952,What Is the What,Dave Eggers,eng,4.16,59333
23878,Chronicle of a Death Foretold,"Gabriel García Márquez, Gregory Rabassa",eng,3.95,56200
1848444,"A Scandal in Bohemia (The Adventures of Sherlock Holmes, #1)","Ronald Holt, Arthur Conan Doyle",,4.22,65422
10587120,Killing Lincoln: The Shocking Assassination that Changed America Forever,"Bill O'Reilly, Martin Dugard",eng,4.02,71868
17262100,The Lowland,Jhumpa Lahiri,eng,3.82,62231
60400,"The Ruins of Gorlan (Ranger's Apprentice, #1)",John Flanagan,eng,4.2,83085
5152478,Wintergirls,Laurie Halse Anderson,eng,3.98,87665
5354,The Brethren,John Grisham,,3.71,69351
45112,"Assassin's Quest (Farseer Trilogy, #3)",Robin Hobb,eng,4.18,67125
228296,Rosemary's Baby,Ira Levin,eng,3.96,78766
59219,"The Talisman (The Talisman, #1)","Stephen King, Peter Straub",en-US,4.12,79508
140974,"The Path of Daggers (Wheel of Time, #8)",Robert Jordan,eng,3.9,74815
412732,The Dharma Bums,Jack Kerouac,en-US,3.94,62454
6468666,"The Reckoning (Darkest Powers, #3)",Kelley Armstrong,en-GB,4.21,92922
11869272,"Behind the Beautiful Forevers: Life, Death, and Hope in a Mumbai Undercity",Katherine Boo,en-US,3.97,69596
152380,"Mary Poppins (Mary Poppins, #1)","P.L. Travers, Mary Shepard",en-US,4.05,82706
887877,"Red Seas Under Red Skies (Gentleman Bastard, #2)",Scott Lynch,eng,4.23,68255
139253,The House on Mango Street,Sandra Cisneros,eng,3.57,81579
1971304,City of Thieves,David Benioff,en-GB,4.28,68063
1421990,"Halfway to the Grave (Night Huntress, #1)",Jeaniene Frost,eng,4.18,106608
31456,The Twits,"Roald Dahl, Quentin Blake",eng,3.94,82458
334643,"Abhorsen (Abhorsen, #3)",Garth Nix,en-US,4.29,80740
7510,The Beach House,"James Patterson, Peter de Jonge",eng,3.82,68676
10611,The Eyes of the Dragon,Stephen King,eng,3.92,72714
112,Children of Dune (Dune Chronicles #3),Frank Herbert,eng,3.9,74133
8855321,"Leviathan Wakes (The Expanse, #1)",James S.A. Corey,eng,4.2,68416
18006496,"Queen of Shadows (Throne of Glass, #4)",Sarah J. Maas,eng,4.6,99067
15197,"Maus II: A Survivor's Tale: And Here My Troubles Began (Maus, #2)",Art Spiegelman,eng,4.41,90147
310258,The Snowy Day,Ezra Jack Keats,eng,4.13,81914
40331,"To the Nines (Stephanie Plum, #9)",Janet Evanovich,eng,4.16,86963
12987977,Where We Belong,Emily Giffin,en-US,3.86,68224
16213,The Hot Zone: The Terrifying True Story of the Origins of the Ebola Virus,Richard   Preston,eng,4.1,72207
9557,Sputnik Sweetheart,"Haruki Murakami, Philip Gabriel",eng,3.82,62229
17465453,The Signature of All Things,Elizabeth Gilbert,eng,3.81,61135
8600,"Eats, Shoots & Leaves: The Zero Tolerance Approach to Punctuation",Lynne Truss,en-US,3.86,79117
30264,"Dead Witch Walking (The Hollows, #1)",Kim Harrison,en-US,4.04,91390
196970,The Night Before Christmas,"Clement C. Moore, Jan Brett",en-US,4.36,81553
2832909,"An Echo in the Bone (Outlander, #7)",Diana Gabaldon,eng,4.42,68854
7488244,"Unearthly (Unearthly, #1)",Cynthia Hand,en-US,4.06,99942
73186,The Case for Christ,Lee Strobel,,4.1,67128
13888,"Knife of Dreams (Wheel of Time, #11)",Robert Jordan,en-US,4.12,71379
13083,Hoot,Carl Hiaasen,eng,3.81,75275
12914,The Aeneid,"Virgil, Robert Fitzgerald",eng,3.81,75051
13503109,This Is How You Lose Her,Junot Díaz,eng,3.75,66720
17803,After Dark,"Haruki Murakami, Jay Rubin",eng,3.68,64278
227265,Ishmael:A Novel,Daniel Quinn,en-US,3.97,63304
6584188,"It's Not Summer Without You (Summer, #2)",Jenny Han,en-US,4.14,80367
10194514,"Pushing the Limits (Pushing the Limits, #1)",Katie McGarry,eng,4.08,93818
111450,Quidditch Through the Ages,"Kennilworthy Whisp, J.K. Rowling",eng,3.85,90908
147732,"Miss Nelson Is Missing! (Miss Nelson, #1)","Harry Allard, James  Marshall",eng,4.26,77206
9014,The Long Walk,"Richard Bachman, Stephen King",eng,4.11,71775
172327,"The Ersatz Elevator (A Series of Unfortunate Events, #6)","Lemony Snicket, Brett Helquist",eng,4.01,90071
12930,"Messenger (The Giver, #3)",Lois Lowry,eng,3.9,79746
42898,"Lover Revealed (Black Dagger Brotherhood, #4)",J.R. Ward,eng,4.3,97830
5413,'Salem's Lot,"Stephen King, Jerry N. Uelsmann",eng,4.25,72797
83369,"The Mysterious Benedict Society (The Mysterious Benedict Society, #1)","Trenton Lee Stewart, Carson Ellis",en-US,4.14,87335
43369,god is Not Great: How Religion Poisons Everything,Christopher Hitchens,eng,3.96,64347
17029526,"Never Too Far (Rosemary Beach, #2; Too Far, #2)",Abbi Glines,eng,4.21,97616
15860,State of Fear,Michael Crichton,eng,3.69,65397
10798416,The Statistical Probability of Love at First Sight,Jennifer E. Smith,eng,3.8,89356
59263,"The Golem's Eye (Bartimaeus, #2)",Jonathan Stroud,en-US,4.09,69058
9566,Still Life with Woodpecker,Tom Robbins,eng,4.04,56802
49465,Those Who Save Us,Jenna Blum,en-US,4.12,68480
1110,The Broker,John Grisham,eng,3.77,65428
8235178,"Across the Universe (Across the Universe, #1)",Beth Revis,eng,3.78,94176
347852,"The Road Less Traveled: A New Psychology of Love, Traditional Values, and Spiritual Growth",M. Scott Peck,en-US,4.03,61238
99383,"Blood Rites (The Dresden Files, #6)",Jim Butcher,eng,4.33,79627
297249,"The Boxcar Children (The Boxcar Children, #1)","Gertrude Chandler Warner, L. Kate Deal",en-US,4.09,92916
16171291,The Silent Wife,A.S.A. Harrison,eng,3.3,60323
10600242,How to Be a Woman,Caitlin Moran,eng,3.73,70446
17927395,"A Court of Mist and Fury (A Court of Thorns and Roses, #2)",Sarah J. Maas,eng,4.72,108384
9439303,Life,Keith Richards,en-GB,3.84,60409
85301,Unaccustomed Earth,Jhumpa Lahiri,eng,4.11,60126
5191,The Pilot's Wife,Anita Shreve,eng,3.5,71777
11762,White Noise,Don DeLillo,eng,3.86,55678
42389,"Band of Brothers: E Company, 506th Regiment, 101st Airborne from Normandy to Hitler's Eagle's Nest",Stephen E. Ambrose,eng,4.42,66079
22463,The Origin of Species,Charles Darwin,eng,3.97,64162
25179,Blankets,Craig Thompson,eng,4.06,70454
2731276,The Story of Edgar Sawtelle,David Wroblewski,eng,3.6,70382
5171,Drowning Ruth,Christina Schwarz,eng,3.73,67768
51504,Post Office,Charles Bukowski,en-US,4.01,59295
469571,"All the Pretty Horses (The Border Trilogy, #1)",Cormac McCarthy,eng,3.97,68451
3586,"The Complete Sherlock Holmes, Vol 2","Arthur Conan Doyle, Kyle Freeman",,4.46,66857
1237398,"One Piece, Volume 01: Romance Dawn (One Piece, #1)","Eiichirō Oda, Andy Nakatani",eng,4.42,67047
29127,"The Last Unicorn (The Last Unicorn, #1)",Peter S. Beagle,eng,4.18,76277
769483,"Magyk (Septimus Heap, #1)",Angie Sage,eng,3.8,86805
781110,Fever 1793,Laurie Halse Anderson,en-US,3.89,81945
1914973,"The Likeness (Dublin Murder Squad, #2)",Tana French,eng,4.05,72480
22551730,Dead Wake: The Last Crossing of the Lusitania,Erik Larson,eng,4.07,61439
77270,The Jungle Book,Rudyard Kipling,eng,3.94,67107
18144124,"I Am Pilgrim (Pilgrim, #1)",Terry Hayes,eng,4.23,49740
6295,Howl and Other Poems,"Allen Ginsberg, William Carlos Williams",eng,4.14,71968
170548,Don't Sweat the Small Stuff ... and it's all small stuff: Simple Ways to Keep the Little Things from Taking Over Your Life,Richard Carlson,eng,3.95,63324
11192642,Go the Fuck to Sleep,"Adam Mansbach, Ricardo Cortés",eng,4.26,71816
360,"Mostly Harmless (Hitchhiker's Guide to the Galaxy, #5)",Douglas Adams,en-US,3.96,72426
10883,Benjamin Franklin: An American Life,Walter Isaacson,eng,3.96,70335
8366402,The Tiger's Wife,Téa Obreht,eng,3.37,66104
60510,"Poison Study (Study, #1)",Maria V. Snyder,eng,4.16,96417
304027,"Lover Unbound (Black Dagger Brotherhood, #5)",J.R. Ward,eng,4.33,97514
64222,"Going Postal (Discworld, #33; Moist von Lipwig, #1)",Terry Pratchett,eng,4.36,75186
323355,The Book of Mormon: Another Testament of Jesus Christ,"Anonymous, Joseph Smith Jr.",eng,4.37,63530
813214,The Mist,Stephen King,en-US,3.92,82062
17683,"Dead Beat (The Dresden Files, #7)",Jim Butcher,eng,4.43,78123
18966819,"Golden Son (Red Rising, #2)",Pierce Brown,eng,4.46,57614
47989,"Night Watch (Discworld, #29; City Watch, #6)",Terry Pratchett,eng,4.47,71271
34506,"The Light Fantastic (Discworld, #2; Rincewind #2)",Terry Pratchett,en-US,3.94,75196
6516450,What the Dog Saw and Other Adventures,Malcolm Gladwell,eng,3.82,65277
25574782,Pretty Girls,Karin Slaughter,eng,3.95,60737
944076,"Last Argument of Kings (The First Law, #3)",Joe Abercrombie,eng,4.26,65068
20926278,Revival,Stephen King,en-US,3.75,53662
7779,Horton Hears a Who!,Dr. Seuss,eng,4.16,80883
817791,The Blind Side: Evolution of a Game,Michael   Lewis,eng,4.16,37792
47624,"Lirael (Abhorsen, #2)",Garth Nix,en-US,4.29,78903
13139,"School's Out—Forever (Maximum Ride, #2)",James Patterson,en-US,4.16,90157
6690979,"Black Butler, Vol. 1 (Black Butler, #1)","Yana Toboso, Tomo Kimura",eng,4.37,74378
13206900,"Winter (The Lunar Chronicles, #4)",Marissa Meyer,eng,4.49,100464
51497,The Strange Case of Dr. Jekyll and Mr. Hyde and Other Tales of Terror,"Robert Louis Stevenson, Robert Mighall",eng,3.94,80299
13027304,The Hunger Games Tribute Guide,Emily Seife,en-US,4.4,67264
3428935,"The Warded Man (Demon Cycle, #1)",Peter V. Brett,eng,4.27,64416
29797,The Pilgrim's Progress,John Bunyan,,3.98,67777
220968,"One Shot (Jack Reacher, #9)",Lee Child,eng,4.2,63335
12893742,"The Serpent's Shadow (Kane Chronicles, #3)",Rick Riordan,eng,4.28,82757
472343,Duma Key,Stephen King,en-US,3.93,73807
1278752,The House at Riverton,Kate Morton,eng,3.93,69948
13891,"Winter's Heart (Wheel of Time, #9)",Robert Jordan,en-US,3.92,71355
91474,"Proven Guilty (The Dresden Files, #8)",Jim Butcher,eng,4.41,75133
17876,"Notes from Underground, White Nights, The Dream of a Ridiculous Man, and Selections from The House of the Dead","Fyodor Dostoyevsky, Andrew R. MacAndrew, Ben Marcus",eng,4.17,65900
37380,The Heart is a Lonely Hunter,Carson McCullers,eng,3.97,67643
16131484,"The Infinite Sea (The 5th Wave, #2)",Rick Yancey,eng,3.94,78314
43545,The Once and Future King (The Once and Future King #1-4),T.H. White,eng,4.08,76911
34484,"Small Gods (Discworld, #13)",Terry Pratchett,en-GB,4.27,72588
368468,"Bud, Not Buddy",Christopher Paul Curtis,eng,3.89,73000
38990,Fun Home: A Family Tragicomic,Alison Bechdel,eng,4.12,48305
1713426,Predictably Irrational: The Hidden Forces That Shape Our Decisions,Dan Ariely,en-US,4.1,61496
16031620,الفيل الأزرق,أحمد مراد,ara,3.8,53187
125404,"The Indian in the Cupboard (The Indian in the Cupboard, #1)",Lynne Reid Banks,eng,3.89,77046
7743175,"A Memory of Light (Wheel of Time, #14)","Robert Jordan, Brandon Sanderson",eng,4.5,68410
12700353,Me and Earl and the Dying Girl,Jesse Andrews,en-US,3.58,82270
7823678,"The Ugly Truth (Diary of a Wimpy Kid, #5)",Jeff Kinney,en-US,4.16,68701
147074,"Janet Evanovich Three and Four Two-Book Set (Stephanie Plum, #3-4)",Janet Evanovich,,4.34,63691
25019,"The Professor and the Madman: A Tale of Murder, Insanity and the Making of the Oxford English Dictionary",Simon Winchester,eng,3.84,71411
13136,"2nd Chance (Women's Murder Club, #2)","James Patterson, Andrew Gross",eng,4.01,68834
15195,"The Complete Maus (Maus, #1-2)",Art Spiegelman,en-GB,4.53,76785
27003,"The Eyre Affair (Thursday Next, #1)",Jasper Fforde,en-US,3.92,85683
43808,Anne Rice's The Vampire Lestat: A Graphic Novel,"Faye Perozich, Anne Rice, John Bolton, Daerick Gröss",en-GB,4.17,61842
15779,Sideways Stories from Wayside School (Wayside School #1),"Louis Sachar, Adam McCauley",eng,4.14,74121
38210,The Art of Happiness,"Dalai Lama XIV, Howard C. Cutler",eng,4.14,61498
20819685,The Bone Clocks,David Mitchell,eng,3.81,53151
5157,Black and Blue,Anna Quindlen,eng,3.86,67753
7726143,"Origins (The Vampire Diaries: Stefan's Diaries, #1)","L.J. Smith, Kevin Williamson, Julie Plec",en-US,4.1,59715
5346,The Last Juror,John Grisham,eng,3.85,63114
22284,Diary,Chuck Palahniuk,eng,3.6,58428
11003,"Eleven on Top (Stephanie Plum, #11)",Janet Evanovich,en-US,4.15,84363
28195,"Inkspell (Inkworld, #2)","Cornelia Funke, Anthea Bell",eng,3.91,82291
599,"Sex, Drugs, and Cocoa Puffs: A Low Culture Manifesto",Chuck Klosterman,en-US,3.75,56548
30933,Brideshead Revisited: The Sacred and Profane Memories of Captain Charles Ryder,Evelyn Waugh,eng,3.99,69087
91475,"White Night (The Dresden Files, #9)",Jim Butcher,en-US,4.41,73534
18498569,The Miniaturist,Jessie Burton,eng,3.58,56344
259836,"Dragons of Autumn Twilight  (Dragonlance: Chronicles, #1)","Margaret Weis, Tracy Hickman",en-US,4.03,76219
37586,"The Lost Colony (Artemis Fowl, #5)",Eoin Colfer,en-US,4.01,103844
493456,"Extras (Uglies, #4)",Scott Westerfeld,en-US,3.59,85873
144349,"The Burning Bridge (Ranger's Apprentice, #2)",John Flanagan,en-US,4.28,74156
16054217,"The Book of Life (All Souls Trilogy, #3)",Deborah Harkness,eng,4.15,63027
615570,The Artist's Way: A Spiritual Path to Higher Creativity,Julia Cameron,eng,3.89,66049
407429,The Stinky Cheese Man and Other Fairly Stupid Tales,"Jon Scieszka, Lane Smith",eng,4.2,78487
6587879,Horns,Joe Hill,en-US,3.92,66287
10414941,Catherine the Great: Portrait of a Woman,Robert K. Massie,en-CA,3.91,66591
6080337,"The Year of the Flood  (MaddAddam, #2)",Margaret Atwood,eng,4.05,68597
6668467,Winter Garden,Kristin Hannah,en-GB,4.13,66577
5356,The King of Torts,John Grisham,eng,3.67,61835
711901,Lone Survivor: The Eyewitness Account of Operation Redwing and the Lost Heroes of SEAL Team 10,"Marcus Luttrell, Patrick Robinson",eng,4.34,46551
3320520,The 3 Mistakes of My Life,Chetan Bhagat,eng,2.97,53331
16328,"The Murder of Roger Ackroyd (Hercule Poirot, #4)",Agatha Christie,eng,4.2,71354
15622,Native Son,Richard Wright,eng,3.96,66194
3754016,"Shadow's Edge (Night Angel, #2)",Brent Weeks,en-US,4.27,66390
11594257,"Under the Never Sky (Under the Never Sky, #1)",Veronica Rossi,en-GB,4.01,74029
3464,"True Believer (Jeremy Marsh & Lexie Darnell, #1)",Nicholas Sparks,en-US,3.8,62840
10127019,The Lean Startup: How Today's Entrepreneurs Use Continuous Innovation to Create Radically Successful Businesses,Eric Ries,en-US,4.04,86284
8709523,"The Golden Lily (Bloodlines, #2)",Richelle Mead,en-US,4.36,86929
426775,Chasing Harry Winston,Lauren Weisberger,eng,3.32,63342
44688,"Magician's Gambit (The Belgariad, #3)",David Eddings,,4.13,69616
6344097,The Stand: Captain Trips,"Roberto Aguirre-Sacasa, Stephen King, Mike Perkins, Laura       Martin",eng,4.43,57279
767171,The Rise and Fall of the Third Reich: A History of Nazi Germany,William L. Shirer,eng,4.15,64391
10073,A Long Way Down,Nick Hornby,eng,3.41,59843
106134,"Out from Boneville (Bone, #1)","Jeff Smith, Steve Hamaker",eng,4.16,62330
10619,Rose Madder,Stephen King,eng,3.66,70921
220969,"Die Trying (Jack Reacher, #2)",Lee Child,en-US,4.0,62128
10757833,"Beautiful Chaos (Caster Chronicles, #3)","Kami Garcia, Margaret Stohl, Paz Pruneda",en-US,3.95,69709
10913,Keeping Faith,Jodi Picoult,,3.79,62405
153025,Heart-Shaped Box,Joe Hill,en-US,3.82,65005
11254250,"Cabin Fever (Diary of a Wimpy Kid, #6)",Jeff Kinney,eng,4.21,63347
3754026,"Beyond the Shadows (Night Angel, #3)",Brent Weeks,eng,4.29,64961
29547,Everyone Worth Knowing,Lauren Weisberger,en-US,3.39,59932
7996,"Redwall (Redwall, #1)",Brian Jacques,eng,4.11,73918
30474,The Communist Manifesto,"Karl Marx, Friedrich Engels, Gareth Stedman Jones",eng,3.51,56464
28187230,The Woman in Cabin 10,Ruth Ware,eng,3.67,90541
38296,The Last of the Mohicans (The Leatherstocking Tales #2),James Fenimore Cooper,eng,3.69,67632
228560,Sophie's Choice,William Styron,eng,4.18,66923
9417,"Shopaholic and Sister (Shopaholic, #4)",Sophie Kinsella,eng,3.64,69007
7747064,The Iron Daughter,Julie Kagawa,eng,4.13,93340
103610,The Prayer of Jabez:  Breaking Through to the Blessed Life,Bruce H. Wilkinson,eng,3.92,57468
12401556,The Age of Miracles,Karen Thompson Walker,eng,3.64,61296
1255781,Have a Little Faith: a True Story,Mitch Albom,en-US,4.16,60002
5084,My Life in France,"Julia Child, Alex Prud'Homme",eng,4.16,63100
21844019,"The Rosie Effect (Don Tillman, #2)",Graeme Simsion,eng,3.56,27308
11827808,The Secret of the Nagas (Shiva Trilogy #2),Amish Tripathi,eng,3.98,50158
38501,Ham on Rye,Charles Bukowski,,4.16,54140
331920,Flipped,Wendelin Van Draanen,en-US,3.94,79264
6486483,Emotional Intelligence 2.0,"Travis Bradberry, Jean Greaves, Patrick Lencioni",,3.81,53384
29291,Make Way for Ducklings,Robert McCloskey,,4.21,70704
67035,"Relic (Pendergast, #1)","Douglas Preston, Lincoln Child",eng,4.01,68011
28,Notes from a Small Island,Bill Bryson,eng,3.91,66947
927979,"Small Favor (The Dresden Files, #10)",Jim Butcher,en-US,4.43,70029
6465707,"The Walking Dead, Compendium 1",Robert Kirkman,eng,4.43,57764
85990,"Princess Academy (Princess Academy, #1)",Shannon Hale,eng,4.01,82470
18692431,"Everything, Everything","Nicola Yoon, David Yoon",eng,4.11,132552
7714,Pygmalion,George Bernard Shaw,en-US,3.9,70079
13438524,Flight Behavior,Barbara Kingsolver,eng,3.75,57078
2146957,"Grip of the Shadow Plague (Fablehaven, #3)",Brandon Mull,eng,4.26,65638
363752,"Bridget Jones: The Edge of Reason (Bridget Jones, #2)",Helen Fielding,eng,3.53,73093
3388,Corelli's Mandolin,Louis de Bernières,eng,3.95,57583
15924,"At First Sight (Jeremy Marsh & Lexie Darnell, #2)",Nicholas Sparks,en-US,3.81,62219
24,In a Sunburned Country,Bill Bryson,eng,4.05,58688
194373,The Memoirs of Sherlock Holmes,Arthur Conan Doyle,eng,4.32,56918
11529868,The Orphan Master's Son,Adam Johnson,eng,4.06,52765
44687,"Enchanters' End Game (The Belgariad, #5)",David Eddings,en-US,4.17,69134
991197,The Complete Persepolis,"Marjane Satrapi, Mattias Ripa, Blake Ferris, Anjali Singh",en-US,4.36,71353
187181,The Chosen,Chaim Potok,eng,4.03,70701
321552,The Agony and the Ecstasy,"Irving Stone, שמואל שניצר",eng,4.09,61256
4912857,"The Angel's Game (The Cemetery of Forgotten Books, #2)","Carlos Ruiz Zafón, Lucia Graves",eng,3.86,46225
147865,"Love, Rosie",Cecelia Ahern,en-US,3.95,55236
774001,Amelia Bedelia  (Amelia Bedelia #1),"Peggy Parish, Fritz Siebel",eng,4.15,72329
16140036,"This Man (This Man, #1)",Jodi Ellen Malpas,eng,4.13,79461
7723542,"A Dog's Purpose (A Dog's Purpose, #1)",W. Bruce Cameron,en-US,4.35,65091
20560137,"An Ember in the Ashes (An Ember in the Ashes, #1)",Sabaa Tahir,eng,4.32,45492
1240662,"Lover Enshrined (Black Dagger Brotherhood, #6)",J.R. Ward,eng,4.12,87432
15819028,"The Golem and the Jinni (The Golem and the Jinni, #1)",Helene Wecker,eng,4.1,59650
16081961,الأسود يليق بك,"أحلام مستغانمي, Ahlam Mosteghanemi",ara,3.72,42958
297792,"The Slippery Slope (A Series of Unfortunate Events, #10)","Lemony Snicket, Brett Helquist",en-US,4.0,81362
31242,Bleak House,"Charles Dickens, Nicola Bradbury, Hablot Knight Browne",eng,4.0,67433
775597,"Caps for Sale: A Tale of a Peddler, Some Monkeys and Their Monkey Business",Esphyr Slobodkina,eng,4.12,72504
29396,"Furies of Calderon (Codex Alera, #1)",Jim Butcher,eng,4.12,70269
13831,"Alanna: The First Adventure (Song of the Lioness, #1)",Tamora Pierce,en-US,4.27,85699
6202342,Her Fearful Symmetry,Audrey Niffenegger,en-GB,3.23,63737
22450859,The Boston Girl,Anita Diamant,eng,3.79,51603
5098079,"Lover Avenged (Black Dagger Brotherhood, #7)",J.R. Ward,eng,4.38,84650
77565,"The Fall of Hyperion (Hyperion Cantos, #2)",Dan Simmons,eng,4.18,63235
21704,"The Black Dahlia (L.A. Quartet, #1)",James Ellroy,en-US,3.75,61412
83346,"Through the Looking-Glass, and What Alice Found There","Lewis Carroll, John Tenniel, Peter Glassman",eng,4.06,63050
1848,Wild Swans: Three Daughters of China,Jung Chang,en-US,4.23,60193
460548,"Go, Dog. Go!",P.D. Eastman,eng,4.08,66360
7882,"On the Banks of Plum Creek  (Little House, #4)","Laura Ingalls Wilder, Garth Williams",,4.19,74666
22453035,"Finders Keepers (Bill Hodges Trilogy, #2)",Stephen King,eng,4.03,36541
6065215,"The Strain (The Strain Trilogy, #1)","Guillermo del Toro, Chuck Hogan",en-US,3.77,58631
112204,The Complete Poems of Emily Dickinson,"Emily Dickinson, Thomas H. Johnson",eng,4.21,60278
130580,"Old Yeller (Old Yeller, #1)",Fred Gipson,en-US,4.06,69815
773858,Born Standing Up: A Comic's Life,Steve Martin,eng,3.87,60869
87640,PostSecret: Extraordinary Confessions from Ordinary Lives (PostSecret),Frank Warren,,4.01,58841
147915,"A Storm of Swords: Blood and Gold (A Song of Ice and Fire, #3: Part 2 of 2)",George R.R. Martin,eng,4.56,54977
348573,"The Borrowers (The Borrowers, #1)","Mary Norton, Beth Krush, Joe Krush",,4.02,74820
11602,Hearts in Atlantis,Stephen King,eng,3.8,65063
28587957,Small Great Things,Jodi Picoult,eng,4.35,73745
11298,"A Wild Sheep Chase (The Rat, #3)","Haruki Murakami, Alfred Birnbaum",eng,3.94,55262
252499,"The Queen's Fool (The Plantagenet and Tudor Novels, #12)",Philippa Gregory,en-US,3.83,69504
12812550,"Days of Blood & Starlight (Daughter of Smoke & Bone, #2)",Laini Taylor,en-CA,4.21,85746
8682,Jitterbug Perfume,Tom Robbins,eng,4.24,48277
144350,"The Battle for Skandia (Ranger's Apprentice, #4)",John Flanagan,en-US,4.32,60959
10576365,"The Darkest Minds (The Darkest Minds, #1)",Alexandra Bracken,eng,4.26,83886
1427,The Zahir,"Paulo Coelho, Margaret Jull Costa",eng,3.56,50921
1134122,The Power of Positive Thinking,Norman Vincent Peale,eng,4.08,52704
23346377,"In a Dark, Dark Wood",Ruth Ware,eng,3.65,67344
17728,The House of Mirth,"Edith Wharton, Nina Bawden",eng,3.94,60611
2454986,"Fairy Tail, Vol. 1 (Fairy Tail, #1)","Hiro Mashima, William Flanagan",eng,4.4,65477
21535271,The Slow Regard of Silent Things (The Kingkiller Chronicle #2.5),"Patrick Rothfuss, Nate  Taylor",eng,3.92,57716
18478222,Twelve Years a Slave,Solomon Northup,eng,4.15,39758
7046495,"Lover Mine (Black Dagger Brotherhood, #8)",J.R. Ward,eng,4.41,82824
17780,In the Heart of the Sea: The Tragedy of the Whaleship Essex,Nathaniel Philbrick,en-US,4.16,57259
81227,Infidel,Ayaan Hirsi Ali,eng,4.2,58432
242472,The Black Swan: The Impact of the Highly Improbable,Nassim Nicholas Taleb,eng,3.88,53586
13281368,"The Twelve (The Passage, #2)",Justin Cronin,eng,3.98,56756
17125,One Day in the Life of Ivan Denisovich,"Aleksandr Solzhenitsyn, H.T. Willetts",eng,3.94,61678
827,"The Diamond Age: or, A Young Lady's Illustrated Primer",Neal Stephenson,eng,4.19,61836
164154,A Canticle for Leibowitz,Walter M. Miller Jr.,eng,3.97,66721
7728,"Antigone (The Theban Plays, #3)","Sophocles, J.E. Thomas",eng,3.6,67608
4954833,Brooklyn,Colm Tóibín,eng,3.63,55459
8525590,"Wither (The Chemical Garden, #1)",Lauren DeStefano,eng,3.81,84776
27161156,Hillbilly Elegy: A Memoir of a Family and Culture in Crisis,J.D. Vance,eng,3.99,80737
113435,"Crossroads of Twilight (Wheel of Time, #10)",Robert Jordan,en-US,3.82,61361
35220,The Red Badge of Courage,Stephen Crane,eng,3.21,68448
21413662,What If?: Serious Scientific Answers to Absurd Hypothetical Questions,Randall Munroe,eng,4.17,60236
55399,"Gardens of the Moon (The Malazan Book of the Fallen, #1)",Steven Erikson,eng,3.85,57993
816720,The Witch Of Portobello,Paulo Coelho,eng,3.51,51461
77276,"A Swiftly Tilting Planet (A Wrinkle in Time Quintet, #3)",Madeleine L'Engle,eng,4.13,75851
262430,"Gregor the Overlander (Underland Chronicles, #1)",Suzanne Collins,eng,3.99,66823
8554005,Sing You Home,Jodi Picoult,en-US,3.76,62494
31336,"The Tale of the Body Thief (The Vampire Chronicles, #4)",Anne Rice,en-US,3.7,67267
15158,"The Camel Club (Camel Club, #1)",David Baldacci,eng,4.02,58973
33676,"Saving the World and Other Extreme Sports (Maximum Ride, #3)",James Patterson,en-US,4.16,75436
43892,"Blood of the Fold (Sword of Truth, #3)",Terry Goodkind,en-US,3.98,60624
16180,"The Boleyn Inheritance (The Plantagenet and Tudor Novels, #10)",Philippa Gregory,eng,3.84,62135
22501028,A Spool of Blue Thread,Anne Tyler,eng,3.4,42339
30555488,The Underground Railroad,Colson Whitehead,eng,4.04,72052
106085,"Masquerade (Blue Bloods, #2)",Melissa de la Cruz,en-US,3.91,76598
8685612,"The Iron Queen (The Iron Fey, #3)",Julie Kagawa,eng,4.24,82373
16034964,"Losing It (Losing It, #1)",Cora Carmack,eng,3.77,84438
13573236,The Racketeer,John Grisham,,3.79,48286
6192,Disgrace,J.M. Coetzee,eng,3.83,50422
776407,"The House at Pooh Corner (Winnie-the-Pooh, #2)","A.A. Milne, Ernest H. Shepard",en-US,4.36,69102
7165300,"The Black Prism (Lightbringer, #1)",Brent Weeks,en-US,4.24,58906
6976,The Mermaid Chair,Sue Monk Kidd,eng,3.1,62760
537296,"Frog and Toad Are Friends (Frog and Toad, #1)",Arnold Lobel,eng,4.18,70119
324277,"The Carnivorous Carnival (A Series of Unfortunate Events, #9)","Lemony Snicket, Brett Helquist",en-US,3.97,83981
6574102,"Heist Society (Heist Society, #1)",Ally Carter,en-US,3.91,75834
29437949,Behind Closed Doors,B.A. Paris,eng,3.93,57865
682804,"The Killer Angels (The Civil War Trilogy, #2)",Michael Shaara,en-US,4.3,58372
30274,"Circus of the Damned (Anita Blake, Vampire Hunter, #3)",Laurell K. Hamilton,en-US,4.16,73883
59264,"Ptolemy's Gate (Bartimaeus, #3)",Jonathan Stroud,eng,4.24,63838
29981,The Island of Dr. Moreau,H.G. Wells,eng,3.72,60346
13362536,"Opal (Lux, #3)",Jennifer L. Armentrout,,4.34,92014
6512154,Zeitoun,Dave Eggers,,4.08,55398
6609765,Out of My Mind,Sharon M. Draper,en-US,4.37,63756
12716010,"Rapture (Fallen, #4)",Lauren Kate,eng,4.03,79360
8564935,"Switched (Trylle, #1)",Amanda Hocking,eng,3.89,45319
130440,Doctor Zhivago,"Boris Pasternak, Max Hayward, Manya Harari, John Bayley",eng,4.03,59973
22609310,Confess,Colleen Hoover,en-GB,4.25,72611
15034320,"Pines (Wayward Pines, #1)",Blake Crouch,,3.88,34789
7675,Disclosure,Michael Crichton,,3.76,57818
12875355,Death Comes to Pemberley,P.D. James,eng,3.21,65906
5246,Ethan Frome,Edith Wharton,eng,3.35,72421
5205,A Map of the World,"Jane Hamilton, Frank  Muller, C.J. Critt",en-GB,3.78,61347
27362503,It Ends with Us,Colleen Hoover,eng,4.44,80433
143534,The Gift of the Magi,"O. Henry, Lisbeth Zwerger",eng,4.07,66537
7442,The Electric Kool-Aid Acid Test,Tom Wolfe,en-US,3.92,54848
7437,Naked Lunch,"William S. Burroughs, James Grauerholz, Barry  Miles",en-US,3.46,55473
25100,Dream Country (The Sandman #3),"Neil Gaiman, Kelley Jones, Charles Vess, Colleen Doran, Malcolm Jones III, Steve Erickson",eng,4.28,67753
5360,A Painted House,John Grisham,eng,3.67,59974
18423,The Left Hand of Darkness,"Ursula K. Le Guin, Lech Jęczmyk",eng,4.05,61888
3213286,Let It Snow: Three Holiday Romances,"John Green, Maureen Johnson, Lauren Myracle",eng,3.84,57632
7912007,"Full Dark, No Stars",Stephen King,en-US,4.03,60672
20696006,Being Mortal: Medicine and What Matters in the End,Atul Gawande,eng,4.4,56510
32439,Intensity,Dean Koontz,eng,4.04,58062
6472246,Chelsea Chelsea Bang Bang,Chelsea Handler,en-US,3.81,55355
37793,A Doll's House,"Henrik Ibsen, Michael   Meyer",eng,3.69,69450
12658,Hawaii,James A. Michener,en-GB,4.18,59963
48328,Revolutionary Road,Richard Yates,eng,3.89,56550
25373,Nick & Norah's Infinite Playlist,"Rachel Cohn, David Levithan",en-US,3.73,60372
18545,Rosencrantz and Guildenstern Are Dead,"Tom Stoppard, Henry Popkin",eng,4.06,67077
9409458,"Forever (The Wolves of Mercy Falls, #3)",Maggie Stiefvater,eng,3.91,85034
607639,The Beach,Alex Garland,eng,3.91,52333
6617928,Saving CeeCee Honeycutt,"Beth Hoffman, Jenna Lamia",eng,3.92,54341
10407279,"Deadlocked (Sookie Stackhouse, #12)",Charlaine Harris,eng,3.65,65932
10579,Everything's Eventual: 14 Dark Tales,Stephen King,eng,3.94,60932
91244,"Beezus and Ramona (Ramona, #1)",Beverly Cleary,,3.97,75987
13667,"The Farthest Shore (Earthsea Cycle, #3)",Ursula K. Le Guin,,4.11,65626
7667,Airframe,Michael Crichton,eng,3.66,59229
13812,"Magician: Apprentice (The Riftwar Saga, #1)",Raymond E. Feist,en-US,4.17,62432
854757,Bet Me,Jennifer Crusie,eng,3.95,70737
318431,Long Walk to Freedom,Nelson Mandela,eng,4.31,43927
20707959,Gray Mountain,John Grisham,eng,3.52,37379
122,"The Power of One (The Power of One, #1)",Bryce Courtenay,eng,4.34,57312
29999,The Maltese Falcon,Dashiell Hammett,eng,3.92,58742
8949352,Night Road,Kristin Hannah,en-US,4.17,58028
220970,"Tripwire  (Jack Reacher, #3)",Lee Child,eng,4.07,55251
26329,Emotional Intelligence: Why It Can Matter More Than IQ,Daniel Goleman,eng,3.98,47661
6585201,"Changes (The Dresden Files, #12)",Jim Butcher,eng,4.54,66402
773951,The Story of Ferdinand,"Munro Leaf, Robert Lawson",,4.35,70961
270805,"Impulse (Impulse, #1)",Ellen Hopkins,en-US,4.29,59804
6440,Ivanhoe,Walter Scott,eng,3.75,65828
86663,"Ten Big Ones (Stephanie Plum, #10)",Janet Evanovich,en-US,4.13,76052
32506,"The Poet (Jack McEvoy, #1; Harry Bosch Universe, #5)",Michael Connelly,eng,4.19,56191
7719245,"Paranormalcy (Paranormalcy, #1)",Kiersten White,eng,3.91,79959
7351574,"Eclipse: The Complete Illustrated Movie Companion (The Twilight Saga: The Official Illustrated Movie Companion, #3)",Mark Cotta Vaz,en-US,4.44,50084
13127599,The Shoemaker's Wife,Adriana Trigiani,eng,3.98,53378
784911,"Rise of the Evening Star (Fablehaven, #2)",Brandon Mull,,4.16,79266
10305231,"The Next Always (Inn BoonsBoro, #1)","Nora Roberts, MacLeod Andrews",,4.11,54777
2195464,What I Talk About When I Talk About Running,"Haruki Murakami, Philip Gabriel",eng,3.79,49344
8680278,"We'll Always Have Summer (Summer, #3)",Jenny Han,en-US,4.17,68112
6480781,Open,"Andre Agassi, J.R. Moehringer",eng,4.18,47185
136782,"Stormbreaker (Alex Rider, #1)",Anthony Horowitz,eng,3.97,67602
21745,"Without Fail (Jack Reacher, #6)","Lee Child, Dick Hill",eng,4.16,53411
95617,"A Voice in the Wind (Mark of the Lion, #1)","Francine Rivers, Richard Ferrone",en-US,4.6,55556
8726744,"The Twilight Saga Complete Collection  (Twilight, #1-4 + 3.5)",Stephenie Meyer,eng,4.31,56827
14817,A Scanner Darkly,Philip K. Dick,eng,4.04,54014
6452796,Drive: The Surprising Truth About What Motivates Us,Daniel H. Pink,,3.95,55889
162898,A Connecticut Yankee in King Arthur's Court,Mark Twain,eng,3.76,50112
106069,Batman: The Long Halloween,"Jeph Loeb, Tim Sale, Gregory Wright, Richard Starkings",eng,4.29,54781
298275,Nausea,"Jean-Paul Sartre, Lloyd Alexander, Hayden Carruth",eng,3.91,50876
1846,Wild at Heart: Discovering the Secret of a Man's Soul,John Eldredge,eng,3.93,50215
5217282,"Secrets of the Dragon Sanctuary (Fablehaven, #4)",Brandon Mull,eng,4.35,60744
3507,"Twelve Sharp (Stephanie Plum, #12)",Janet Evanovich,eng,4.14,74747
12287209,"Wool (Wool, #1)",Hugh Howey,eng,4.12,59191
13662,"The Tombs of Atuan (Earthsea Cycle, #2)",Ursula K. Le Guin,eng,4.07,61457
3475161,"Turn Coat (The Dresden Files, #11)",Jim Butcher,en-US,4.45,64089
608474,The Sign of Four,"Arthur Conan Doyle, Peter Ackroyd, Ed Glinert",eng,3.96,60469
967494,The Mitten,Jan Brett,eng,4.23,66701
31338,"Memnoch the Devil (The Vampire Chronicles, #5)",Anne Rice,eng,3.73,62641
2402971,"The Magician (The Secrets of the Immortal Nicholas Flamel, #2)",Michael Scott,eng,4.09,67539
766955,"Click, Clack, Moo: Cows That Type","Doreen Cronin, Betsy Lewin",eng,4.23,67171
1412138,"Iron Kissed (Mercy Thompson, #3)",Patricia Briggs,en-US,4.36,83051
9378297,"Anna Dressed in Blood (Anna, #1)",Kendare Blake,en-US,3.96,72732
253058,"Temple of the Winds (Sword of Truth, #4)","Terry Goodkind, Dick Hill",,4.03,57476
310146,The True Confessions of Charlotte Doyle,Avi,eng,3.81,67608
4929705,A Reliable Wife,Robert Goolrick,en-US,3.25,58348
248596,"Something Wicked This Way Comes (Green Town, #2)",Ray Bradbury,eng,3.95,64813
11334,Song of Solomon,Toni Morrison,eng,4.01,59756
318525,Red Storm Rising,Tom Clancy,,4.14,54930
227571,Peace Like a River,Leif Enger,en-US,3.98,59642
22285,Rant,Chuck Palahniuk,en-US,3.82,49255
9534,"Shadow of the Hegemon (Ender's Shadow, #2)",Orson Scott Card,en-US,3.93,58991
7704143,تراب الماس,أحمد مراد,ara,4.09,43016
505304,The Poky Little Puppy (A Little Golden Book),"Janette Sebring Lowrey, Gustaf Tenggren",eng,4.08,62571
5196,Tara Road,Maeve Binchy,eng,3.88,60154
37677,The Call of the Wild/White Fang,Jack London,eng,4.08,61126
13188676,"Ignite Me (Shatter Me, #3)",Tahereh Mafi,eng,4.44,83767
568645,"Cross My Heart and Hope to Spy (Gallagher Girls, #2)",Ally Carter,en-US,4.13,69733
285205,"Blood Bound (Mercy Thompson, #2)",Patricia Briggs,eng,4.31,84677
12216302,"Cold Days (The Dresden Files, #14)",Jim Butcher,en-US,4.51,57779
17204,"The Friday Night Knitting Club (Friday Night Knitting Club, #1)",Kate Jacobs,eng,3.41,60812
38743,All Things Bright and Beautiful (All Creatures Great and Small),James Herriot,en-US,4.3,57626
6759,Infinite Jest,David Foster Wallace,en-US,4.31,46742
18297707,"Tangled (Tangled, #1)",Emma Chase,eng,4.12,59705
530965,The Day of the Triffids,John Wyndham,eng,4.0,58945
9850443,The Sisters Brothers,"Patrick deWitt, Marcelo Barbão",eng,3.83,51694
6905012,Secret Daughter,Shilpi Somaya Gowda,en-US,3.97,52734
6693,Fantastic Mr. Fox,"Roald Dahl, Quentin Blake",eng,4.03,66015
68591,Brida,"Paulo Coelho, Montserrat Mira",por,3.46,45905
18521,A Room of One's Own,Virginia Woolf,eng,4.1,59868
1268479,"Warbreaker (Warbreaker, #1)",Brandon Sanderson,eng,4.22,55948
42038,Shakespeare's Sonnets,"William Shakespeare, Katherine Duncan-Jones",en-US,4.24,58291
8492856,What Happened to Goodbye,Sarah Dessen,eng,3.97,69636
23437156,"Six of Crows (Six of Crows, #1)",Leigh Bardugo,eng,4.46,90202
17020,"13 Little Blue Envelopes (Little Blue Envelope, #1)",Maureen Johnson,eng,3.65,66950
104189,Same Kind of Different as Me,"Ron Hall, Denver Moore, Lynn Vincent",en-US,4.21,52964
23734628,Carry On,Rainbow Rowell,eng,4.19,46197
10235,"Mountains Beyond Mountains: The Quest of Dr. Paul Farmer, A Man Who Would Cure the World",Tracy Kidder,eng,4.21,53019
18149927,"Beneath This Man (This Man, #2)",Jodi Ellen Malpas,eng,4.3,44170
9579634,"Prince of Thorns (The Broken Empire, #1)",Mark  Lawrence,eng,3.87,54173
5187,The Book of Ruth,Jane Hamilton,en-US,3.82,56842
9593,Galápagos,Kurt Vonnegut Jr.,,3.87,48330
7661,Next,Michael Crichton,en-US,3.48,53487
13376,"The House of the Scorpion (Matteo Alacran, #1)",Nancy Farmer,eng,4.1,61613
27494,Leaves of Grass,Walt Whitman,eng,4.12,57763
114159,"Blue Dahlia (In the Garden, #1)",Nora Roberts,eng,4.11,57413
32067,Lady Chatterley's Lover,"D.H. Lawrence, Doris Lessing, Chester Brown",eng,3.49,46541
10079321,"The Magician King (The Magicians, #2)",Lev Grossman,en-US,3.9,52061
1171,Liar's Poker,Michael   Lewis,en-US,4.16,22315
1052,The Richest Man in Babylon,George S. Clason,eng,4.23,50206
10915,Salem Falls,Jodi Picoult,en-US,3.8,59930
189802,Belgarath the Sorcerer,"David Eddings, Leigh Eddings",en-US,4.07,59737
53764,The Great Dune Trilogy  ,Frank Herbert,en-GB,4.35,51454
25893709,My Name Is Lucy Barton,"Elizabeth Strout, Goran Skrobonja",eng,3.51,49578
1158967,"Garden Spells (Waverley Family, #1)",Sarah Addison Allen,eng,4.06,65409
8058301,"Ghost Story (The Dresden Files,  #13)",Jim Butcher,eng,4.25,59657
36529,Narrative of the Life of Frederick Douglass,Frederick Douglass,eng,3.97,55576
10412,He's Just Not That Into You: The No-Excuses Truth to Understanding Guys,"Greg Behrendt, Liz Tuccillo",eng,3.65,49015
44659,"Pawn of Prophecy (The Belgariad, #1)",David Eddings,eng,4.16,67451
40317,"Lean Mean Thirteen (Stephanie Plum, #13)",Janet Evanovich,en-US,4.08,73839
41684,The Jungle Books,"Rudyard Kipling, Alev Lytle Croutier",eng,4.0,68750
27266,"Glass Houses (The Morganville Vampires, #1)",Rachel Caine,en-US,3.92,77454
11413,Captivating: Unveiling the Mystery of a Woman's Soul,"John Eldredge, Stasi Eldredge",en-US,3.93,30395
342445,The Dark Tower: The Gunslinger Born,"Peter David, Robin Furth, Jae Lee, Richard Isanove, Stephen King",eng,4.18,60746
21104828,The Lake House,Kate Morton,eng,4.04,46348
15811545,A Tale for the Time Being,Ruth Ozeki,eng,3.98,51580
9010,"I Hope They Serve Beer in Hell (Tucker Max, #1)",Tucker Max,,3.51,46092
17200687,"Rule (Marked Men, #1)","Jay Crownover, Charlotte Connan de vries",eng,4.16,79077
17799,"South of the Border, West of the Sun","Haruki Murakami, Philip Gabriel",eng,3.87,47812
9592,Mother Night,Kurt Vonnegut Jr.,en-US,4.21,52249
28815,Influence: The Psychology of Persuasion,Robert B. Cialdini,eng,4.18,45874
32559,The Fall of the House of Usher and Other Tales ,"Edgar Allan Poe, Stephen Marlowe",,4.14,57265
232576,Harriet the Spy (Harriet the Spy #1),Louise Fitzhugh,eng,3.96,77575
20821087,The Paying Guests,Sarah Waters,en-US,3.39,44839
16433,"Forever Odd (Odd Thomas, #2)",Dean Koontz,en-US,3.96,54958
7507825,At Home: A Short History of Private Life,Bill Bryson,eng,3.96,55296
82748,Sushi for Beginners,Marian Keyes,,3.69,55373
338691,"Still Life (Chief Inspector Armand Gamache, #1)",Louise Penny,eng,3.91,59317
9300,"Watermelon (Walsh Family, #1)",Marian Keyes,,3.79,55841
12557,The Kitchen God's Wife,Amy Tan,en-US,3.98,58836
943402,Let the Right One In,John Ajvide Lindqvist,eng,4.07,52518
12971616,"The Rise of Nine (Lorien Legacies, #3)",Pittacus Lore,eng,4.2,70196
32552,Essential Tales and Poems,"Edgar Allan Poe, Benjamin F. Fisher",en-US,4.35,59354
5454,"The Second Summer of the Sisterhood (Sisterhood, #2)",Ann Brashares,en-US,3.78,67357
32435,Phantoms,Dean Koontz,en-US,3.93,56287
7664334,Amy & Roger's Epic Detour,Morgan Matson,eng,4.05,65273
175510,My Utmost for His Highest,Oswald Chambers,eng,4.39,47720
34494,"The Wee Free Men (Discworld, #30; Tiffany Aching, #1)",Terry Pratchett,eng,4.25,63635
11710373,"Written in My Own Heart's Blood (Outlander, #8)",Diana Gabaldon,eng,4.5,46663
7402393,Nightshade (Nightshade #1; Nightshade World #4),Andrea Cremer,eng,4.03,69534
6324090,Alice's Adventures in Wonderland,"Lewis Carroll, John Tenniel",eng,3.99,30426
100464,"Dragon Rider (Dragon Rider, #1)",Cornelia Funke,eng,3.94,61387
357,"The Long Dark Tea-Time of the Soul (Dirk Gently, #2)",Douglas Adams,en-US,4.05,59276
22544764,Uprooted,Naomi Novik,eng,4.13,61454
22816087,Seveneves,Neal Stephenson,eng,3.98,44612
16278318,Armada,Ernest Cline,en-GB,3.49,49958
6736971,"The Desert Spear (Demon Cycle, #2)",Peter V. Brett,eng,4.24,53143
209194,The Man in the Brown Suit,Agatha Christie,eng,3.97,56053
5352,The Summons,John Grisham,eng,3.68,53304
139069,Endurance: Shackleton's Incredible Voyage,Alfred Lansing,eng,4.36,50142
23220,"Size 12 Is Not Fat (Heather Wells, #1)",Meg Cabot,en-US,3.75,66089
27833670,Dark Matter,Blake Crouch,eng,4.11,63814
23174274,"Glass Sword (Red Queen, #2)",Victoria Aveyard,eng,3.95,78405
5310515,When You Reach Me,Rebecca Stead,en-US,4.08,64430
2666,The Bonfire of the Vanities,Tom Wolfe,eng,3.81,52062
23899174,In the Unlikely Event,Judy Blume,eng,3.51,40885
131359,"Death on the Nile (Hercule Poirot, #17)",Agatha Christie,eng,4.06,64949
207153,"Shiloh (Shiloh, #1)",Phyllis Reynolds Naylor,eng,3.91,59585
14061955,"Siege and Storm (Shadow and Bone, #2)",Leigh Bardugo,eng,4.08,78658
465226,"The Redbreast (Harry Hole, #3)","Jo Nesbø, Don Bartlett",eng,3.94,49999
6050678,"Leviathan (Leviathan, #1)",Scott Westerfeld,en-US,3.91,69065
13153,Hide and Seek,James Patterson,en-US,4.1,53038
4499669,The Love Dare,"Stephen Kendrick, Alex Kendrick",en-US,4.37,41908
14756,Goodnight Nobody,Jennifer Weiner,en-US,3.64,51748
263050,The Death and Life of Charlie St. Cloud,Ben Sherwood,eng,4.01,46361
4866,How to Stop Worrying and Start Living,Dale Carnegie,en-GB,4.08,46797
114145,"Born in Fire (Born In Trilogy, #1)",Nora Roberts,en-US,4.21,56901
77262,Animal Dreams,Barbara Kingsolver,eng,4.05,51007
11561469,"Reason to Breathe (Breathing, #1)",Rebecca Donovan,eng,4.23,68676
6485421,"The Mortal Instruments Boxed Set: City of Bones; City of Ashes; City of Glass (The Mortal Instruments, #1-3)",Cassandra Clare,eng,4.57,55518
14554,"If Tomorrow Comes (Tracy Whitney Series, #1)",Sidney Sheldon,eng,4.01,44722
276287,M.C. Escher: The Graphic Work,"M.C. Escher, Bruce Brooks Pfeiffer",eng,3.93,50047
27252,Pope Joan,Donna Woolfolk Cross,eng,4.06,51385
6259,Birdsong,Sebastian Faulks,eng,4.07,49930
121127,"Faith of the Fallen (Sword of Truth, #6)",Terry Goodkind,en-US,4.11,53676
7243142,"Keys to the Demon Prison (Fablehaven, #5)",Brandon Mull,eng,4.42,58481
6346975,Moonwalking with Einstein: The Art and Science of Remembering Everything,Joshua Foer,eng,3.85,48816
5176,While I Was Gone,Sue Miller,eng,3.67,52244
33668,"4th of July (Women's Murder Club, #4)","James Patterson, Maxine Paetro",eng,4.04,55637
2179276,"The Time Paradox (Artemis Fowl, #6)",Eoin Colfer,en-US,4.07,61987
858719,Clifford the Big Red Dog,Norman Bridwell,,4.09,58925
12680907,"Bitterblue (Graceling Realm, #3)",Kristin Cashore,eng,4.01,74479
6604794,The Sky Is Everywhere,Jandy Nelson,eng,4.04,61937
34504,"Wyrd Sisters (Discworld, #6; Witches #2)",Terry Pratchett,eng,4.11,60472
17617277,"Real (Real, #1)",Katy Evans,eng,4.21,83000
15729539,NOS4A2,Joe Hill,eng,4.06,50181
337113,The Tenant of Wildfell Hall,"Anne Brontë, Stevie Davies",eng,3.91,59408
272895,"The Black Stallion (The Black Stallion, #1)","Walter Farley, Keith Ward",eng,4.18,60720
13600318,"Reckless (Thoughtless, #3)",S.C. Stephens,en-US,4.42,69657
65111,"The Grim Grotto (A Series of Unfortunate Events, #11)","Lemony Snicket, Brett Helquist",en-US,3.99,73492
581409,Strega Nona,Tomie dePaola,eng,4.22,65259
11381643,"Playing for Keeps (Neighbor from Hell, #1)",R.L. Mathewson,eng,4.08,85266
187633,Art and Fear: Observations on the Perils (and Rewards) of Artmaking,"David Bayles, Ted Orland",eng,3.67,47688
91767,Frida: A Biography of Frida Kahlo,Hayden Herrera,,3.94,43976
11918,"Bitten (Women of the Otherworld, #1)",Kelley Armstrong,eng,4.06,71988
8705784,"Born at Midnight (Shadow Falls, #1)",C.C. Hunter,en-US,4.13,68084
191113,Don't Let the Pigeon Drive the Bus!,Mo Willems,eng,4.29,59698
17347389,"The Dream Thieves (The Raven Cycle, #2)",Maggie Stiefvater,eng,4.27,75637
264,The Portrait of a Lady,"Henry James, Patricia Crick",eng,3.76,55019
264158,The Raven,"Edgar Allan Poe, Gustave Doré",,4.28,56633
99300,The Yellow Wallpaper and Other Stories,Charlotte Perkins Gilman,eng,4.02,64690
26245850,Before the Fall,Noah Hawley,eng,3.76,48807
20317106,هيبتا,محمد صادق,ara,3.82,42978
24813,The Calvin and Hobbes Tenth Anniversary Book,Bill Watterson,eng,4.63,48280
4325,Dreamland,Sarah Dessen,eng,3.91,64082
14568987,The Art Forger,B.A. Shapiro,en-US,3.69,47873
248483,"Austenland (Austenland, #1)",Shannon Hale,en-US,3.54,66400
18749,Half of a Yellow Sun,Chimamanda Ngozi Adichie,eng,4.28,46716
105578,One Night at the Call Center,Chetan Bhagat,eng,2.47,40718
23209927,At the Water's Edge,Sara Gruen,eng,3.65,44956
11607,The Running Man,"Richard Bachman, Stephen King",eng,3.8,62268
68210,"Gilead (Gilead, #1)",Marilynne Robinson,en-US,3.84,54081
2794,The Crying of Lot 49,Thomas Pynchon,en-US,3.7,48692
11389875,"Edge of Eternity (The Century Trilogy, #3)",Ken Follett,eng,4.04,21459
8428064,"Demonglass (Hex Hall, #2)",Rachel Hawkins,en-US,4.13,74589
22590,Ubik,"Philip K. Dick, David Alabort, Manuel Espín",spa,4.1,48256
15575,"The Sword of Shannara (The Original Shannara Trilogy, #1)",Terry Brooks,eng,3.76,58967
32418,"Hannibal (Hannibal Lecter, #3)",Thomas Harris,eng,3.72,57569
395871,"The Awakening / The Struggle (The Vampire Diaries, #1-2)",L.J. Smith,en-US,3.67,68651
1466455,Three Wishes,Liane Moriarty,en-US,3.76,40569
3575676,"Night World, No. 3 (Night World, #7-9)",L.J. Smith,en-US,4.2,58232
5174,Fall on Your Knees,Ann-Marie MacDonald,eng,3.95,50446
10626594,The Scorpio Races,Maggie Stiefvater,eng,4.08,70335
18966806,"Morning Star (Red Rising, #3)",Pierce Brown,eng,4.5,47736
201341,"Mossflower (Redwall, #2)",Brian Jacques,en-US,4.09,56860
23848559,Furiously Happy: A Funny Book About Horrible Things,Jenny  Lawson,eng,3.93,59743
6420,"Visions of Sugar Plums (Stephanie Plum, #8.5)",Janet Evanovich,en-US,3.68,62726
13810,"Magician: Master (The Riftwar Saga, #2)",Raymond E. Feist,en-US,4.25,53878
15505346,"On the Island (On the Island, #1)",Tracey Garvis-Graves,eng,4.13,28651
8492768,Left Neglected,Lisa Genova,eng,3.95,52095
5509,Anne Frank Remembered: The Story of the Woman Who Helped to Hide the Frank Family,"Miep Gies, Alison Leslie Gold",eng,4.26,50412
13055592,Redshirts,John Scalzi,en-US,3.84,53746
41716,"Sahara (Dirk Pitt, #11)",Clive Cussler,spa,3.95,47054
2168860,"One Foot in the Grave (Night Huntress, #2)",Jeaniene Frost,eng,4.31,76368
1282954,The Last Anniversary,Liane Moriarty,eng,3.72,35325
5047880,"Hunger (Gone, #2)",Michael  Grant,eng,4.02,60519
2292384,"Fearless Fourteen (Stephanie Plum, #14)",Janet Evanovich,en-US,4.02,70806
12615008,"Revolution 2020: Love, Corruption, Ambition",Chetan Bhagat,eng,3.07,42845
160629,"A Bear Called Paddington (Paddington, #1)","Michael Bond, Peggy Fortnum",eng,4.21,62590
162089,"Flawless (Pretty Little Liars, #2)",Sara Shepard,en-US,3.96,59403
91253,"Ramona Quimby, Age 8 (Ramona, #6)",Beverly Cleary,eng,4.08,58135
98427,The General's Daughter,Nelson DeMille,,4.07,50264
65118,"The Hostile Hospital (A Series of Unfortunate Events, #8)","Lemony Snicket, Brett Helquist",en-GB,3.95,66327
330744,"InuYasha: Turning Back Time (InuYasha, #1)",Rumiko Takahashi,eng,4.26,45993
226162,The Omen,David Seltzer,en-US,3.99,49935
6134826,"Blue Moon (The Immortals, #2)",Alyson Noel,eng,3.61,74367
12849385,"The Innocent (Will Robie, #1)",David Baldacci,en-US,4.1,46216
2161733,"Child 44 (Leo Demidov, #1)",Tom Rob Smith,eng,4.08,46734
348225,"These Is My Words: The Diary of Sarah Agnes Prine, 1881-1901, Arizona Territories (Sarah Agnes Prine, #1)",Nancy E. Turner,eng,4.35,44669
23751850,The Hypnotist's Love Story,Liane Moriarty,en-CA,3.69,34107
4008,"The Devil and Miss Prym (On the Seventh Day, #3)","Paulo Coelho, Amanda Hopkinson, Nick Caistor",eng,3.59,42286
18419,The Kissing Hand,"Audrey Penn, Ruth E. Harper, Nancy M. Leak",en-GB,4.41,51219
17306293,"Shift (Silo, #2)",Hugh Howey,en-US,4.12,46518
8357992,"Worth Dying For (Jack Reacher, #15)",Lee Child,eng,4.2,47296
454856,Look Me in the Eye: My Life with Asperger's,John Elder Robison,en-US,3.91,48189
84136,Fantasy Lover (Dark-Hunterverse #1),Sherrilyn Kenyon,eng,4.17,70274
2029177,Sundays at Tiffany's,"James Patterson, Gabrielle Charbonnet",eng,3.74,51720
111180,Perfect Match,Jodi Picoult,eng,3.93,52168
9844,Prep,Curtis Sittenfeld,eng,3.36,50598
96647,Scar Tissue,"Anthony Kiedis, Larry Sloman",eng,4.1,45203
58027,Alias Grace,"Margaret Atwood, Brigitte Walitzek",ger,3.97,51511
17876893,"Captivated by You (Crossfire, #4)",Sylvia Day,eng,4.06,57831
29946,Illusions: The Adventures of a Reluctant Messiah,Richard Bach,eng,4.14,44569
6381205,"Soulless (Parasol Protectorate, #1)",Gail Carriger,eng,3.91,73051
17623975,"Just One Day (Just One Day, #1)",Gayle Forman,eng,4.02,47674
1661957,"Wake (Wake, #1)",Lisa McMann,eng,3.75,69046
7170627,The Emperor of All Maladies: A Biography of Cancer,Siddhartha Mukherjee,eng,4.29,48117
270804,"Glass (Crank, #2)",Ellen Hopkins,eng,4.28,51726
760,Memories of My Melancholy Whores,"Gabriel García Márquez, Edith Grossman",eng,3.59,33534
10872085,"Only Time Will Tell (The Clifton Chronicles, #1)",Jeffrey Archer,eng,4.04,41187
773038,The Seven Spiritual Laws of Success: A Practical Guide to the Fulfillment of Your Dreams,Deepak Chopra,en-US,4.07,41427
79790,Magical Thinking: True Stories,Augusten Burroughs,en-US,3.96,45554
13835,"In the Hand of the Goddess (Song of the Lioness, #2)",Tamora Pierce,eng,4.25,66382
13132,"3rd Degree (Women's Murder Club, #3)","James Patterson, Andrew Gross",,4.0,55599
12543,Bird by Bird: Some Instructions on Writing and Life,Anne Lamott,,4.22,55606
8835379,"Ruby Red (Precious Stone Trilogy, #1)","Kerstin Gier, Anthea Bell",en-US,4.12,62978
6581511,"Shadowland (The Immortals, #3)",Alyson Noel,eng,3.66,68104
216443,Heir to the Empire (Star Wars: The Thrawn Trilogy #1),Timothy Zahn,eng,4.12,50300
13837,"Lioness Rampant (Song of the Lioness, #4)",Tamora Pierce,en-US,4.28,65027
259538,"Outbreak (Dr. Marissa Blumenthal, #1)",Robin Cook,eng,3.96,48357
129603,You Can Heal Your Life,Louise L. Hay,eng,4.14,44445
18641982,The Vacationers,Emma Straub,,3.14,44074
9496240,"The Hangman's Daughter (The Hangman's Daughter, #1)","Oliver Pötzsch, Lee Chadeayne",eng,3.71,49994
14064,I Am Legend,Richard Matheson,eng,4.07,46845
150739,"Dealing with Dragons (Enchanted Forest Chronicles, #1)","Patricia C. Wrede, Peter de Sève",en-US,4.14,67663
455925,"Running Blind (Jack Reacher, #4)",Lee Child,en-US,4.08,44681
37301,"Rules of Prey (Lucas Davenport, #1)",John Sandford,en-US,4.13,52416
84847,"Ashes to Ashes (Kovac and Liska, #1)",Tami Hoag,eng,4.03,49139
16703,The Yiddish Policemen's Union,Michael Chabon,eng,3.69,46854
13642950,The Aviator's Wife,Melanie Benjamin,en-US,3.87,48191
474858,A Bad Case of Stripes,David Shannon,eng,4.24,51764
10428708,"The Affair (Jack Reacher, #16)",Lee Child,eng,4.11,43992
33514,The Elements of Style,"William Strunk Jr., E.B. White",en-US,4.19,46041
12948,The Turn of the Screw,Henry James,eng,3.45,53644
6066819,Best Friends Forever,Jennifer Weiner,eng,3.48,50738
50027,"Homeland (Forgotten Realms: The Dark Elf Trilogy, #1; Legend of Drizzt, #1)",R.A. Salvatore,eng,4.27,49095
100365,The Mote in God's Eye,"Larry Niven, Jerry Pournelle",eng,4.06,48131
9572203,"The Snowman (Harry Hole, #7)","Jo Nesbø, Don Bartlett",eng,4.04,47533
166997,Stoner,"John  Williams, John McGahern",eng,4.28,42869
24937,Wicked: The Grimmerie,"David Cote, Stephen Schwartz, Joan Marcus, Winnie Holzman",en-US,4.17,47207
42607,As You Like It,William Shakespeare,eng,3.83,56395
95431,"Preacher, Volume 1: Gone to Texas","Garth Ennis, Steve Dillon, Joe R. Lansdale",eng,4.16,51267
15638,Cyrano de Bergerac,"Edmond Rostand, Eteel Lawson, Lowell Bair",eng,4.05,54607
12609,"The Spirit Catches You and You Fall Down: A Hmong Child, Her American Doctors, and the Collision of Two Cultures",Anne Fadiman,en-US,4.14,47785
3128411,"Bone Crossed (Mercy Thompson, #4)",Patricia Briggs,en-GB,4.34,69516
8709526,"The Indigo Spell (Bloodlines, #3)",Richelle Mead,eng,4.41,73056
6050298,"Dreamfever (Fever, #4)",Karen Marie Moning,en-US,4.43,68816
16243,Case Histories (Jackson Brodie #1),Kate Atkinson,eng,3.82,54908
15799166,"Release Me (Stark Trilogy, #1)",J. Kenner,eng,4.14,61211
17910611,Wedding Night,Sophie Kinsella,eng,3.4,32084
25099,The Doll's House (The Sandman #2),"Neil Gaiman, Steve Parkhouse, Chris Bachalo, Michael Zulli, Mike Dringenberg, Malcolm Jones III, Todd Klein, Clive Barker",eng,4.44,54420
1000751,"Pollyanna (Pollyanna, #1)",Eleanor H. Porter,eng,3.95,56529
2743,The Lost Boy (Dave Pelzer #2),Dave Pelzer,eng,4.08,46847
17855756,"Dust (Silo, #3)",Hugh Howey,eng,4.26,33132
13547188,Lone Wolf,Jodi Picoult,eng,3.67,33504
10588,Nightmares and Dreamscapes,Stephen King,eng,3.9,54401
7304203,"Shadowfever (Fever, #5)",Karen Marie Moning,en-US,4.46,73030
3613997,The Associate,John Grisham,en-US,3.64,48838
13324841,"Son (The Giver, #4)",Lois Lowry,eng,3.98,54620
18310944,The Sandman: Overture,"Neil Gaiman, J.H. Williams III, Dave Stewart, Todd Klein",en-US,3.94,52973
13569581,"Blood Song (Raven's Shadow, #1)",Anthony  Ryan,eng,4.47,44014
7137775,"Rules of Attraction (Perfect Chemistry, #2)",Simone Elkeles,en-US,4.22,68270
93007,The Merry Adventures of Robin Hood,Howard Pyle,eng,4.05,48879
9915,Less Than Zero,Bret Easton Ellis,eng,3.58,45978
875441,Someone Knows My Name,Lawrence Hill,eng,4.44,22146
93101,The Arabian Nights,"Anonymous, Richard Francis Burton, A.S. Byatt",eng,4.06,46656
7093952,"Faithful Place (Dublin Murder Squad, #3)",Tana French,eng,3.97,55355
18467802,Euphoria,Lily King,eng,3.84,41606
9301,"Rachel's Holiday (Walsh Family, #2)",Marian Keyes,eng,3.93,48663
41811,The Caves of Steel (Robot #1),Isaac Asimov,eng,4.14,51059
17800,"Dance Dance Dance (The Rat, #4)",Haruki Murakami,eng,4.03,41161
232109,"The Mouse and the Motorcycle (Ralph S. Mouse, #1)","Beverly Cleary, Louis Darling, Tracy Dockray",en-US,3.9,61754
3432478,"The Forest of Hands and Teeth (The Forest of Hands and Teeth, #1)",Carrie Ryan,eng,3.59,64093
189783,"The Elfstones of Shannara  (The Original Shannara Trilogy, #2)",Terry Brooks,eng,3.96,51161
7741325,"Dash & Lily's Book of Dares (Dash & Lily, #1)","Rachel Cohn, David Levithan",eng,3.82,54920
17333230,The Luminaries,Eleanor Catton,eng,3.7,40727
826584,If You Give a Moose a Muffin,"Laura Joffe Numeroff, Felicia Bond",en-US,4.17,48830
32421,Velocity,Dean Koontz,eng,3.85,48755
4143,Barrel Fever: Stories and Essays,David Sedaris,en-US,3.78,44679
34517,"Reaper Man (Discworld, #11; Death, #2)",Terry Pratchett,eng,4.27,52845
17303,"Piercing the Darkness (Darkness, #2)",Frank E. Peretti,eng,4.3,44595
69242,Made to Stick: Why Some Ideas Survive and Others Die,"Chip Heath, Dan Heath",en-US,3.97,46736
401514,Alive: The Story of the Andes Survivors,Piers Paul Read,eng,4.08,49300
3679,On Beauty,Zadie Smith,eng,3.68,44317
13360,Battlefield of the Mind: Winning the Battle in Your Mind,Joyce Meyer,en-US,4.33,26898
59829,"Dance Upon the Air (Three Sisters Island, #1)",Nora Roberts,eng,4.19,50255
645023,"Castle of Wizardry (The Belgariad, #4)",David Eddings,eng,4.16,54682
8492319,"Lover Unleashed (Black Dagger Brotherhood, #9)",J.R. Ward,en-US,4.28,66871
7119070,أحببتك أكثر مما ينبغي,أثير عبدالله النشمي,ara,3.67,31779
6566722,"Heat Wave (Nikki Heat, #1)",Richard Castle,en-US,3.54,49283
18607805,Kindle Paperwhite User's Guide,Amazon,eng,3.72,15002
4659,A Widow for One Year,John Irving,,3.74,45051
25350,"Out of the Silent Planet (Space Trilogy, #1)",C.S. Lewis,eng,3.92,49617
6687,"Charlie and the Great Glass Elevator (Charlie Bucket, #2)","Roald Dahl, Quentin Blake",,3.64,62359
826585,If You Give a Pig a Pancake ,"Laura Joffe Numeroff, Felicia Bond",en-US,4.23,51385
567678,The Wasp Factory,Iain Banks,en-US,3.85,46179
10112885,Night Film,Marisha Pessl,eng,3.78,24865
10211494,Stories I Only Tell My Friends,Rob Lowe,en-US,3.77,47323
16085481,Crazy Rich Asians (Crazy Rich Asians #1),Kevin Kwan,eng,3.7,46208
51428,"Rebel Angels (Gemma Doyle, #2)",Libba Bray,eng,3.98,81420
344262,"Bloodfever (Fever, #2)",Karen Marie Moning,eng,4.3,69032
2702704,"Faefever (Fever, #3)",Karen Marie Moning,en-US,4.34,68452
22744701,My Sister's Grave (Tracy Crosswhite #1),Robert Dugoni,eng,4.0,31029
24120519,"Library of Souls (Miss Peregrine's Peculiar Children, #3)",Ransom Riggs,eng,4.15,58435
3102,Howards End,E.M. Forster,eng,3.95,52006
102458,"Hellboy, Vol. 1: Seed of Destruction (Hellboy, #1)","Mike Mignola, John Byrne",eng,4.11,48485
13643567,"The Evolution of Mara Dyer (Mara Dyer, #2)",Michelle Hodkin,eng,4.33,45919
15724396,"The Sword of Summer (Magnus Chase and the Gods of Asgard, #1)",Rick Riordan,eng,4.26,78157
54499,"The Man in the Iron Mask (The D'Artagnan Romances, #3.3)","Alexandre Dumas, Francine du Plessix Gray, Joachim Neugroschel",eng,3.97,51856
89717,The Haunting of Hill House,"Shirley Jackson, Laura   Miller",eng,3.89,55367
18864,The Rum Diary,Hunter S. Thompson,eng,3.83,39300
8253,"Little Town on the Prairie  (Little House, #7)","Laura Ingalls Wilder, Garth Williams",en-GB,4.18,63615
31122,I Capture the Castle,Dodie Smith,eng,4.0,56444
7933617,"Destined (House of Night, #9)","P.C. Cast, Kristin Cast",eng,4.04,56737
6048530,"Finger Lickin' Fifteen (Stephanie Plum, #15)",Janet Evanovich,en-US,3.98,65904
38500,Women,Charles Bukowski,eng,3.89,41866
159178,"North and South (North and South, #1)",John Jakes,en-US,4.19,49016
6587387,"Silver Borne (Mercy Thompson, #5)",Patricia Briggs,en-US,4.38,71830
31259,"The Bourne Ultimatum (Jason Bourne, #3)",Robert Ludlum,eng,4.04,47682
68488,"Fool's Errand (Tawny Man, #1)",Robin Hobb,eng,4.29,50758
20821111,"The Young Elites (The Young Elites, #1)",Marie Lu,eng,3.93,60930
59810,"Jewels of the Sun (Gallaghers of Ardmore, #1)",Nora Roberts,en-US,4.22,50630
30659,Meditations,"Marcus Aurelius, Martin Hammond, Diskin Clay",eng,4.2,43876
34262,"Peter and the Starcatchers (Peter and the Starcatchers, #1)","Dave Barry, Ridley Pearson, Greg Call",eng,4.01,57575
475,Collapse: How Societies Choose to Fail or Succeed,Jared Diamond,en-GB,3.92,44238
41219,Possession,A.S. Byatt,eng,3.88,56064
2753843,"Revelations (Blue Bloods, #3)",Melissa de la Cruz,en-US,3.89,66170
19668,"Without Remorse (Jack Ryan Universe, #1)",Tom Clancy,en-US,4.16,47148
93981,The Interpretation of Dreams,Sigmund Freud,,3.81,41081
19581,Ghost Story,Peter Straub,en-US,3.95,53017
65110,"The Penultimate Peril (A Series of Unfortunate Events, #12)","Lemony Snicket, Brett Helquist",en-US,4.02,67482
25,I'm a Stranger Here Myself: Notes on Returning to America after Twenty Years Away,Bill Bryson,en-US,3.89,44610
65112,"The End (A Series of Unfortunate Events, #13)","Lemony Snicket, Brett Helquist",en-US,3.99,67018
14241,The Liars' Club,Mary Karr,eng,3.92,45153
15985348,"Dead Ever After (Sookie Stackhouse, #13)",Charlaine Harris,eng,3.39,49926
24830,The Illustrated Man,Ray Bradbury,eng,4.13,49551
15852756,"Naked (The Blackstone Affair, #1)",Raine Miller,eng,4.02,64223
17934530,"Annihilation (Southern Reach, #1)",Jeff VanderMeer,eng,3.62,45353
11479285,"Breathe (Sea Breeze, #1)",Abbi Glines,eng,3.88,69350
58922,The Runaway Bunny,"Margaret Wise Brown, Clement Hurd",en-US,4.14,52974
8520362,The Grand Design,"Stephen Hawking, Leonard Mlodinow",eng,4.0,42687
5345,The Innocent Man: Murder and Injustice in a Small Town,John Grisham,eng,3.79,43793
10617,The Bachman Books,"Richard Bachman, Stephen King",eng,4.1,52824
17568801,Zealot: The Life and Times of Jesus of Nazareth,Reza Aslan,eng,3.82,41094
761732,"Soul of the Fire (Sword of Truth, #5)",Terry Goodkind,eng,3.87,48632
11331421,The Art of Hearing Heartbeats,"Jan-Philipp Sendker, Kevin Wiliarty",eng,3.98,41647
8935689,"Consider Phlebas (Culture, #1)",Iain M. Banks,eng,3.85,48649
759945,The Magic of Thinking Big,David J. Schwartz,en-US,4.19,40023
31332,"The Vampire Armand (The Vampire Chronicles, #6)",Anne Rice,en-US,3.75,54919
17337562,"Forever Too Far (Rosemary Beach, #3; Too Far, #3)",Abbi Glines,eng,4.24,70029
768889,"A Storm of Swords: Steel and Snow (A Song of Ice and Fire, #3: Part 1 of 2)",George R.R. Martin,eng,4.49,42072
180617,Pinocchio,"Carlo Collodi, John Boyne, Monteiro Lobato, Unknown",eng,3.86,48961
9565548,"Grave Mercy (His Fair Assassin, #1)",Robin LaFevers,eng,3.92,70476
833253,The Power of a Praying Wife,Stormie Omartian,,4.31,22618
249,Tropic of Cancer,Henry Miller,eng,3.71,45518
3086160,The Hour I First Believed,Wally Lamb,en-US,3.8,46475
7952502,Harry Potter: Film Wizardry,Brian Sibley,eng,4.48,45081
18386,The Death of Ivan Ilych,"Leo Tolstoy, Aylmer Maude",eng,4.04,46357
23995231,Circling the Sun,Paula McLain,eng,3.93,37839
5306,Travels with Charley: In Search of America,John Steinbeck,eng,4.07,45856
10950924,The Dovekeepers,Alice Hoffman,eng,4.02,48640
2890090,"The Republic of Thieves (Gentleman Bastard, #3)",Scott Lynch,eng,4.23,45320
113304,The Thief Lord,Cornelia Funke,eng,3.95,60780
12983100,"World After (Penryn & the End of Days, #2)",Susan Ee,eng,4.22,33994
14996,"Brother Odd (Odd Thomas, #3)",Dean Koontz,eng,3.98,48400
42603,Black Like Me,John Howard Griffin,en-US,4.12,47324
1840511,Snuff,Chuck Palahniuk,en-US,3.18,43496
13140,"Jack & Jill (Alex Cross, #3)",James Patterson,eng,3.95,51119
5015,Saturday,Ian McEwan,en-US,3.61,45567
185911,"When the Bough Breaks (Alex Delaware, #1)",Jonathan Kellerman,eng,4.02,48860
83674,The Bridges of Madison County,Robert James Waller,eng,3.51,56428
4494917,"Gone Tomorrow (Jack Reacher, #13)",Lee Child,eng,4.17,51570
4588949,"The Sorceress (The Secrets of the Immortal Nicholas Flamel, #3)",Michael Scott,eng,4.11,58278
13507212,"Bring Up the Bodies (Thomas Cromwell, #2)",Hilary Mantel,en-US,4.26,42306
2921082,"The Maze of Bones  (The 39 Clues, #1)",Rick Riordan,eng,3.83,59536
603204,How to Cook Everything: Simple Recipes for Great Food,Mark Bittman,en-US,4.02,52708
690926,"The Twilight Collection (Twilight, #1-3)",Stephenie Meyer,eng,3.78,42361
857502,Concerning the Spiritual in Art,Wassily Kandinsky,eng,3.81,56444
186190,"Forrest Gump (Forrest Gump, #1)",Winston Groom,eng,4.06,45660
11991,The Fall,"Albert Camus, Justin O'Brien",eng,4.05,43269
7572,Even Cowgirls Get the Blues,Tom Robbins,eng,3.74,40840
6138,The Moonstone,"Wilkie Collins, Carolyn G. Heilbrun",eng,3.9,50322
374233,If on a Winter's Night a Traveler,"Italo Calvino, William Weaver",eng,4.08,42037
13521,"Son of a Witch (The Wicked Years, #2)","Gregory Maguire, Douglas Smith",eng,3.45,48982
815309,On Chesil Beach,Ian McEwan,eng,3.54,43698
64854,"M is for Malice (Kinsey Millhone, #13)",Sue Grafton,en-GB,4.07,52843
6531,"Point of Origin (Kay Scarpetta, #9)",Patricia Cornwell,en-GB,4.02,48683
106264,"Sarah, Plain and Tall (Sarah, Plain and Tall, #1)",Patricia MacLachlan,eng,3.72,53317
3554772,عزازيل,يوسف زيدان,ara,4.07,37404
33454,"Bloodsucking Fiends (A Love Story, #1)",Christopher Moore,eng,3.93,48520
7857195,Squirrel Seeks Chipmunk: A Modest Bestiary,"David Sedaris, Ian Falconer",eng,3.34,48061
7015403,The Gifts of Imperfection: Let Go of Who You Think You're Supposed to Be and Embrace Who You Are,Brené Brown,eng,4.17,46635
28214365,Commonwealth,Ann Patchett,eng,3.84,56656
6267237,"The Van Alen Legacy (Blue Bloods, #4)",Melissa de la Cruz,en-US,3.95,58724
133526,Blueberries for Sal,Robert McCloskey,eng,4.18,58571
17340050,"Losing Hope (Hopeless, #2)",Colleen Hoover,eng,4.39,71841
10566,Lisey's Story,Stephen King,eng,3.65,50721
15851746,Proof of Heaven: A Neurosurgeon's Journey into the Afterlife,Eben Alexander,en-US,3.68,37150
400354,"Men at Arms (Discworld, #15; City Watch #2)",Terry Pratchett,eng,4.36,54413
495395,The Year of Living Biblically: One Man's Humble Quest to Follow the Bible as Literally as Possible,A.J. Jacobs,en-US,3.76,48711
42432,God Emperor of Dune (Dune Chronicles #4),Frank Herbert,eng,3.81,45608
18465657,The One & Only,Emily Giffin,eng,3.11,36795
40493,"The Valley of Horses (Earth's Children, #2)",Jean M. Auel,en-US,3.98,52572
15811568,Six Years,Harlan Coben,eng,3.8,36523
78039,"Ramona the Pest (Ramona, #2)",Beverly Cleary,,4.04,52242
2985500,"Night World, No. 2 (Night World, #4-6)",L.J. Smith,en-CA,4.2,53023
13872,Geek Love,Katherine Dunn,eng,3.98,41176
1540,"The Oedipus Cycle: Oedipus Rex/Oedipus at Colonus/Antigone (The Theban Plays, #1–3)","Sophocles, Dudley Fitts, Elena Bono, Robert Fitzgerald",en-US,3.96,42175
5527,All the King's Men,Robert Penn Warren,eng,4.08,42821
5452,"Girls in Pants: The Third Summer of the Sisterhood (Sisterhood, #3)",Ann Brashares,eng,3.82,56485
43931,The Woods,Harlan Coben,eng,4.04,46234
187065,"New Spring (Wheel of Time, #0)",Robert Jordan,eng,4.01,52823
11600163,The Litigators,John Grisham,eng,3.77,38391
23604559,My Grandmother Asked Me to Tell You She's Sorry,"Fredrik Backman, Henning Koch",eng,4.02,49291
7959473,"American Assassin (Mitch Rapp, #1)",Vince Flynn,eng,4.24,44196
13588356,"Daring Greatly: How the Courage to Be Vulnerable Transforms the Way We Live, Love, Parent, and Lead",Brené Brown,,4.24,49636
17333319,Burial Rites,Hannah Kent,eng,4.01,41209
45162,Fingersmith,Sarah Waters,eng,4.02,41761
40189,A Year in Provence,Peter Mayle,eng,3.94,47139
37186,The Miraculous Journey of Edward Tulane,"Kate DiCamillo, Bagram Ibatoulline",eng,4.34,53245
10163292,The Last Letter from Your Lover,Jojo Moyes,eng,3.94,41138
762806,"Gorky Park (Arkady Renko, #1)",Martin Cruz Smith,eng,4.04,46847
15781725,The House Girl,Tara Conklin,eng,3.75,41671
25346,Out of the Dust,Karen Hesse,,3.73,53706
23219,"Queen of Babble (Queen of Babble, #1)",Meg Cabot,eng,3.71,54248
13563669,"The Third Wheel (Diary of a Wimpy Kid, #7)",Jeff Kinney,en-US,4.21,44607
11925514,"Code Name Verity (Code Name Verity, #1)",Elizabeth Wein,eng,4.08,55139
270807,"Burned (Burned, #1)",Ellen Hopkins,en-US,4.24,48333
43330,Master of the Game,Sidney Sheldon,eng,4.09,40111
6539,"The Body Farm (Kay Scarpetta, #5)",Patricia Cornwell,eng,4.04,51115
93722,"The Boy Next Door (Boy, #1)",Meg Cabot,eng,3.83,50953
19351,The Epic of Gilgamesh,"Anonymous, N.K. Sandars",eng,3.63,44345
1254951,"The Luxe (Luxe, #1)",Anna Godbersen,en-US,3.63,58717
19330,The Complete Tales,Beatrix Potter,,4.36,56807
11650,"American Pastoral (The American Trilogy, #1)",Philip Roth,eng,3.91,38017
24453082,Big Magic: Creative Living Beyond Fear,Elizabeth Gilbert,eng,3.9,67046
19486421,"Skin Game (The Dresden Files, #15)",Jim Butcher,eng,4.55,41512
646462,The Qur'an / القرآن الكريم,Anonymous,ara,4.34,31765
476543,The Darkest Night (Lords of the Underworld #1),Gena Showalter,eng,4.09,63240
2845024,Anathem,Neal Stephenson,eng,4.18,44848
6433752,The Lacuna,Barbara Kingsolver,eng,3.76,45671
34532,"Hogfather (Discworld, #20; Death, #4)",Terry Pratchett,eng,4.22,50364
5190,Open House,Elizabeth Berg,eng,3.68,48639
16130291,The Silver Star,Jeannette Walls,eng,3.68,43487
11768,The Hotel New Hampshire,John Irving,eng,3.89,46220
15309,"The Laughing Corpse (Anita Blake, Vampire Hunter, #2)",Laurell K. Hamilton,en-US,4.11,62189
762053,"Key of Light (Key Trilogy, #1)",Nora Roberts,eng,4.16,48805
2241059,Identical,Ellen Hopkins,eng,4.34,47804
7746259,The Stand: Soul Survivors,"Roberto Aguirre-Sacasa, Mike Perkins, Laura       Martin, Stephen King",en-GB,4.52,40626
9583508,"Smokin' Seventeen (Stephanie Plum, #17)","Janet Evanovich, Lorelei King",eng,3.94,41932
105549,The Sneetches and Other Stories,Dr. Seuss,en-US,4.31,52954
598160,"Polar Bear, Polar Bear, What Do You Hear?","Bill Martin Jr., Eric Carle",eng,4.16,44414
24861,Demian. Die Geschichte von Emil Sinclairs Jugend,Hermann Hesse,ger,4.1,37459
9590,"God Bless You, Mr. Rosewater",Kurt Vonnegut Jr.,eng,3.94,40353
282282,"Skip Beat!, Vol. 01","Yoshiki Nakamura, Tomo Kimura",eng,4.26,46708
19030845,Batman: The Dark Knight Returns #1,Frank Miller,eng,4.21,32228
99298,"The Harry Potter Collection 1-4 (Harry Potter, #1-4)","J.K. Rowling, Mary GrandPré",eng,4.66,43929
6597651,The Windup Girl,Paolo Bacigalupi,eng,3.74,41728
92308,The Importance of Being Earnest and Other Plays,"Oscar Wilde, Richard Allen Cave",eng,4.26,41002
9627755,"Isla and the Happily Ever After (Anna and the French Kiss, #3)",Stephanie Perkins,eng,4.1,70995
38619,"Magic Bites (Kate Daniels, #1)",Ilona Andrews,eng,4.07,69410
17255265,"This Man Confessed (This Man, #3)",Jodi Ellen Malpas,eng,4.43,62297
43944,Suite Française,"Irène Némirovsky, Sandra Smith",,3.82,40259
395233,The Letters of Vincent van Gogh,"Vincent van Gogh, Ronald de Leeuw, Mark Roskill, Arnold J. Pomerans",en-GB,3.99,48040
34499,"Sourcery (Discworld, #5; Rincewind #3)",Terry Pratchett,en-US,3.87,50746
29801,"Scott Pilgrim, Volume 2: Scott Pilgrim vs. The World",Bryan Lee O'Malley,,4.24,47154
22374,Batman: Arkham Asylum - A Serious House on Serious Earth,"Grant Morrison, Dave McKean",eng,4.09,45345
20698530,"P.S. I Still Love You (To All the Boys I've Loved Before, #2)",Jenny Han,eng,4.17,62907
23153154,"Memory Man (Amos Decker, #1)",David Baldacci,eng,4.05,36871
2138727,Mudbound,Hillary Jordan,eng,3.99,43455
55403,Black Hawk Down,Mark Bowden,en-US,4.28,40442
22055262,"A Darker Shade of Magic (Shades of Magic, #1)","V.E. Schwab, Victoria Schwab",eng,4.07,61419
3398625,The Lost City of Z: A Tale of Deadly Obsession in the Amazon,David Grann,eng,3.86,45937
15704459,"Firefight (The Reckoners, #2)",Brandon Sanderson,eng,4.29,41924
28249,"The Magicians' Guild (Black Magician Trilogy, #1)",Trudi Canavan,eng,3.96,48537
6693332,"The Necromancer  (The Secrets of the Immortal Nicholas Flamel, #4)",Michael Scott,eng,4.12,46878
6977769,"61 Hours (Jack Reacher, #14)",Lee Child,en-US,4.08,43605
662597,Cut,Patricia McCormick,en-US,3.76,48239
74532,George's Marvellous Medicine,"Roald Dahl, Quentin Blake",eng,4.02,49863
41193,A Thousand Acres,Jane Smiley,eng,3.79,47389
24780,"The Book of Three (The Chronicles of Prydain, #1)",Lloyd Alexander,en-US,4.0,56593
2355575,"Cry Wolf (Alpha & Omega, #1)",Patricia Briggs,en-US,4.11,66901
770051,Olivia,Ian Falconer,en-US,4.13,51185
77156,"Plainsong (Plainsong, #1)",Kent Haruf,en-US,4.0,45331
62953,Ghost World,Daniel Clowes,eng,3.87,49105
11966216,"Torn (Trylle, #2)",Amanda Hocking,en-US,4.04,29554
19117,Fathers and Sons,"Ivan Turgenev, George Reavy, Jane Costlow",eng,3.94,41870
113934,The Goal: A Process of Ongoing Improvement,"Eliyahu M. Goldratt, Jeff Cox",en-US,4.0,34837
9684523,Caleb's Crossing,Geraldine Brooks,eng,3.81,47525
2722413,"Evernight (Evernight, #1)",Claudia Gray,en-US,3.64,63486
108942,"Bad Luck and Trouble (Jack Reacher, #11)",Lee Child,en-US,4.17,42539
2152,The Jane Austen Book Club,Karen Joy Fowler,en-US,3.07,53128
21965107,The Children Act,Ian McEwan,eng,3.68,33100
7023554,"Sizzling Sixteen (Stephanie Plum, #16)",Janet Evanovich,eng,3.93,55685
22543496,Elon Musk: Inventing the Future,Ashlee Vance,eng,4.25,55606
12591698,"Caliban's War (The Expanse, #2)",James S.A. Corey,eng,4.28,39138
13454149,"Barely Breathing (Breathing, #2)",Rebecca Donovan,eng,4.33,53483
1375,The Iliad/The Odyssey,"Homer, Robert Fagles, Bernard Knox",eng,4.03,47825
16992,Kingdom Come,"Mark Waid, Alex Ross, Elliot S. Maggin",eng,4.24,43036
6882,Papillon,Henri Charrière,,4.23,39073
56373,Tipping the Velvet,Sarah Waters,eng,4.0,36560
11607446,"The Wishing Spell (The Land of Stories, #1)","Chris Colfer, Brandon Dorman",eng,4.21,51752
2586771,The 19th Wife,David Ebershoff,en-US,3.63,44921
44184,Monster,Walter Dean Myers,eng,3.7,47533
9814682,"A Song of Ice and Fire (A Song of Ice and Fire, #1-4)",George R.R. Martin,en-US,4.63,28654
132336,"Body of Evidence (Kay Scarpetta, #2)",Patricia Cornwell,en-US,4.0,50113
16148398,Saga #1,"Brian K. Vaughan, Fiona Staples",eng,4.15,38729
1651302,"Perfect (Pretty Little Liars, #3)",Sara Shepard,eng,4.02,50922
15717876,"The Secret of Ella and Micha (The Secret, #1)",Jessica Sorensen,eng,4.01,59890
9533378,"Hounded (The Iron Druid Chronicles, #1)",Kevin Hearne,eng,4.12,51086
22076,From a Buick 8,Stephen King,en-US,3.42,47320
77507,"Red Mars (Mars Trilogy, #1)",Kim Stanley Robinson,en-US,3.84,46121
286957,The Yellow Wall-Paper,"Charlotte Perkins Gilman, Elaine Hedges",eng,4.11,44677
17136,The Time Machine/The Invisible Man,"H.G. Wells, Alfred MacAdam",,4.08,47600
628139,"Sea Swept (Chesapeake Bay Saga, #1)",Nora Roberts,en-US,4.24,48078
12499290,"The Blinding Knife (Lightbringer, #2)",Brent Weeks,eng,4.45,42445
18189606,Since You've Been Gone,Morgan Matson,eng,4.19,59705
7907803,An Object of Beauty,Steve Martin,en-US,3.58,42488
174703,What to Expect When You're Expecting,"Heidi Murkoff, Arlene Eisenberg, Sandee Hathaway",,3.75,34120
127823,"The Icebound Land (Ranger's Apprentice, #3)",John Flanagan,eng,4.22,48446
165030,"Anybody Out There? (Walsh Family, #4)",Marian Keyes,,3.91,45243
18050143,"Zero to One: Notes on Startups, or How to Build the Future","Peter Thiel, Blake  Masters",eng,4.17,47807
28260587,"Empire of Storms (Throne of Glass, #5)",Sarah J. Maas,eng,4.58,63322
169848,"A Christmas Carol, The Chimes and The Cricket on the Hearth","Charles Dickens, Katharine Kroeber Wiley",,4.11,48557
26025580,The Grownup,Gillian Flynn,eng,3.54,42536
16790,Smoke and Mirrors: Short Fiction and Illusions,Neil Gaiman,eng,4.05,46486
12820793,"The Oath of the Vayuputras (Shiva Trilogy, #3)",Amish Tripathi,eng,3.66,35936
4985,Welcome to the Monkey House,Kurt Vonnegut Jr.,eng,4.13,40071
16141924,Dad Is Fat,Jim Gaffigan,,3.76,40489
2279,Truman,David McCullough,en-US,4.15,53088
16130,Alexander Hamilton,Ron Chernow,eng,4.26,46198
7788,The Cat in the Hat and Other Dr. Seuss Favorites,"Dr. Seuss, Various",,4.41,46279
28381,Dead Souls,"Nikolai Gogol, Robert A. Maguire",eng,3.98,40699
24920901,"The Deal (Off-Campus, #1)",Elle Kennedy,eng,4.3,75699
26074181,"The Crown (The Selection, #5)",Kiera Cass,eng,3.8,64158
11007587,"Zero Day (John Puller, #1)",David Baldacci,en-US,3.99,38649
551876,Tikki Tikki Tembo,"Arlene Mosel, Blair Lent",en-CA,4.21,52536
3099787,"Night World, No. 1 (Night World, #1-3)",L.J. Smith,en-US,4.04,54940
8204005,"Love Unscripted (Love, #1)",Tina Reber,en-US,4.04,59261
13143,"Pop Goes the Weasel (Alex Cross, #5)",James Patterson,eng,3.98,46820
20803953,"Bully (Fall Away, #1)",Penelope Douglas,,4.15,34789
10104,The Six Wives of Henry VIII,Alison Weir,en-US,4.1,47913
76171,We,"Yevgeny Zamyatin, Clarence Brown",eng,3.95,40020
14250,Pigs in Heaven,Barbara Kingsolver,eng,3.97,43374
239399,"The Ghost Brigades (Old Man's War, #2)",John Scalzi,en-GB,4.09,40107
6150,"Cry, the Beloved Country",Alan Paton,eng,3.87,47389
887201,Faeries,"Brian Froud, Alan Lee",,3.89,38050
18943,Confessions of an Ugly Stepsister,Gregory Maguire,en-US,3.51,50526
4268,How to Be Good,Nick Hornby,,3.18,37497
25494343,"Lady Midnight (The Dark Artifices, #1)",Cassandra Clare,eng,4.47,84711
2325825,"Inkdeath (Inkworld, #3)",Cornelia Funke,eng,3.93,53591
76683,Foundation's Edge (Foundation #4),Isaac Asimov,eng,4.08,47641
50798,Jude the Obscure,Thomas Hardy,en-US,3.8,44873
587582,"Queen of Sorcery (The Belgariad, #2)",David Eddings,en-US,4.13,49355
89723,The Lottery and Other Stories,Shirley Jackson,en-US,4.06,48608
7182899,"Into the Gauntlet (The 39 Clues, #10)",Margaret Peterson Haddix,eng,3.99,48461
5056084,"Wings (Wings, #1)",Aprilynne Pike,en-US,3.75,62566
22188,"Gossip Girl (Gossip Girl, #1)",Cecily von Ziegesar,eng,3.51,49670
149572,The Odessa File,Frederick Forsyth,en-US,4.1,42529
15823461,The Burgess Boys,Elizabeth Strout,eng,3.54,39445
23692271,Sapiens: A Brief History of Humankind,Yuval Noah Harari,eng,4.41,52846
9902804,Lies That Chelsea Handler Told Me,"Chelsea Handler, Johnny Kansas, Stephanie Stehling, Heather McDonald, Roy Handler, Brad Wollack, Amber Mazzola, Josh Wolf, Shoshanna Handler, Eva Magdalenski, Amy Meyer, Glen Handler, Dave Mallow, Sarah Colonna",eng,3.74,37936
10805160,"Broken Harbour (Dublin Murder Squad, #4)",Tana French,eng,3.92,36704
16001893,"Down to You (The Bad Boys, #1)",M. Leighton,eng,4.05,59221
569564,The Complete Works,William Shakespeare,eng,4.49,39503
13651,The Dispossessed,Ursula K. Le Guin,eng,4.18,46660
935308,"Faceless Killers (Kurt Wallander, #1)","Henning Mankell, Steven T. Murray",eng,3.78,43861
7933437,The Confession,John Grisham,eng,3.81,41389
32424,Lightning,Dean Koontz,eng,4.06,44424
21436,"Cat and Mouse (Alex Cross, #4)","James Patterson, Keith David, Anthony Heald",en-GB,3.96,45217
80674,"Superfudge (Fudge, #3)",Judy Blume,eng,3.98,50917
28815474,The Couple Next Door,Shari Lapena,eng,3.74,63237
11563110,"Hallowed (Unearthly, #2)",Cynthia Hand,eng,4.15,58860
17333324,Ancillary Justice (Imperial Radch #1),Ann Leckie,eng,3.97,38747
5038,"The Pillars of Creation (Sword of Truth, #7)",Terry Goodkind,en-GB,3.67,43424
4122,Built to Last: Successful Habits of Visionary Companies,"James C. Collins, Jerry I. Porras",eng,3.98,39618
20758175,The Life We Bury,Allen Eskens,,3.93,35689
3412815,Fireproof,Eric Wilson,en-US,4.47,37258
295961,"The Eagle Has Landed (Liam Devlin, #1)",Jack Higgins,,4.15,41677
30273,"The Lunatic Cafe (Anita Blake, Vampire Hunter #4)",Laurell K. Hamilton,eng,4.12,58023
1857440,"John Dies at the End (John Dies at the End, #1)",David Wong,eng,3.92,35387
17349,The Demon-Haunted World: Science as a Candle in the Dark,"Carl Sagan, Ann Druyan",eng,4.27,40583
6408862,Stolen: A Letter to My Captor,Lucy Christopher,eng,3.93,52435
95558,Solaris,Stanisław Lem,eng,3.97,41249
227603,Prozac Nation,Elizabeth Wurtzel,en-US,3.57,44408
24784,The Black Cauldron (The Chronicles of Prydain #2),Lloyd Alexander,eng,4.13,49138
141565,This Is Your Brain on Music: The Science of a Human Obsession,Daniel J. Levitin,,3.86,37465
17888952,The First Phone Call from Heaven,Mitch Albom,eng,3.73,38957
61115,Possible Side Effects,Augusten Burroughs,en-US,3.97,38243
17884042,Still Life with Bread Crumbs,Anna Quindlen,eng,3.63,35682
16322,"The A.B.C. Murders (Hercule Poirot, #13)",Agatha Christie,eng,3.97,49513
280111,Holy Bible: New International Version,Anonymous,eng,4.61,40430
10993282,"Lover Reborn (Black Dagger Brotherhood, #10)",J.R. Ward,eng,4.35,57866
110391,"The Duke and I (Bridgertons, #1)",Julia Quinn,en-US,4.11,57839
68378,"Dragons of Spring Dawning (Dragonlance: Chronicles, #3)","Margaret Weis, Tracy Hickman",eng,4.12,39928
5517,A Raisin in the Sun,Lorraine Hansberry,,3.72,44237
40445,"Altered Carbon (Takeshi Kovacs, #1)",Richard K. Morgan,eng,4.1,41505
34993,"The Sum of All Fears (Jack Ryan Universe, #7)",Tom Clancy,,3.99,43888
25837341,The Good Neighbor,A.J. Banner,eng,3.33,37604
17131869,"Saga, Vol. 2 (Saga, #2)","Brian K. Vaughan, Fiona Staples",eng,4.57,56122
231562,"The Enemy (Jack Reacher, #8)",Lee Child,en-US,4.15,42205
20604826,Flash Boys: A Wall Street Revolt,Michael   Lewis,eng,4.12,18379
193755,The Diving Bell and the Butterfly,"Jean-Dominique Bauby, Jeremy Leggatt",en-US,4.01,41037
13538641,Killing Kennedy: The End of Camelot,"Bill O'Reilly, Martin Dugard",eng,4.05,35799
25387351,Rogue Lawyer,John Grisham,,3.7,29156
10538,The Life and Times of the Thunderbolt Kid,Bill Bryson,,3.93,42680
7159515,Still Missing,Chevy Stevens,en-US,3.96,44223
4912,"'Tis (Frank McCourt, #2)",Frank McCourt,eng,3.66,40726
39020,1491: New Revelations of the Americas Before Columbus,Charles C. Mann,eng,4.01,41815
22489107,"Fairest (The Lunar Chronicles, #3.5)",Marissa Meyer,eng,4.02,59545
361459,An Unquiet Mind: A Memoir of Moods and Madness,Kay Redfield Jamison,eng,4.03,41102
381421,Jesus Calling: Enjoying Peace in His Presence,Sarah  Young,,4.54,35219
14940,Who's Afraid of Virginia Woolf?,Edward Albee,eng,4.09,45045
1128434,"The Last Wish (The Witcher, #1)",Andrzej Sapkowski,eng,4.2,36262
17841,Foucault's Pendulum,"Umberto Eco, William Weaver",en-US,3.89,40829
270067,A Pocket for Corduroy,Don Freeman,en-US,4.29,47277
21445,"The 5th Horseman (Women's Murder Club, #5)","James Patterson, Maxine Paetro",,4.03,45097
153008,"Kushiel's Dart (Phèdre's Trilogy, #1)",Jacqueline Carey,eng,4.04,52071
7501962,"Bonhoeffer: Pastor, Martyr, Prophet, Spy",Eric Metaxas,eng,4.23,35611
11746513,"Explosive Eighteen (Stephanie Plum, #18)",Janet Evanovich,eng,3.92,52993
6686092,"Lies (Gone, #3)",Michael  Grant,en-US,4.09,48506
672493,The Pursuit of God,A.W. Tozer,,4.38,35078
9659607,"The Iron Knight (The Iron Fey, #4)",Julie Kagawa,eng,4.23,64066
462033,"Maisie Dobbs (Maisie Dobbs, #1)",Jacqueline Winspear,en-US,3.91,49820
43916,"Magician (The Riftwar Saga, #1-2)",Raymond E. Feist,eng,4.32,43964
5453,"Forever in Blue: The Fourth Summer of the Sisterhood (Sisterhood, #4)",Ann Brashares,eng,3.8,56113
34527,"Feet of Clay (Discworld, #19; City Watch, #3)",Terry Pratchett,,4.26,46370
7822895,"The Millennium Trilogy (Millennium Trilogy, #1-3)","Stieg Larsson, Reg Keeland",eng,4.46,29944
29981261,The Butterfly Garden (The Collector #1),Dot Hutchison,eng,4.07,53568
9370,Skinny Legs and All,Tom Robbins,,4.03,32991
5604848,"Destined for an Early Grave (Night Huntress, #4)",Jeaniene Frost,en-US,4.34,63734
16134782,"In Flight (Up in the Air, #1)",R.K. Lilley,eng,4.1,64984
13128,"Cross (Alex Cross, #12)",James Patterson,eng,3.99,42476
19448,"All-American Girl (All-American Girl, #1)",Meg Cabot,eng,3.73,55938
27,Neither Here nor There: Travels in Europe,Bill Bryson,en-US,3.88,42170
23228,Boy Meets Boy,David Levithan,eng,3.85,48960
17349023,We Are Water,Wally Lamb,eng,3.79,35457
3393124,"Max (Maximum Ride, #5)",James Patterson,en-US,4.07,57039
7778981,"Halo (Halo, #1)",Alexandra Adornetto,en-US,3.67,56216
95186,The Inheritance of Loss,Kiran Desai,eng,3.41,37967
13813,"A Darkness At Sethanon (The Riftwar Saga, #4)",Raymond E. Feist,en-GB,4.17,45104
16640,The Sorrows of Young Werther,"Johann Wolfgang von Goethe, Burton Pike",eng,3.63,37293
3570231,"At Grave's End (Night Huntress, #3)",Jeaniene Frost,en-US,4.31,65397
24687,Don't Let's Go to the Dogs Tonight,Alexandra Fuller,eng,3.96,39298
41424,Beauty: A Retelling of the Story of Beauty and the Beast,Robin McKinley,eng,4.05,54512
6604712,Eating Animals,Jonathan Safran Foer,eng,4.18,43238
355917,"Flyte (Septimus Heap, #2)","Angie Sage, Mark Zug",en-US,3.99,54400
13637412,ساق البامبو,"سعود السنعوسي, Saud Alsanousi",ara,4.25,38969
10429092,"The Girl of Fire and Thorns (Fire and Thorns, #1)",Rae Carson,en-US,3.81,57551
7137327,"Enclave (Razorland, #1)",Ann Aguirre,eng,3.92,55155
4806,Longitude: The True Story of a Lone Genius Who Solved the Greatest Scientific Problem of His Time,"Dava Sobel, Neil Armstrong",eng,3.95,38151
232145,"Unnatural Exposure (Kay Scarpetta, #8)",Patricia Cornwell,en-GB,4.05,43531
14706,Faust: First Part,"Johann Wolfgang von Goethe, Peter Salm",eng,3.93,43276
296662,Lies My Teacher Told Me,James W. Loewen,eng,3.96,37903
45108,"Fool's Fate (Tawny Man, #3)",Robin Hobb,,4.38,43985
3217221,"Locke & Key, Vol. 1: Welcome to Lovecraft","Joe Hill, Gabriel Rodríguez",en-US,4.18,46590
6043849,"The Ask and the Answer (Chaos Walking, #2)",Patrick Ness,eng,4.2,45578
73062,Scarlett,Alexandra Ripley,eng,3.44,38992
30241,"Bloody Bones (Anita Blake, Vampire Hunter #5)",Laurell K. Hamilton,eng,4.1,56782
46165,This Side of Paradise,F. Scott Fitzgerald,eng,3.68,40074
11797365,Escape from Camp 14: One Man's Remarkable Odyssey from North Korea to Freedom in the West,Blaine Harden,eng,3.99,37392
30263,"Every Which Way But Dead (The Hollows, #3)",Kim Harrison,en-US,4.29,56023
25852870,"Eligible: A Modern Retelling of Pride and Prejudice (The Austen Project, #4)",Curtis Sittenfeld,eng,3.63,37189
6988014,Seven Days in the Art World,Sarah Thornton,,3.54,26047
597790,The Children of Húrin,"J.R.R. Tolkien, Christopher Tolkien, Alan Lee",eng,3.94,39551
78427,The Total Money Makeover: A Proven Plan for Financial Fitness,Dave Ramsey,,4.29,37689
61549,Mr. Popper's Penguins,"Richard Atwater, Florence Atwater, Robert Lawson",eng,3.95,48964
234724,"Shadow Puppets (Ender's Shadow, #3)",Orson Scott Card,,3.88,43517
19103097,"The Magician's Land (The Magicians, #3)",Lev Grossman,eng,4.16,40799
10979,Light in August,William Faulkner,en-US,3.93,42101
24335,The Trumpet of the Swan,"E.B. White, Fred Marcellino",eng,4.06,53191
13641208,Tenth of December,George Saunders,eng,3.96,39183
6944032,"Night Pleasures (Dark-Hunter, #1)",Sherrilyn Kenyon,en-US,4.23,25985
998,The Millionaire Next Door: The Surprising Secrets of Americas Wealthy,"Thomas J. Stanley, William D. Danko",eng,4.0,43937
5267365,"Don't Judge a Girl by Her Cover (Gallagher Girls, #3)",Ally Carter,en-US,4.2,55517
14318,"Chronicles, Vol. 1",Bob Dylan,eng,3.98,35468
26,The Lost Continent: Travels in Small Town America,Bill Bryson,en-US,3.83,40254
9500416,Dreams of Joy (Shanghai Girls #2),Lisa See,en-CA,4.06,43863
43326,Tell Me Your Dreams,Sidney Sheldon,eng,3.93,34445
8248,"By the Shores of Silver Lake  (Little House, #5)","Laura Ingalls Wilder, Garth Williams",,4.16,51640
18630,"The Player of Games (Culture, #2)",Iain M. Banks,eng,4.26,36505
24384,The Cricket in Times Square,"George Selden, Garth Williams",eng,4.01,49987
21343,The Five Dysfunctions of a Team: A Leadership Fable,Patrick Lencioni,eng,4.01,40239
23940,Junky,"William S. Burroughs, Oliver  Harris, Allen Ginsberg",eng,3.85,39031
313605,Getting to Yes: Negotiating an Agreement Without Giving In,"Roger Fisher, William Ury, Bruce Patton",en-US,3.88,37205
16136959,"Mile High (Up in the Air, #2)",R.K. Lilley,en-GB,4.21,60279
25111004,November 9,Colleen Hoover,en-US,4.41,53321
29639736,"Everything We Keep (Everything We Keep, #1)",Kerry Lonsdale,eng,3.84,69018
15724654,"The Mighty Storm (The Storm, #1)",Samantha Towle,eng,4.19,61203
11250317,The Song of Achilles,Madeline Miller,eng,4.27,45373
29405093,The Girl with the Lower Back Tattoo,Amy Schumer,eng,3.76,47809
99944,The Bhagavad Gita,"Krishna-Dwaipayana Vyasa, Simon Brodbeck, Juan Mascaró",eng,4.1,33225
431,The New York Trilogy,"Paul Auster, Art Spiegelman",eng,3.92,34730
89763,Esperanza Rising,Pam Muñoz Ryan,eng,3.91,49106
5114,"Raise High the Roof Beam, Carpenters & Seymour: An Introduction",J.D. Salinger,eng,4.11,36751
7455,Sex and the City,Candace Bushnell,,3.37,39710
30244,"The Killing Dance (Anita Blake, Vampire Hunter, #6)",Laurell K. Hamilton,en-US,4.12,54997
12321,Beyond Good and Evil,"Friedrich Nietzsche, R.J. Hollingdale, Michael Tanner",eng,4.01,37181
108077,The Watsons Go to Birmingham - 1963,Christopher Paul Curtis,eng,3.95,44830
497199,Factotum,Charles Bukowski,,3.96,37376
10215349,"The Immortal Rules (Blood of Eden, #1)",Julie Kagawa,eng,4.1,52376
5632446,Columbine,Dave Cullen,eng,4.26,45029
31340,"Lasher (Lives of the Mayfair Witches, #2)",Anne Rice,eng,3.84,45760
22319275,Yellow Crocus,Laila Ibrahim,en-US,4.24,20554
15814872,No Easy Day: The Firsthand Account of the Mission That Killed Osama Bin Laden,"Mark Owen, Kevin Maurer",en-US,3.95,32267
13056159,The Chaperone,Laura Moriarty,en-US,3.84,42112
232123,"All That Remains (Kay Scarpetta, #3)",Patricia Cornwell,en-US,4.05,46604
10596,The Regulators,"Richard Bachman, Stephen King",eng,3.63,49405
25101,Season of Mists (The Sandman #4),"Neil Gaiman, Matt Wagner, George Pratt, Dick Giordano, Kelley Jones, P. Craig Russell, Mike Dringenberg, Malcolm Jones III, Todd Klein, Harlan Ellison",eng,4.54,44811
13130,Judge & Jury,"James Patterson, Andrew Gross",eng,3.98,38516
54539,Silas Marner,George Eliot,,3.6,48196
13644052,"Origin (Lux, #4)",Jennifer L. Armentrout,eng,4.44,63533
13839,The Botany of Desire: A Plant's-Eye View of the World,Michael Pollan,en-CA,4.05,37200
7930335,"Beautiful Redemption (Caster Chronicles, #4)","Kami Garcia, Margaret Stohl",eng,3.94,48268
6746018,The Distant Hours,Kate Morton,eng,3.87,46498
23125266,I Let You Go,Clare Mackintosh,en-GB,4.09,39990
325128,"Kidnapped (David Balfour, #1)",Robert Louis Stevenson,,3.78,44150
85431,"Friday Night Lights: A Town, a Team, and a Dream",H.G. Bissinger,,4.11,35799
180066,Beautiful Boy: A Father's Journey Through His Son's Addiction,David Sheff,en-US,4.03,36682
12900174,"The Vincent Boys (The Vincent Boys, #1)",Abbi Glines,eng,3.98,62029
261240,The Cask of Amontillado,Edgar Allan Poe,eng,4.09,48364
1715,Metamorphoses,"Ovid, David Raeburn, Denis Feeney",eng,4.03,42590
11206,In the Time of the Butterflies,Julia Alvarez,eng,4.13,39917
77398,Gap Creek,Robert Morgan,en-US,3.71,42122
9680718,"Half-Blood (Covenant, #1)",Jennifer L. Armentrout,eng,4.16,60629
93263,The Legend of Sleepy Hollow (Graphic Novel),"Bo Hampton, Tracey Hampton, Washington Irving",eng,3.96,43183
27126,"Bitter Is the New Black: Confessions of a Condescending, Egomaniacal, Self-Centered Smartass, Or, Why You Should Never Carry A Prada Bag to the Unemployment Office",Jen Lancaster,eng,3.9,41884
12716613,The Witness,Nora Roberts,,4.19,40943
21718,"Blindsighted (Grant County, #1)",Karin Slaughter,eng,4.1,41857
292408,Angle of Repose,Wallace Stegner,eng,4.27,40289
18989,"Tinker, Tailor, Soldier, Spy",John le Carré,,4.04,40871
99085,"Lord Brocktree (Redwall, #13)",Brian Jacques,en-US,3.95,42764
13253276,"Through the Ever Night (Under the Never Sky, #2)",Veronica Rossi,en-CA,4.17,54902
712313,Barefoot,Elin Hilderbrand,en-US,3.77,39531
6520,My Friend Leonard,James Frey,,3.83,34996
72159,Cat on a Hot Tin Roof,Tennessee Williams,eng,4.07,43781
1829709,"The Final Warning (Maximum Ride, #4)",James Patterson,en-US,3.86,55993
45109,"Golden Fool (Tawny Man, #2)",Robin Hobb,eng,4.32,43700
204276,"Split Second (Sean King & Michelle Maxwell, #1)",David Baldacci,en-US,3.98,38387
9681098,"The Fifth Witness (Mickey Haller, #5; Harry Bosch Universe, #20)",Michael Connelly,eng,4.17,37594
91981,"The Dragonbone Chair (Memory, Sorrow, and Thorn, #1)",Tad Williams,en-US,3.95,45102
9522,"Persepolis, Volume 1",Marjane Satrapi,fre,4.27,46993
71776,"At Home in Mitford (Mitford Years, #1)",Jan Karon,eng,4.11,44509
6828896,"Delivering Happiness: A Path to Profits, Passion, and Purpose",Tony Hsieh,,4.01,37601
542414,"Scorpia (Alex Rider, #5)",Anthony Horowitz,eng,4.16,44197
18712886,"The Queen of the Tearling (The Queen of the Tearling, #1)",Erika Johansen,eng,4.02,42472
3552023,"One False Note (The 39 Clues, #2)",Gordon Korman,eng,3.88,41970
46777,"Tithe (Modern Faerie Tales, #1)",Holly Black,eng,3.73,57326
455930,"Echo Burning (Jack Reacher, #5)",Lee Child,en-US,3.98,38524
1895792,"The Fury / Dark Reunion (The Vampire Diaries, #3-4)",L.J. Smith,en-US,3.74,51745
24378015,"Never Never (Never Never, #1)","Colleen Hoover, Tarryn Fisher",en-US,4.12,54590
15818362,Into the Darkest Corner,Elizabeth Haynes,eng,4.1,20725
76237,The Further Adventures of Sherlock Holmes: After Sir Arthur Conan Doyle (Classic Crime),"Richard Lancelyn Green, Ronald Knox, Julian Symons, Various",,4.4,36863
79378,"Roses are Red (Alex Cross, #6)",James Patterson,en-US,4.02,44383
43893,"Naked Empire (Sword of Truth, #8)",Terry Goodkind,en-GB,3.82,39682
92147,"Map of Bones (Sigma Force, #2)",James Rollins,eng,4.06,42828
22571540,The Stranger,Harlan Coben,eng,3.85,32333
1537534,"Unbelievable (Pretty Little Liars, #4)",Sara Shepard,en-US,4.06,46722
45195,A Passage to India,"E.M. Forster, Oliver Stallybrass, Pankaj Mishra",eng,3.66,46675
19549841,"Seraphina (Seraphina, #1)",Rachel Hartman,eng,3.98,33510
26046,"Morrigan's Cross (Circle Trilogy, #1)",Nora Roberts,eng,4.14,43455
49824,"The Mammoth Hunters (Earth's Children, #3)",Jean M. Auel,en-US,3.88,44834
2903736,"Princeps' Fury (Codex Alera, #5)",Jim Butcher,en-US,4.35,42827
73968,"Love Story (Love Story, #1)",Erich Segal,,3.6,41177
858513,Chrysanthemum,Kevin Henkes,en-US,4.31,43520
11808950,"Sweet Evil (Sweet, #1)",Wendy Higgins,eng,4.13,58879
21484,"The Winds of War (The Henry Family, #1)",Herman Wouk,en-US,4.36,41940
12341557,"The Wind Through the Keyhole (The Dark Tower, #4.5)","Stephen King, Jae Lee",eng,4.14,35888
68527,"The Last Kingdom (The Saxon Stories, #1)",Bernard Cornwell,en-US,4.23,38890
81948,The E-Myth Revisited: Why Most Small Businesses Don't Work and What to Do About It,Michael E. Gerber,,3.98,37671
281235,"Bunnicula (Bunnicula, #1)","James Howe, Deborah Howe, Alan Daniel",eng,3.83,50699
66678,"Exile (Forgotten Realms: The Dark Elf Trilogy, #2; Legend of Drizzt, #2)",R.A. Salvatore,eng,4.24,37728
11947829,"Ascend (Trylle, #3)",Amanda Hocking,en-US,4.08,26350
10822858,"The Keeper of Lost Causes (Department Q, #1)","Jussi Adler-Olsen, Lisa Hartford",eng,3.98,36825
23876,Of Love and Other Demons,Gabriel García Márquez,eng,3.98,29639
3992598,The Demigod Files (Percy Jackson and the Olympians),Rick Riordan,eng,4.04,55442
1297985,Musicophilia: Tales of Music and the Brain,Oliver Sacks,eng,3.88,38152
25526965,"End of Watch (Bill Hodges Trilogy, #3)",Stephen King,eng,4.09,33780
3684856,Fool,Christopher Moore,en-US,3.96,41502
69136,The Book of Lost Things,John Connolly,eng,3.98,43086
49195,My Life,Bill Clinton,eng,3.72,35852
59952,300,"Frank Miller, Lynn Varley",en-US,3.93,38323
6697305,"Storm Warning (The 39 Clues, #9)",Linda Sue Park,eng,3.98,39115
6950688,"Only the Good Spy Young (Gallagher Girls, #4)",Ally Carter,en-US,4.29,51772
455941,"Persuader (Jack Reacher, #7)",Lee Child,eng,4.09,37434
58077,"Grave Sight (Harper Connelly, #1)",Charlaine Harris,eng,3.85,52215
1991039,"Flaggermusmannen (Harry Hole, #1)","Jo Nesbø, Don Bartlett",nor,3.56,22230
407234,"Blood Brothers (Sign of Seven, #1)",Nora Roberts,eng,4.15,42696
10912,Picture Perfect,Jodi Picoult,en-GB,3.52,41631
294963,"Rurouni Kenshin, Vol. 1: Meiji Swordsman Romantic Story (Rurouni Kenshin, #1)","Nobuhiro Watsuki, Kenichiro Yagi",eng,4.33,36765
9888775,Catching Jordan,Miranda Kenneally,eng,3.85,50383
18600,Touching the Void: The True Story of One Man's Miraculous Survival,Joe Simpson,eng,4.2,36048
15784909,"This Girl (Slammed, #3)",Colleen Hoover,eng,4.18,58808
205330,There Was an Old Lady Who Swallowed a Fly,Simms Taback,,4.2,41867
2255,Way of the Peaceful Warrior: A Book That Changes Lives,Dan Millman,en-US,4.13,34136
12781,The Satanic Verses,Salman Rushdie,eng,3.71,37354
6178648,Nothing to Envy: Ordinary Lives in North Korea,Barbara Demick,eng,4.42,37284
866222,Winning,"Jack Welch, Suzy Welch",,3.8,33160
17158596,"Collide (Collide, #1)",Gail McHugh,eng,4.24,55720
3860977,How We Decide,Jonah Lehrer,en-US,3.81,32507
91661,"The Beekeeper's Apprentice (Mary Russell, #1)",Laurie R. King,en-US,4.08,46665
356321,The Story of Babar,"Jean de Brunhoff, Merle S. Haas",en-US,4.07,50976
8458018,"The Warlock (The Secrets of the Immortal Nicholas Flamel, #5)",Michael Scott,eng,4.17,41271
6316821,"First Lord's Fury (Codex Alera, #6)",Jim Butcher,eng,4.37,41816
6834410,The Imperfectionists,Tom Rachman,eng,3.54,36571
16151178,The Sea of Tranquility,Katja Millay,eng,4.34,52982
9517,"Persepolis 2: The Story of a Return (Persepolis, #2)","Marjane Satrapi, Anjali Singh",eng,4.23,45718
64217,"Pyramids (Discworld, #7)",Terry Pratchett,en-US,3.88,44710
149302,"Silverthorn (The Riftwar Saga, #3)",Raymond E. Feist,en-GB,4.06,42148
1314332,Before I Die,Jenny Downham,eng,3.84,38551
6728738,Committed: A Skeptic Makes Peace with Marriage,Elizabeth Gilbert,eng,3.39,37410
104378,Keeping the Moon,Sarah Dessen,en-US,3.86,51537
18080920,"The Transfer (Divergent, #0.1)",Veronica Roth,eng,4.19,42240
43887,"Chainfire (Sword of Truth, #9)",Terry Goodkind,en-US,3.95,38743
129650,Mastering the Art of French Cooking,"Julia Child, Simone Beck, Louisette Bertholle",en-US,4.33,34055
9876989,"Blue Exorcist, Vol. 1  (Blue Exorcist, #1)","Kazue Kato, John Werry",eng,4.36,39464
604803,"Confessor (Sword of Truth, #11)",Terry Goodkind,en-US,4.08,37862
88815,The Reluctant Fundamentalist,Mohsin Hamid,eng,3.67,33879
12432220,The False Prince (The Ascendance Trilogy #1),Jennifer A. Nielsen,eng,4.22,49667
85386,"Rabbit, Run (Rabbit Angstrom #1)",John Updike,eng,3.57,39485
56627,Stumbling on Happiness,Daniel Todd Gilbert,eng,3.82,37601
400412,The Waste Land and Other Poems,T.S. Eliot,en-US,4.23,38462
201146,Little Bear,"Else Holmelund Minarik, Maurice Sendak",eng,4.22,46731
206172,The Pit and the Pendulum,Edgar Allan Poe,eng,4.15,40289
34529,"Lords and Ladies (Discworld, #14; Witches #4)",Terry Pratchett,eng,4.14,43980
62530,"Thud! (Discworld, #34; City Watch #7)",Terry Pratchett,eng,4.29,44496
28876,"His Majesty's Dragon (Temeraire, #1)",Naomi Novik,eng,4.05,48381
444304,"The Field Guide (The Spiderwick Chronicles, #1)","Holly Black, Tony DiTerlizzi",eng,3.85,56913
7497897,Radical: Taking Back Your Faith from the American Dream,David Platt,eng,4.18,36326
1303,The 48 Laws of Power,"Robert Greene, Joost Elffers",,4.18,37613
41667,"My Side of the Mountain (Mountain, #1)",Jean Craighead George,eng,4.03,47002
3392089,"The Winter Sea (Slains, #1)","Susanna Kearsley, Rosalyn Landor",eng,4.07,39572
5861926,"The Sword Thief (The 39 Clues, #3)",Peter Lerangis,eng,3.87,41021
85437,Coma,Robin Cook,eng,3.86,29071
46945,Requiem for a Dream,"Hubert Selby Jr., Darren Aronofsky, Richard Price",eng,4.1,37995
111332,"Into the Wild (Warriors, #1)",Erin Hunter,eng,4.29,48111
76401,Bury My Heart at Wounded Knee: An Indian History of the American West,Dee Brown,,4.21,40565
128066,"The Pianist: The Extraordinary Story of One Man's Survival in Warsaw, 1939–45","Władysław Szpilman, Anthea Bell",,4.24,43578
16033902,"Rush (Breathless, #1)",Maya Banks,eng,3.97,53937
3052106,The Picture of Dorian Gray: A Graphic Novel,"Ian Edginton, Oscar Wilde, I.N.J. Culbard",eng,4.12,40650
11557,Swan Song,Robert McCammon,eng,4.28,38018
22522805,The Buried Giant,Kazuo Ishiguro,eng,3.42,31271
68494,"Perdido Street Station (Bas-Lag, #1)",China Miéville,eng,3.96,41058
4070493,"Need (Need, #1)",Carrie Jones,eng,3.71,54819
2442,"Witches Abroad (Discworld, #12; Witches #3)",Terry Pratchett,eng,4.2,47875
721012,The Legend of Sleepy Hollow and Other Stories,"Geoffrey Crayon, Washington Irving, William L. Hedges",eng,3.93,42952
117,Heretics of Dune (Dune Chronicles #5),Frank Herbert,eng,3.83,40415
772852,The Cross and the Switchblade,"David Wilkerson, John Sherrill, Elizabeth Sherrill",,4.2,37349
346087,"Captain's Fury (Codex Alera, #4)",Jim Butcher,eng,4.38,42769
9912994,"Damned (Damned, #1)",Chuck Palahniuk,eng,3.38,33787
222458,Rules,Cynthia Lord,,3.96,42950
8584686,Swamplandia!,Karen Russell,eng,3.21,38955
49353,"The Last Coyote (Harry Bosch, #4; Harry Bosch Universe, #4)",Michael Connelly,eng,4.21,37717
2715,Salt: A World History,Mark Kurlansky,eng,3.73,39402
31173,Villette,"Charlotte Brontë, A.S. Byatt, Μαρία Λαϊνά, Ignes Sodre",eng,3.75,41793
10552338,Reamde,Neal Stephenson,eng,3.96,34839
34502,"Soul Music (Discworld, #16; Death, #3)",Terry Pratchett,eng,4.02,43626
14740588,"Notorious Nineteen (Stephanie Plum, #19)",Janet Evanovich,eng,3.9,42656
6117055,The Greatest Show on Earth: The Evidence for Evolution,Richard Dawkins,en-GB,4.16,34088
392297,"Sin City, Vol. 1: The Hard Goodbye (Sin City, #1)",Frank Miller,eng,4.16,40866
356896,The Greatest Salesman in the World,Og Mandino,eng,4.19,35971
3758,"Casino Royale (James Bond, #1)",Ian Fleming,eng,3.73,39150
83144,"The Bronze Horseman (The Bronze Horseman, #1)",Paullina Simons,eng,4.34,37369
11346,Sula,Toni Morrison,en-US,3.86,37196
17999892,"The Atlantis Gene (The Origin Mystery, #1)",A.G. Riddle,eng,3.69,20626
7148256,"The Red Queen (The Plantagenet and Tudor Novels, #3)",Philippa Gregory,eng,3.74,42128
6642402,"Something About You (FBI/US Attorney, #1)",Julie James,eng,3.94,47720
105552,Mr. Brown Can Moo! Can You?,Dr. Seuss,en-US,4.11,41437
10607,"Black House (The Talisman, #2)","Stephen King, Peter Straub",eng,3.99,40734
15719,Marvel 1602,"Neil Gaiman, Andy Kubert, Richard Isanove, Peter Sanderson",eng,3.93,43541
26722,"Act of Treason (Mitch Rapp, #9)",Vince Flynn,en-US,4.28,34242
13330761,The Dog Stars,Peter Heller,,3.9,33465
19494,The Spy Who Came In from the Cold,John le Carré,eng,4.05,37557
133664,"Academ's Fury (Codex Alera, #2)",Jim Butcher,eng,4.27,43941
13162,"When the Wind Blows (When the Wind Blows, #1)",James Patterson,eng,3.92,39948
6443834,"1Q84 BOOK 1 (1Q84, #1)","Haruki Murakami, 村上 春樹",jpn,3.96,32323
4004,The Pilgrimage,"Paulo Coelho, Alan R. Clarke",eng,3.64,28283
383028,"The Hard Way (Jack Reacher, #10)",Lee Child,en-US,4.14,36240
231821,The Incredible Journey,Sheila Burnford,eng,4.16,42094
13529,March,Geraldine Brooks,en-US,3.73,43737
13359067,"A Wanted Man (Jack Reacher, #17)","Lee Child, Dick Hill",eng,4.0,33264
22369,"All-Star Superman, Vol. 1","Grant Morrison, Frank Quitely",eng,4.06,35061
12177850,"A Song of Ice and Fire (A Song of Ice and Fire, #1-5)",George R.R. Martin,eng,4.63,20567
16158558,"Dark Witch (The Cousins O'Dwyer Trilogy, #1)",Nora Roberts,eng,3.91,33481
7198988,"Dark Flame (The Immortals, #4)",Alyson Noel,eng,3.73,51250
25734248,The Widow,Fiona Barton,eng,3.49,36504
6255144,"The Black Circle (The 39 Clues, #5)",Patrick Carman,en-US,4.0,42084
15820748,"The Prince (The Selection, #0.5)",Kiera Cass,,3.93,51454
16069030,"The Winner's Curse (The Winner's Trilogy, #1)",Marie Rutkoski,eng,4.03,56635
71332,Push,Sapphire,eng,3.82,36207
17465515,The Story of a New Name (The Neapolitan Novels #2),"Elena Ferrante, Ann Goldstein",eng,4.37,33395
70539,"2010: Odyssey Two (Space Odyssey, #2)",Arthur C. Clarke,eng,3.89,36907
6406018,"Soul Eater, Vol. 01 (Soul Eater, #1)",Atsushi Ohkubo,en-US,4.3,34289
15803059,Ordinary Grace,William Kent Krueger,eng,4.14,34720
14839,Last Man Standing,David Baldacci,eng,4.03,36265
118944,American Born Chinese,Gene Luen Yang,eng,3.88,47824
1335184,Peter Pan (A Little Golden Book),"Eugene Bradley Coco, Ron Dias, Walt Disney Company",eng,4.32,38907
15990969,"Ten Tiny Breaths (Ten Tiny Breaths, #1)",K.A. Tucker,eng,4.16,54718
7141642,The Thousand Autumns of Jacob de Zoet,David Mitchell,eng,4.03,36021
18525,Dr. Faustus,Christopher Marlowe,eng,3.79,39518
84145,Dance with the Devil (Dark-Hunter #3),Sherrilyn Kenyon,eng,4.39,51282
6614,Lipstick Jungle,Candace Bushnell,eng,3.39,35792
79379,"Violets Are Blue (Alex Cross, #7)",James Patterson,eng,3.94,41555
180116,"Awaken the Giant Within: How to Take Immediate Control of Your Mental, Emotional, Physical and Financial Destiny!","Anthony Robbins, Tony Robbins, Frederick L. Covan",eng,4.1,33586
30246,"Blue Moon (Anita Blake, Vampire Hunter, #8)",Laurell K. Hamilton,en-US,4.04,52170
30242,"Burnt Offerings (Anita Blake, Vampire Hunter, #7)",Laurell K. Hamilton,en-US,4.07,53980
19286669,"The Silent Sister (Riley MacPherson, #1)",Diane Chamberlain,eng,3.93,31741
9597,Player Piano,Kurt Vonnegut Jr.,eng,3.85,34362
10155,"The Lost World (Professor Challenger, #1)",Arthur Conan Doyle,,3.92,39169
34511,"Monstrous Regiment (Discworld, #31; Industrial Revolution, #3)",Terry Pratchett,eng,4.18,38851
60931,Kindred,Octavia E. Butler,eng,4.18,43332
8282,"The Long Winter (Little House, #6)","Laura Ingalls Wilder, Garth Williams",,4.16,54443
525488,"Boundaries: When to Say Yes, How to Say No to Take Control of Your Life","Henry Cloud, John Townsend",en-US,4.19,19619
17378508,"Blue Lily, Lily Blue (The Raven Cycle, #3)",Maggie Stiefvater,eng,4.32,56637
43945,Portnoy's Complaint,"Philip Roth, Luca Marinelli",,3.69,35855
815716,The 21 Irrefutable Laws of Leadership: Follow Them and People Will Follow You,"John C. Maxwell, Zig Ziglar",eng,4.12,30255
51019,Cat's Eye,Margaret Atwood,eng,3.92,42317
15783307,"The Perfect Game (The Perfect Game, #1)",J. Sterling,eng,3.97,50442
7540092,"Monsters of Men (Chaos Walking, #3)",Patrick Ness,eng,4.25,43024
8647,"Shadow of the Giant (Ender's Shadow, #4)",Orson Scott Card,eng,3.98,37479
10128428,Wonderstruck,Brian Selznick,eng,4.16,42530
748862,Simple Abundance:  A Daybook of Comfort and Joy,Sarah Ban Breathnach,en-US,3.96,32751
9917938,"Blood Red Road (Dust Lands, #1)",Moira Young,eng,3.94,47690
13131,"The 6th Target (Women's Murder Club, #6)","James Patterson, Maxine Paetro",en-US,4.02,41500
40395,"A Princess of Mars (Barsoom, #1)","Edgar Rice Burroughs, John Seelye",en-GB,3.8,34536
17262203,"MaddAddam (MaddAddam, #3)",Margaret Atwood,eng,3.98,33861
77770,"These Happy Golden Years (Little House, #8)","Laura Ingalls Wilder, Garth Williams",eng,4.17,51432
19596,Color: A Natural History of the Palette,Victoria Finlay,en-US,3.74,42256
5357,Skipping Christmas,John Grisham,eng,3.47,39486
24244,"The Black Ice (Harry Bosch, #2; Harry Bosch Universe, #2)",Michael Connelly,eng,4.05,36748
12022079,Home Front,Kristin Hannah,eng,4.12,36972
16117506,"Beautiful Stranger (Beautiful Bastard, #2)",Christina Lauren,eng,4.24,55764
127459,"The Sweet Far Thing (Gemma Doyle, #3)",Libba Bray,eng,3.97,54602
5197,A Lesson Before Dying,Ernest J. Gaines,en-US,3.93,40651
178357,SantaLand Diaries,David Sedaris,en-US,4.33,38297
24820165,See Me,Nicholas Sparks,eng,3.93,31774
7415016,"Mini Shopaholic (Shopaholic, #6)",Sophie Kinsella,eng,3.7,40137
857448,Harry the Dirty Dog,"Gene Zion, Margaret Bloy Graham",en-US,4.17,44319
18144115,All Fall Down,Jennifer Weiner,eng,3.61,31249
393199,Down and Out in Paris and London,George Orwell,en-US,4.1,34739
6081685,"Maid-sama! Vol. 01 (Maid-sama!, #1)",Hiro Fujiwara,eng,4.4,36028
381102,Griffin and Sabine (Griffin & Sabine #1),Nick Bantock,eng,4.01,36496
14061957,"Ruin and Rising (Shadow and Bone, #3)",Leigh Bardugo,eng,4.17,56836
3503947,يوتوبيا,أحمد خالد توفيق,ara,3.9,31669
421549,Certain Girls (Cannie Shapiro #2),Jennifer Weiner,eng,3.7,39334
13152194,Tiny Beautiful Things: Advice on Love and Life from Dear Sugar,Cheryl Strayed,,4.29,33979
743599,"Beyond the Highland Mist (Highlander, #1)",Karen Marie Moning,eng,3.99,51854
15654,The Stranger Beside Me: Ted Bundy The Shocking Inside Story,Ann Rule,en-GB,4.13,35824
3054684,"Stargazer (Evernight, #2)",Claudia Gray,eng,3.8,49050
7668,Rising Sun,Michael Crichton,eng,3.61,38179
136167,The Other Side of Midnight (Midnight #1),Sidney Sheldon,eng,3.89,34570
7936809,"The Reversal (Harry Bosch, #16; Mickey Haller, #4; Harry Bosch Universe, #19)",Michael Connelly,eng,4.13,34973
10065,Wayside School Is Falling Down (Wayside School #2),"Louis Sachar, Joel Schick",eng,4.17,45631
7274337,The Invisible Bridge,"Julie Orringer, Arthur Morey",eng,4.19,35122
15861491,"The Fall of Five (Lorien Legacies, #4)",Pittacus Lore,eng,4.24,41533
56759,The Mayor of Casterbridge,"Thomas Hardy, Keith Wilson",eng,3.8,40063
8732,The Red Pony,John Steinbeck,,3.42,37535
498389,"The Devil's Star (Harry Hole, #5)",Jo Nesbø,eng,4.03,32907
5159,Here on Earth,Alice Hoffman,eng,3.68,38954
119091,"Taltos (Lives of the Mayfair Witches, #3)","Anne Rice, Tim Curry",,3.78,40915
190361,"Obsidian Butterfly (Anita Blake, Vampire Hunter, #9)",Laurell K. Hamilton,eng,4.08,51571
9268487,"The Daylight War (Demon Cycle, #3)",Peter V. Brett,eng,4.23,34419
1248179,The Appeal,John Grisham,en-US,3.58,39100
13830,"The Woman Who Rides Like a Man (Song of the Lioness, #3)",Tamora Pierce,en-US,4.2,53413
8680417,"Midnight Riot (Peter Grant, #1)",Ben Aaronovitch,eng,3.92,21519
9303,Lucy Sullivan Is Getting Married,Marian Keyes,en-US,3.74,38473
34501,"A Hat Full of Sky (Discworld, #32; Tiffany Aching, #2)",Terry Pratchett,eng,4.29,43460
50365,"A Suitable Boy (A Suitable Boy, #1)",Vikram Seth,en-US,4.1,33973
22738563,We Should All Be Feminists,Chimamanda Ngozi Adichie,eng,4.47,46048
8087906,"River Marked (Mercy Thompson, #6)",Patricia Briggs,en-GB,4.26,52220
4135,I Like You: Hospitality Under the Influence,Amy Sedaris,eng,3.87,34212
22320,"Pattern Recognition (Blue Ant, #1)",William Gibson,eng,3.86,34917
21936809,The Kind Worth Killing,Peter  Swanson,eng,4.03,35225
11525,"1,000 Places to See Before You Die",Patricia Schultz,,3.83,33025
355916,"Physik (Septimus Heap, #3)","Angie Sage, Mark Zug",en-US,3.99,42838
6667,Boy: Tales of Childhood,"Roald Dahl, Quentin Blake",eng,4.09,38240
10890,Traveling Mercies: Some Thoughts on Faith,Anne Lamott,en-CA,4.15,36466
184657,"Memorial Day (Mitch Rapp, #7)",Vince Flynn,eng,4.3,31864
13836,"Wild Magic (Immortals, #1)",Tamora Pierce,en-US,4.32,52165
30013,Prelude to Foundation,Isaac Asimov,eng,4.05,40342
56728,"You Are Special (Wemmicksville, #1)",Max Lucado,eng,4.45,41052
18798983,"The Wrath and the Dawn (The Wrath and the Dawn, #1)",Renee Ahdieh,eng,4.19,58175
6260997,Half the Sky: Turning Oppression into Opportunity for Women Worldwide,"Nicholas D. Kristof, Sheryl WuDunn",eng,4.31,37270
10798418,Why We Broke Up,"Daniel Handler, Maira Kalman",eng,3.49,41202
18243700,"The Assassin's Blade (Throne of Glass, #0.1-0.5)",Sarah J. Maas,eng,4.48,53227
2807199,American Wife,Curtis Sittenfeld,eng,3.72,38537
29394,"Cursor's Fury (Codex Alera, #3)",Jim Butcher,eng,4.36,41344
334176,"The Sparrow (The Sparrow, #1)",Mary Doria Russell,eng,4.17,40781
10910,Mercy,Jodi Picoult,en-GB,3.57,37252
20727654,"The Paper Magician (The Paper Magician Trilogy, #1)",Charlie N. Holmberg,eng,3.63,25934
6023056,"Act Like a Lady, Think Like a Man: What Men Really Think About Love, Relationships, Intimacy, and Commitment",Steve Harvey,,3.82,29059
10335318,"Destiny of the Republic: A Tale of Madness, Medicine and the Murder of a President",Candice Millard,en-US,4.19,34460
89724,We Have Always Lived in the Castle,"Shirley Jackson, Jonathan Lethem",eng,4.05,43602
56405,Love and Respect: The Love She Most Desires; The Respect He Desperately Needs,Emerson Eggerichs,,4.17,32858
2761626,"The Brass Verdict (Harry Bosch, #14; Mickey Haller, #2; Harry Bosch Universe, #17)",Michael Connelly,eng,4.08,36497
216442,Dark Force Rising,Timothy Zahn,en-US,4.14,37197
17262159,"Never Go Back (Jack Reacher, #18)",Lee Child,eng,4.02,27578
183656,The Two Princesses of Bamarre,Gail Carson Levine,eng,4.02,55218
228630,Black Boy,"Richard Wright, Jerry W. Ward Jr.",en-US,4.02,36840
5167,Cane River,Lalita Tademy,en-US,4.04,38013
43884,"Phantom (Sword of Truth, #10)",Terry Goodkind,,3.99,35131
29582,Foundation and Earth (Foundation #5),Isaac Asimov,eng,4.02,39003
10058,Flags of Our Fathers,"James D. Bradley, Ron Powers",,4.18,37561
99111,"The World of Winnie-the-Pooh (Winnie-the-Pooh, #1-2)","A.A. Milne, Ernest H. Shepard",eng,4.43,32504
112803,The Story of My Experiments With Truth,Mahatma Gandhi,eng,4.07,28177
2265,It's Not About the Bike: My Journey Back to Life,"Lance Armstrong, Sally Jenkins",en-US,3.72,31963
45546,Undaunted Courage: The Pioneering First Mission to Explore America's Wild Frontier,Stephen E. Ambrose,eng,4.22,32875
18803640,H is for Hawk,Helen Macdonald,eng,3.74,30841
21423525,Us,David Nicholls,eng,3.66,28856
66695,"Sojourn (Forgotten Realms: The Dark Elf Trilogy, #3; Legend of Drizzt, #3)",R.A. Salvatore,eng,4.23,38242
6393082,"Ender's Game, Volume 1: Battle School (Ender's Saga)","Christopher Yost, Orson Scott Card, Pasqual Ferry, Frank D'Armata",en-US,4.37,32247
6218007,"Kimi ni Todoke: From Me to You, Vol. 1","Karuho Shiina, Tomo Kimura",eng,4.23,37369
182425,False Memory,Dean Koontz,en-US,3.87,36882
34510,"Moving Pictures (Discworld, #10; Industrial Revolution, #1)",Terry Pratchett,eng,3.91,42892
12513614,"Captive in the Dark (The Dark Duet, #1)",C.J. Roberts,eng,4.01,55542
81959,As a Man Thinketh,James Allen,eng,4.29,29122
2082136,Bonk: The Curious Coupling of Science and Sex,Mary Roach,en-US,3.83,38157
544257,"Midnight Alley (The Morganville Vampires, #3)",Rachel Caine,eng,4.11,49083
23278537,The Little Paris Bookshop,"Nina George, Simon Pare",eng,3.51,34383
13562049,Sweet Tooth,Ian McEwan,eng,3.4,32637
17333880,"Twisted Perfection (Rosemary Beach, #5; Perfection, #1)",Abbi Glines,eng,4.26,57408
19675,"Executive Orders (Jack Ryan Universe, #9)",Tom Clancy,eng,4.04,35513
8592946,One Thousand Gifts: A Dare to Live Fully Right Where You Are,Ann Voskamp,eng,4.03,33960
156427,Psycho,Robert Bloch,eng,4.09,36153
45100,"Ship of Magic (Liveship Traders, #1)",Robin Hobb,eng,4.12,37381
148337,Where Eagles Dare ,"Alistair MacLean, Clint Willis",,4.12,35233
41977,Circle of Friends,Maeve Binchy,eng,4.0,43936
23513349,Milk and Honey,Rupi Kaur,eng,4.27,73104
5720,"Rainbow Six (Jack Ryan Universe, #10)",Tom Clancy,en-US,4.07,35278
16788,Fragile Things: Short Fictions and Wonders,Neil Gaiman,eng,4.02,38942
8196732,Sister,Rosamund Lupton,eng,3.77,35893
20518872,"The Three-Body Problem (Remembrance of Earth’s Past, #1)","Liu Cixin, Ken Liu",eng,4.0,33409
48002,"Thief of Time (Discworld, #26; Death, #5)",Terry Pratchett,eng,4.25,42002
154798,Superman: Red Son,"Mark Millar, Kilian Plunkett, Andrew Robinson, Walden Wong, Dave Johnson",eng,4.17,35438
227593,Three Junes,Julia Glass,eng,3.56,35677
52309,The Autobiography of Benjamin Franklin,"Benjamin Franklin, Lewis Leary",eng,3.83,33061
1858013,The Reason for God: Belief in an Age of Skepticism,Timothy J. Keller,eng,4.2,31692
12891107,"King of Thorns (The Broken Empire, #2)",Mark  Lawrence,en-US,4.2,33941
12160906,"The Sins of the Father (The Clifton Chronicles, #2)",Jeffrey Archer,eng,4.01,27456
187811,"Shadowland (The Mediator, #1)",Meg Cabot,eng,4.04,51580
3047849,"Killer (Pretty Little Liars, #6)",Sara Shepard,eng,4.07,39702
4898,Blue Ocean Strategy: How To Create Uncontested Market Space And Make The Competition Irrelevant,"W. Chan Kim, Renée Mauborgne",,3.86,30665
6431790,"Fang (Maximum Ride, #6)",James Patterson,eng,4.07,48964
8546358,The Peach Keeper,Sarah Addison Allen,en-US,3.84,45468
815234,The Napping House,"Audrey Wood, Don    Wood",,4.27,37773
27239265,"The Short Drop (Gibson Vaughn, #1)",Matthew FitzSimmons,eng,4.15,32641
33453,"You Suck (A Love Story, #2)",Christopher Moore,eng,3.82,38818
18104607,"Beautiful Oblivion (The Maddox Brothers, #1)",Jamie McGuire,eng,4.13,54391
77711,"A Fire Upon the Deep (Zones of Thought, #1)",Vernor Vinge,eng,4.13,37986
6709,"Practicing the Power of Now: Essential Teachings, Meditations, and Exercises from the Power of Now",Eckhart Tolle,,4.25,29256
19469,"The Face on the Milk Carton (Janie Johnson, #1)",Caroline B. Cooney,en-US,3.72,43334
413158,Put Me in the Zoo,Robert Lopshire,eng,4.13,38809
6448470,"Firelight (Firelight, #1)",Sophie Jordan,en-US,3.88,51815
9809,Invisible Cities,"Italo Calvino, William Weaver",eng,4.19,32253
11096647,"Flat-Out Love (Flat-Out Love, #1)",Jessica Park,eng,4.01,47644
17905709,The Narrow Road to the Deep North,Richard Flanagan,eng,4.0,25197
26582,"The Claiming of Sleeping Beauty (Sleeping Beauty, #1)","A.N. Roquelaure, Anne Rice",en-US,3.28,38387
6114607,"The Midwife: A Memoir of Birth, Joy, and Hard Times",Jennifer Worth,en-US,4.17,19176
10882,Hell's Angels: A Strange and Terrible Saga,Hunter S. Thompson,fre,4.0,27819
9758764,Then Came You,Jennifer Weiner,en-US,3.69,36469
395922,"The Awakening (The Vampire Diaries, #1)",L.J. Smith,eng,3.41,44222
73070,"It Had to Be You (Chicago Stars, #1)",Susan Elizabeth Phillips,eng,4.04,45961
13707738,Boomerang: Travels in the New Third World,Michael   Lewis,eng,3.87,15616
7227174,Fly Away Home,Jennifer Weiner,eng,3.66,37026
14662,The Red and the Black,"Stendhal, Roger Gard",eng,3.87,33346
16183,"The Virgin's Lover (The Plantagenet and Tudor Novels, #13)",Philippa Gregory,en-US,3.69,40065
332775,"Incarceron (Incarceron, #1)",Catherine Fisher,eng,3.64,43524
10800916,"Awake at Dawn (Shadow Falls, #2)",C.C. Hunter,en-US,4.29,46269
452157,The Road to the Dark Tower: Exploring Stephen King's Magnum Opus,Bev Vincent,,4.29,32163
9462795,"Starcrossed (Starcrossed, #1)",Josephine Angelini,en-US,4.08,49448
7739934,"Night Star (The Immortals, #5)",Alyson Noel,eng,3.82,43998
67238,Dead Poets Society,N.H. Kleinbaum,eng,4.21,33645
23745132,Wreckage,Emily Bleeker,en-GB,3.66,25533
63720,"The Fifth Elephant (Discworld, #24; City Watch, #5)",Terry Pratchett,eng,4.24,40138
1524173,"The Sorcerer in the North (Ranger's Apprentice, #5)",John Flanagan,eng,4.25,39795
639864,Autobiography of a Yogi,Paramahansa Yogananda,en-US,4.22,26713
9595650,"Hexed (The Iron Druid Chronicles, #2)",Kevin Hearne,eng,4.22,39926
1325218,"Scary Stories to Tell in the Dark (Scary Stories, #1)","Alvin Schwartz, Stephen Gammell",eng,4.05,38879
26109394,Fool Me Once,Harlan Coben,eng,3.9,30788
27323,Hiroshima,John Hersey,eng,3.94,41338
6316171,Hate List,Jennifer Brown,eng,4.03,39677
15283043,The Distance Between Us,Kasie West,eng,3.95,44366
3873,"A History of God: The 4,000-Year Quest of Judaism, Christianity, and Islam",Karen Armstrong,eng,3.85,32506
16131032,"Abaddon's Gate (The Expanse, #3)",James S.A. Corey,eng,4.18,27860
5932,Twenty Love Poems and a Song of Despair,"Pablo Neruda, W.S. Merwin, Cristina García",eng,4.33,31606
382549,"The Cardinal of the Kremlin (Jack Ryan Universe, #5)",Tom Clancy,en-US,4.01,37672
1062516,"No, David!",David Shannon,en-US,4.11,36963
18414,Utopia,"Thomas More, Paul Turner",eng,3.5,36680
1099301,"The Name of This Book Is Secret (Secret, #1)","Pseudonymous Bosch, Gilbert Ford",en-US,4.04,39440
18053060,"Dorothy Must Die (Dorothy Must Die, #1)",Danielle  Paige,eng,3.84,44785
16429,The Husband,Dean Koontz,eng,3.8,36233
7048800,The Particular Sadness of Lemon Cake,Aimee Bender,eng,3.19,42885
6588,"The Big Bad Wolf  (Alex Cross, #9)",James Patterson,en-US,3.97,37060
533465,Balzac and the Little Chinese Seamstress,"Dai Sijie, Ina Rilke",en-US,3.63,39927
18813642,Bad Feminist,Roxane Gay,eng,3.91,41012
226709,"Petals on the Wind (Dollanganger, #2)",V.C. Andrews,en-US,3.82,40354
6690,Danny the Champion of the World,"Roald Dahl, Quentin Blake",,4.07,39802
9160695,Battle Hymn of the Tiger Mother,Amy Chua,eng,3.61,34710
19351043,Nimona,Noelle Stevenson,eng,4.2,44825
1192,Everyday Italian: 125 Simple and Delicious Recipes,Giada De Laurentiis,,3.97,32751
6537,"From Potter's Field (Kay Scarpetta, #6)",Patricia Cornwell,eng,4.02,41377
84736,"Mary, Mary (Alex Cross, #11)",James Patterson,eng,3.93,36926
15055,Oranges Are Not the Only Fruit,Jeanette Winterson,eng,3.75,35082
16139641,"Grounded (Up in the Air, #3)",R.K. Lilley,en-GB,4.29,53089
19427193,I Too Had a Love Story,Ravinder Singh,eng,3.64,24307
25051,"Mrs. Piggle-Wiggle (Mrs. Piggle Wiggle, #1)","Betty MacDonald, Alexandra Boiger",eng,4.16,44068
58962,"Trunk Music (Harry Bosch, #5; Harry Bosch Universe, #6)",Michael Connelly,eng,4.15,34702
18505796,"10% Happier: How I Tamed the Voice in My Head, Reduced Stress Without Losing My Edge, and Found Self-Help That Actually Works",Dan   Harris,eng,3.93,33969
120230,Barefoot Contessa at Home: Everyday Recipes You'll Make Over and Over Again,"Ina Garten, Quentin Bacon",,4.16,32611
32504,"Blood Work (Harry Bosch Universe, #8; Terry McCaleb #1)",Michael Connelly,eng,4.11,34296
41821,The Gods Themselves,Isaac Asimov,eng,4.08,35247
6393047,"The Viper's Nest (39 Clues, #7)",Peter Lerangis,eng,3.97,37663
7742,"Ahab's Wife, or The Star-Gazer",Sena Jeter Naslund,en-US,4.02,34603
13570,"Tsubasa: RESERVoir CHRoNiCLE, Vol. 01","CLAMP, Anthony Gerard",eng,4.12,34661
8962,"A Living Nightmare (Cirque Du Freak, #1)",Darren Shan,,4.07,38753
297627,"The League of Extraordinary Gentlemen, Vol. 1","Alan Moore, Kevin O'Neill",eng,3.93,40404
169756,Feed,M.T. Anderson,eng,3.54,42426
3819326,"Angels' Blood (Guild Hunter, #1)",Nalini Singh,eng,4.12,53738
752900,Medea,"Euripides, Rex Warner",en-GB,3.83,40237
6342491,"The Demon King (Seven Realms, #1)",Cinda Williams Chima,en-US,4.2,46756
821056,Hinds' Feet on High Places,Hannah Hurnard,,4.3,33398
38333,Black Hole,Charles Burns,eng,3.83,33070
19358975,"Saga, Vol. 3 (Saga, #3)","Brian K. Vaughan, Fiona Staples",eng,4.56,47549
20263040,"Personal (Jack Reacher, #19)",Lee Child,eng,3.9,19107
15994634,Z: A Novel of Zelda Fitzgerald,Therese Anne Fowler,eng,3.82,27563
4979,A Man Without a Country,Kurt Vonnegut Jr.,eng,4.07,29859
17667452,When I Found You,Catherine Ryan Hyde,en,3.92,16032
25893693,Lilac Girls,Martha Hall Kelly,eng,4.31,42421
552894,"7th Heaven (Women's Murder Club, #7)","James Patterson, Maxine Paetro",eng,4.06,38503
23664710,"Make Me (Jack Reacher, #20)",Lee Child,en-US,3.95,20999
18428067,A Constellation of Vital Phenomena,Anthony Marra,eng,4.13,23374
13496738,"While It Lasts (Sea Breeze, #3)",Abbi Glines,eng,4.24,49620
13414676,The End of Your Life Book Club,Will Schwalbe,eng,3.81,35412
1672727,Two-Way Street,Lauren Barnholdt,,3.8,42028
16001443,"All In (The Blackstone Affair, #2)",Raine Miller,eng,4.11,48278
1814843,"The Siege of Macindaw (Ranger's Apprentice, #6)",John Flanagan,eng,4.33,37607
49221,A Grief Observed,C.S. Lewis,en-US,4.26,35913
22416,"Transmetropolitan, Vol. 1: Back on the Street (Transmetropolitan, #1)","Warren Ellis, Darick Robertston, Garth Ennis",eng,4.23,30790
13833,"Emperor Mage (Immortals, #3)",Tamora Pierce,en-US,4.3,44115
8099187,Decision Points,George W. Bush,eng,3.77,28943
6387565,"Witch & Wizard (Witch & Wizard, #1)","James Patterson, Gabrielle Charbonnet",eng,3.57,28291
386286,"Julie of the Wolves (Julie of the Wolves, #1)","Jean Craighead George, John Schoenherr",eng,3.79,46442
37743,Forever . . .,Judy Blume,eng,3.63,42164
22609391,The Wright Brothers,David McCullough,eng,4.16,35786
31231,The Matarese Circle (Matarese #1),Robert Ludlum,,4.03,32016
3147367,American Lion: Andrew Jackson in the White House,Jon Meacham,en-US,3.76,32564
15842230,"The Forgotten (John Puller, #2)",David Baldacci,eng,4.07,27953
16065004,"Shadows of Self (Mistborn, #5)",Brandon Sanderson,eng,4.3,32170
17262155,"Mad About the Boy (Bridget Jones, #3)",Helen Fielding,eng,3.32,30713
30633,The Four Loves,C.S. Lewis,en-US,4.16,29684
20639274,Archer's Voice,Mia Sheridan,eng,4.45,53131
11010251,The Lost Wife,Alyson Richman,eng,4.2,33427
10505,History of Beauty,"Umberto Eco, Girolamo De Michele, Alastair McEwen",eng,3.77,33893
18765,"I, Claudius (Claudius, #1)",Robert Graves,eng,4.27,38484
13326831,"The Testing (The Testing, #1)",Joelle Charbonneau,eng,4.05,38142
17908462,"Takedown Twenty (Stephanie Plum, #20)",Janet Evanovich,en-US,3.75,36002
13628209,The Boy Who Sneaks in My Bedroom Window,Kirsty Moseley,en-GB,3.95,50929
13829,"Terrier (Beka Cooper, #1)",Tamora Pierce,eng,4.16,48028
8788554,"First Grave on the Right (Charley Davidson, #1)",Darynda Jones,en-US,4.07,50689
18039963,A House in the Sky,"Amanda Lindhout, Sara Corbett",eng,4.2,29369
9615347,Anya's Ghost,Vera Brosgol,eng,3.88,39477
9912,The Rules of Attraction,Bret Easton Ellis,eng,3.71,29456
30262,"The Good, the Bad, and the Undead (The Hollows, #2)",Kim Harrison,en-US,4.26,49321
66693,"The Crystal Shard (Forgotten Realms: Icewind Dale, #1; Legend of Drizzt, #4)",R.A. Salvatore,eng,4.13,32300
44597,Wide Sargasso Sea,Jean Rhys,eng,3.56,21053
16286,The Magus,John Fowles,en-US,4.04,32914
189811,"King of the Murgos (The Malloreon, #2)",David Eddings,en-GB,4.1,40098
402014,"On the Bright Side, I'm Now the Girlfriend of a Sex God (Confessions of Georgia Nicolson, #2)",Louise Rennison,,3.96,39114
20821614,"You (You, #1)",Caroline Kepnes,eng,3.83,36383
13618440,"Dreams of Gods & Monsters (Daughter of Smoke & Bone, #3)",Laini Taylor,eng,4.23,47315
1205297,Playing for Pizza,John Grisham,en-US,3.41,34577
9284655,"Tiger's Curse (The Tiger Saga, #1)",Colleen Houck,eng,4.07,46077
105,Chapterhouse: Dune (Dune Chronicles #6),Frank Herbert,eng,3.89,34822
20821284,Brown Girl Dreaming,Jacqueline Woodson,eng,4.11,33779
7094569,"Feed (Newsflesh Trilogy, #1)",Mira Grant,en-US,3.86,38956
3476,Icy Sparks,Gwyn Hyman Rubio,eng,3.68,34128
77394,"Anne's House of Dreams (Anne of Green Gables, #5)",L.M. Montgomery,eng,4.12,57062
75024,"The Templar Legacy (Cotton Malone, #1)",Steve Berry,en-US,3.81,35804
89165,"J is for Judgment (Kinsey Millhone, #10)",Sue Grafton,eng,4.01,39214
4836308,The Physick Book of Deliverance Dane,Katherine Howe,en-US,3.7,41284
55401,"Deadhouse Gates (The Malazan Book of the Fallen, #2)",Steven Erikson,eng,4.25,34042
17983690,"Lick (Stage Dive, #1)",Kylie Scott,eng,4.15,54585
78982,"Not a Penny More, Not a Penny Less",Jeffrey Archer,,4.0,28853
2315892,Best Served Cold,Joe Abercrombie,eng,4.16,36268
18635113,Elizabeth Is Missing,Emma Healey,eng,3.7,26931
154424,"Consent to Kill (Mitch Rapp, #8)",Vince Flynn,en-US,4.36,30675
8171378,The Warmth of Other Suns: The Epic Story of America's Great Migration,Isabel Wilkerson,eng,4.31,31308
20706317,The First Fifteen Lives of Harry August,Claire North,eng,4.04,22327
13623012,"The Prisoner of Heaven (The Cemetery of Forgotten Books, #3)",Carlos Ruiz Zafón,,3.96,27987
11366,The Guns of August,"Barbara W. Tuchman, Robert K. Massie",eng,4.18,35147
937249,"Separation of Power (Mitch Rapp, #5)",Vince Flynn,en-US,4.32,30081
71865,"Tomorrow, When the War Began (Tomorrow, #1)",John Marsden,en-US,4.05,36501
6514074,"The Monuments Men: Allied Heroes, Nazi Thieves, and the Greatest Treasure Hunt in History","Robert M. Edsel, Bret Witter",en-US,3.75,30583
18140047,Love Letters to the Dead,Ava Dellaira,eng,3.82,38701
10776793,War Brides,Helen Bryan,en-CA,3.75,16565
27071490,Homegoing,Yaa Gyasi,eng,4.41,41524
7237456,Packing for Mars: The Curious Science of Life in the Void,Mary Roach,en-US,3.93,35724
3410425,"Divine Justice (Camel Club, #4)",David Baldacci,en-US,4.17,35071
3918010,"Kick-Ass (Kick-Ass, #1)","Mark Millar, John Romita Jr., Rob Liefeld",eng,4.04,30688
408615,Left to Tell: Discovering God Amidst the Rwandan Holocaust,"Immaculée Ilibagiza, Steve Erwin",eng,4.43,30270
6686101,"Plague (Gone, #4)",Michael  Grant,en-US,4.18,38819
5344,Hard Times,Charles Dickens,eng,3.5,34675
16033842,La Vérité sur l'affaire Harry Quebert,Joël Dicker,fre,3.94,14610
3722183,A God in Ruins,Kate Atkinson,eng,3.92,26604
6681454,Caught,Harlan Coben,,3.98,34168
46202,"Magic Study (Study, #2)",Maria V. Snyder,eng,4.06,48234
667985,"Chobits, Vol. 1","CLAMP, Shirley Kubo",eng,4.05,34149
57891,Battle Royale,"Koushun Takami, Yuji Oniki",eng,4.24,35641
5126859,The Girl Who Chased the Moon,Sarah Addison Allen,en-US,3.97,41049
107301,A Town Like Alice,Nevil Shute,eng,4.12,36007
18667945,#GIRLBOSS,Sophia Amoruso,eng,3.71,40090
2485785,The Secret Life of CeeCee Wilkes,Diane Chamberlain,eng,4.09,32490
188230,Crocodile on the Sandbank (Amelia Peabody #1),Elizabeth Peters,en-US,4.02,44395
6070950,"Bed of Roses (Bride Quartet, #2)",Nora Roberts,eng,4.11,45089
19670,"Debt of Honor (Jack Ryan Universe, #8)",Tom Clancy,en-US,4.03,34952
17343,Till We Have Faces,C.S. Lewis,en-US,4.19,36758
224500,"Point Blank (Alex Rider, #2)",Anthony Horowitz,en-US,4.1,39296
15676,Strangers,Dean Koontz,,3.98,34661
93794,"The Kill Artist (Gabriel Allon, #1)",Daniel Silva,eng,4.0,31579
490867,"Knuffle Bunny: A Cautionary Tale (Knuffle Bunny, #1)",Mo Willems,eng,4.26,37886
47558,"The Gashlycrumb Tinies (The Vinegar Works, #1)",Edward Gorey,eng,4.23,37054
13147230,"The Long Earth (The Long Earth, #1)","Terry Pratchett, Stephen Baxter",eng,3.74,32313
1319,The War of Art: Break Through the Blocks & Win Your Inner Creative Battles,"Steven Pressfield, Robert McKee",en-US,4.07,31399
13223520,"Existence (Existence Trilogy, #1)",Abbi Glines,eng,3.95,51368
11438,What We Talk About When We Talk About Love,Raymond Carver,eng,4.22,29807
104379,That Summer,Sarah Dessen,eng,3.49,43723
10790290,"Theft of Swords (The Riyria Revelations, #1-2)",Michael J. Sullivan,eng,4.21,33076
17286747,"Necessary Lies (Necessary Lies, #1)",Diane Chamberlain,eng,4.21,32761
218467,Lucifer's Hammer,"Larry Niven, Jerry Pournelle",en-US,3.98,33228
114144,Montana Sky,Nora Roberts,eng,4.07,36576
31548,Of Human Bondage,"W. Somerset Maugham, Benjamin DeMott, Maeve Binchy",eng,4.11,33028
18879761,I Was Here,Gayle Forman,eng,3.78,38196
99110,"The Complete Tales and Poems of Winnie-the-Pooh (Winnie-the-Pooh, #1-4)","A.A. Milne, Ernest H. Shepard",en-US,4.49,37312
32527,"Alone (Detective D.D. Warren, #1)",Lisa Gardner,en-US,3.97,36437
153542,Mike Mulligan and His Steam Shovel,Virginia Lee Burton,,4.2,42632
17383994,"Divergent Series Complete Box Set (Divergent, #1-3)",Veronica Roth,en-US,4.32,19325
116296,"Making Money (Discworld, #36; Moist Von Lipwig, #2)",Terry Pratchett,en-US,4.23,39419
7074000,"Happy Ever After (Bride Quartet, #4)",Nora Roberts,eng,4.17,40323
10908,Harvesting the Heart,Jodi Picoult,eng,3.59,35064
16150830,"Never Fade (The Darkest Minds, #2)",Alexandra Bracken,eng,4.33,46332
3257136,Dewey: The Small-Town Library Cat Who Touched the World,"Vicki Myron, Bret Witter",eng,3.85,40356
16248113,"The School for Good and Evil (The School for Good and Evil, #1)",Soman Chainani,eng,4.0,35890
30259,"For a Few Demons More (The Hollows, #5)",Kim Harrison,en-US,4.33,44879
20821043,"The Secret Place (Dublin Murder Squad, #5)",Tana French,eng,3.83,30834
6604209,"Mistborn Trilogy Boxed Set (Mistborn, #1-3)",Brandon Sanderson,en-US,4.55,22917
227729,"The Coffin Dancer (Lincoln Rhyme, #2)",Jeffery Deaver,en-US,4.16,34121
6545536,"The Emperor's Code (The 39 Clues, #8)",Gordon Korman,eng,4.04,36068
808853,The Complete Adventures of Curious George,"Margret Rey, H.A. Rey",,4.23,39453
11082037,"The Drop (Harry Bosch, #17; Harry Bosch Universe, #21)",Michael Connelly,eng,4.14,32426
500503,"Sailor Moon, #1 (Sailor Moon, #1)",Naoko Takeuchi,eng,4.29,34951
17331349,Think Like a Freak,"Steven D. Levitt, Stephen J. Dubner",eng,3.82,25990
13436373,Drama,"Raina Telgemeier, Gurihiru",eng,4.14,42759
3110,Assassination Vacation,Sarah Vowell,en-US,3.98,32176
92121,Nine Princes in Amber (The Chronicles of Amber #1),Roger Zelazny,en-US,4.1,37961
18144053,The Museum of Extraordinary Things,Alice Hoffman,eng,3.73,29805
3220405,"Ender in Exile (Ender's Saga, #1.2)",Orson Scott Card,en-US,3.89,29389
421129,"Undead and Unwed (Undead, #1)",MaryJanice Davidson,en-US,3.81,45634
4005,The Fifth Mountain,Paulo Coelho,eng,3.61,26060
35519,The Power of Myth,"Joseph Campbell, Bill Moyers",en-GB,4.3,32337
21418013,"Lock In (Lock In, #1)",John Scalzi,eng,3.85,31073
17380041,Longbourn,Jo Baker,eng,3.62,32744
21412202,As You Wish: Inconceivable Tales from the Making of The Princess Bride,"Cary Elwes, Joe Layden, Various, Rob Reiner",eng,4.08,31886
773276,"Good Night, Gorilla",Peggy Rathmann,,4.2,37948
13522285,The Beginning of Everything,Robyn Schneider,eng,3.78,35150
6389704,"In Too Deep (The 39 Clues, #6)",Jude Watson,eng,4.02,35694
138269,Catch Me If You Can: The True Story of a Real Fake,"Frank W. Abagnale, Stan Redding",eng,4.05,32048
30248,"Narcissus in Chains (Anita Blake, Vampire Hunter, #10)",Laurell K. Hamilton,eng,3.89,46567
119760,The Seat of the Soul,Gary Zukav,en-US,3.97,29675
16099159,"Claim Me (Stark Trilogy, #2)",J. Kenner,eng,4.21,42238
3483,Special Topics in Calamity Physics,Marisha Pessl,eng,3.7,29369
18498558,Bird Box,Josh Malerman,eng,3.98,31735
12476820,"Partials (Partials Sequence, #1)",Dan Wells,en-US,3.94,42493
72223,The Worst Hard Time: The Untold Story of Those Who Survived the Great American Dust Bowl,Timothy Egan,en-US,4.04,32275
17802747,What She Left Behind,Ellen Marie Wiseman,eng,3.86,22933
3047850,"Wicked (Pretty Little Liars, #5)",Sara Shepard,eng,4.04,38461
184655,"Transfer of Power (Mitch Rapp, #3)",Vince Flynn,eng,4.31,28647
395090,Ariel,Sylvia Plath,eng,4.23,35566
13223349,"Batman, Volume 1: The Court of Owls","Scott Snyder, Greg Capullo, Jonathan Glapion",eng,4.3,30617
33457,"Practical Demonkeeping (Pine Cove, #1)",Christopher Moore,en-US,3.81,33593
46438,"The Last Templar (Templar, #1)",Raymond Khoury,eng,3.57,33675
6534932,Official Book Club Selection: A Memoir According to Kathy Griffin,Kathy Griffin,en-US,3.8,31685
240976,The Book of Laughter and Forgetting,"Milan Kundera, Aaron Asher",eng,4.01,28159
479415,The Horse Whisperer,Nicholas Evans,en-US,3.77,38033
46191,Why Men Love Bitches: From Doormat to Dreamgirl—A Woman's Guide to Holding Her Own in a Relationship,Sherry Argov,,3.89,26662
3047851,"Wanted (Pretty Little Liars, #8)",Sara Shepard,en-US,4.15,36207
1225621,"The Outlaw Demon Wails (The Hollows, #6)",Kim Harrison,en-US,4.38,44119
433567,Flatland: A Romance of Many Dimensions,"Edwin A. Abbott, Banesh Hoffmann",en-US,3.81,31377
7728889,"The Diviners (The Diviners, #1)",Libba Bray,en-US,3.96,44513
3798703,The Spectacular Now,Tim Tharp,eng,3.53,30125
14142,The Art of Loving,"Erich Fromm, Peter D. Kramer, Rainer Funk",eng,4.01,29048
537070,"Gregor and the Code of Claw (Underland Chronicles, #5)",Suzanne Collins,,4.25,33286
64218,"Eric (Discworld, #9; Rincewind #4)",Terry Pratchett,en-US,3.72,37938
25102,A Game of You (The Sandman #5),"Neil Gaiman, Shawn McManus, Colleen Doran, Bryan Talbot, George Pratt, Stan Woch, Dick Giordano, Todd Klein",eng,4.43,37211
9302,The Other Side of the Story,Marian Keyes,,3.77,32185
16729,Beach Music,Pat Conroy,eng,4.13,33220
46601,"An Echo in the Darkness (Mark of the Lion, #2)",Francine Rivers,en-US,4.6,32386
16429619,"The Kiss of Deception (The Remnant Chronicles, #1)",Mary E. Pearson,eng,4.06,46096
42933,"Tai-Pan (Asian Saga, #2)",James Clavell,eng,4.25,34158
8573020,The Weird Sisters,Eleanor Brown,en-US,3.36,35752
34498,"The Truth (Discworld, #25; Industrial Revolution, #2)",Terry Pratchett,eng,4.25,37045
10762469,The Leftovers,Tom Perrotta,en-US,3.38,31583
66354,Flow: The Psychology of Optimal Experience,Mihaly Csikszentmihalyi,eng,4.1,28619
23454,"Dragons of Winter Night (Dragonlance: Chronicles, #2)","Margaret Weis, Tracy Hickman",eng,4.13,31341
9219901,Unbearable Lightness: A Story of Loss and Gain,Portia de Rossi,,3.83,30676
693016,"Mine Till Midnight (The Hathaways, #1)",Lisa Kleypas,eng,4.08,44104
96123,All the President's Men,"Carl Bernstein, Bob Woodward",eng,4.17,30919
7263429,Wolfsbane (Nightshade #2; Nightshade World #5),Andrea Cremer,eng,4.12,41067
20564,The Mill on the Floss,"George Eliot, A.S. Byatt",eng,3.77,36017
7334201,Super Sad True Love Story,Gary Shteyngart,eng,3.44,29946
407813,"The Blue Sword (Damar, #1)",Robin McKinley,,4.24,44806
13570854,"Lover at Last (Black Dagger Brotherhood, #11)",J.R. Ward,eng,4.3,45447
10661081,Vampire Academy: The Ultimate Guide (Vampire Academy),"Michelle Rowen, Richelle Mead",eng,4.45,32818
121732,Surprised by Joy: The Shape of My Early Life,C.S. Lewis,eng,4.14,33698
24113,"Gödel, Escher, Bach: An Eternal Golden Braid",Douglas R. Hofstadter,eng,4.3,31616
153780,"Trickster's Queen (Daughter of the Lioness, #2)",Tamora Pierce,eng,4.28,45843
95819,"The Poetry of Robert Frost (Collected Poems, Complete & Unabridged)","Robert Frost, Edward Connery Lathem",eng,4.23,33525
8953,"Freak the Mighty (Freak The Mighty, #1)",Rodman Philbrick,eng,3.98,34587
15790873,"This Is What Happy Looks Like (This is What Happy Looks Like, #1)",Jennifer E. Smith,eng,3.69,40369
53817,What's So Amazing About Grace?,Philip Yancey,en-US,4.21,28501
10816297,"Kill Shot (Mitch Rapp, #2)",Vince Flynn,eng,4.3,28845
74389,"The Plains of Passage (Earth's Children, #4)",Jean M. Auel,en-US,3.77,36663
17733898,"Hard Luck (Diary of a Wimpy Kid, #8)",Jeff Kinney,eng,4.28,32069
9838,The Bookseller of Kabul,"Åsne Seierstad, Ingrid Christopherson",en-US,3.76,30531
833710,"The Merchant of Death (Pendragon, #1)",D.J. MacHale,eng,3.93,38633
4703581,The City & the City,China Miéville,eng,3.91,29577
128759,"Fatal Voyage (Temperance Brennan, #4)",Kathy Reichs,,4.04,35970
4345498,"Magic Strikes (Kate Daniels, #3)",Ilona Andrews,eng,4.44,51165
15748898,"My Favorite Mistake (My Favorite Mistake, #1)",Chelsea M. Cameron,en-US,4.01,30177
124918,Airport,Arthur Hailey,eng,3.92,30040
7201913,"Angel (Maximum Ride, #7)",James Patterson,en-US,4.02,39938
4983,Kurt Vonnegut's Cat's Cradle (Modern Critical Interpretations),"Harold Bloom, Terry Southern, David H. Goldsmith, James Lundquist, Lawrence R. Broer, Peter J. Reed, Loree Rackstraw, William S. Doxey, Jerome Klinkowitz, Richard Giannone, John L. Simons, Leonard Mustazza, Zoltan Ab di-Nagy, Peter Freese, Wendy B. Faris",eng,4.35,27519
91248,"Ramona the Brave (Ramona, #3)","Beverly Cleary, Alan Tiegreen",eng,4.09,42479
216422,The Last Command,Timothy Zahn,eng,4.2,33145
13578175,The Emperor's Soul,Brandon Sanderson,eng,4.33,33634
2906039,Just After Sunset,Stephen King,eng,3.85,34722
201114,Sold,Patricia McCormick,eng,4.19,36389
552887,"Double Cross (Alex Cross, #13)",James Patterson,eng,3.99,34189
27822,Eugene Onegin,"Alexander Pushkin, James E. Falen",eng,4.08,33240
13138635,"These Broken Stars (Starbound, #1)","Amie Kaufman, Meagan Spooner",eng,3.93,44488
2986865,"Eon: Dragoneye Reborn (Eon, #1)",Alison Goodman,en-US,3.98,42802
4538,The View from Saturday,E.L. Konigsburg,,3.74,36803
7933615,"Hidden (House of Night, #10)","P.C. Cast, Kristin Cast",en-US,3.98,38594
11454587,"Spell Bound (Hex Hall, #3)",Rachel Hawkins,eng,4.09,48116
32979,"The Secret of the Old Clock (Nancy Drew, #1)","Carolyn Keene, Russell H. Tandy, Sara Paretsky",eng,3.98,44256
33810,"Plum Island (John Corey, #1)",Nelson DeMille,eng,4.03,30595
325421,"The Story of Doctor Dolittle (Doctor Dolittle, #1)","Hugh Lofting, Michael Hague",,3.98,36867
10911,Second Glance,Jodi Picoult,en-US,3.79,33486
94803,"Frog and Toad Together (Frog and Toad, #2)",Arnold Lobel,eng,4.21,34172
6219656,The Lottery,Shirley Jackson,eng,4.09,38448
58822,"Big Stone Gap (Big Stone Gap, #1)",Adriana Trigiani,eng,3.86,34200
74824,"The Alexandria Link (Cotton Malone, #2)",Steve Berry,eng,3.92,31070
7896345,"The Gathering (Darkness Rising, #1)",Kelley Armstrong,en-US,4.03,48722
9833184,"The Fiery Heart (Bloodlines, #4)",Richelle Mead,eng,4.39,49513
6479550,"Magic Bleeds (Kate Daniels, #4)",Ilona Andrews,eng,4.46,50637
25152052,The Japanese Lover,"Isabel Allende, Nick Caistor, Amanda Hopkinson",eng,3.8,23737
47990,"Jingo (Discworld, #21; City Watch, #4)",Terry Pratchett,eng,4.11,35961
704043,"Kiss of Midnight (Midnight Breed,  #1)",Lara Adrian,eng,3.93,48695
32071,Sons and Lovers,"D.H. Lawrence, Geoff Dyer",en-US,3.61,33792
8155,A Woman of Substance (Emma Harte Saga #1),Barbara Taylor Bradford,eng,4.16,31309
15757434,"Crash (Crash, #1)",Nicole  Williams,eng,4.02,49133
15791154,"The Hit (Will Robie, #2)",David Baldacci,eng,4.05,25123
22200,"Count Zero (Sprawl, #2)",William Gibson,en-US,4.0,32238
24472,Peony in Love,Lisa See,eng,3.59,34044
5231173,Twenty Boy Summer,Sarah Ockler,en-US,3.89,35435
81922,Rich Dad's Cashflow Quadrant: Rich Dad's Guide to Financial Freedom,"Robert T. Kiyosaki, Sharon L. Lechter",vie,4.05,24907
7058405,"The Ice Princess (Patrik Hedström, #1)","Camilla Läckberg, Steven T. Murray",eng,3.69,29913
22649,Bookends,Jane Green,eng,3.7,32755
23481669,Maude,Donna Mabry,,4.05,28316
88071,The Last Colony (Old Man's War #3),John Scalzi,en-US,4.03,29154
826582,If You Take a Mouse to School,"Laura Joffe Numeroff, Felicia Bond",en-US,4.26,32340
18593175,"Finding Cinderella (Hopeless, #2.5)",Colleen Hoover,eng,4.3,42821
9298,Last Chance Saloon,Marian Keyes,en-US,3.78,32255
17156015,"Beauty from Pain (Beauty, #1)",Georgia Cates,eng,4.25,46668
43339,Where Are the Children?,Mary Higgins Clark,,4.0,34816
77366,"The Hero and the Crown (Damar, #2)",Robin McKinley,eng,4.21,41796
7723,The Metamorphosis and Other Stories,"Franz Kafka, Jason Baker, Donna Freed",eng,4.01,29817
218357,The Space Between Us,Thrity Umrigar,en-US,3.98,30326
3049,Sir Gawain and the Green Knight ,"Unknown, Burton Raffel, Neil D. Isaacs",,3.68,36477
4921,"Three Men in a Boat (Three Men, #1)",Jerome K. Jerome,eng,3.9,30250
214614,Desert Solitaire,Edward Abbey,en-US,4.22,27723
6419,"Plum Lovin' (Stephanie Plum, #12.5)",Janet Evanovich,en-US,3.7,43643
56454,Strengths Finder 2.0,Tom Rath,en-US,3.92,30199
9570,Another Roadside Attraction,Tom Robbins,en-US,3.97,25777
92163,Sarum: The Novel of England,Edward Rutherfurd,eng,4.07,28292
43328,Rage of Angels,Sidney Sheldon,eng,3.91,27196
8718952,"Vampire Academy Box Set (Vampire Academy, #1-4)",Richelle Mead,en-US,4.57,33015
9395215,"Everlasting (The Immortals, #6)",Alyson Noel,eng,3.92,38185
17255435,"A Shade of Vampire (A Shade of Vampire, #1)",Bella Forrest,eng,3.83,25526
586472,The Right Stuff,Tom Wolfe,eng,4.23,30701
129645,Cocktails for Three,Madeleine Wickham,en-US,3.38,30415
32255,"Vanish (Rizzoli & Isles, #5)",Tess Gerritsen,en-US,4.13,37045
33441,"Fluke: Or, I Know Why the Winged Whale Sings",Christopher Moore,eng,3.73,32675
899492,The Tell-Tale Heart,"Edgar Allan Poe, Byron Glaser, Bill D. Fountain",eng,4.22,33704
7362158,Girl in Translation,Jean Kwok,eng,3.96,34823
17565845,"Panic (Panic, #1)",Lauren Oliver,eng,3.56,39875
13146214,"Because of Low (Sea Breeze, #2)",Abbi Glines,eng,4.14,48344
24096,Leonardo's Notebooks,"Leonardo da Vinci, H. Anna Suh",,3.97,26626
217432,Between Sisters,Kristin Hannah,eng,4.0,28020
17920175,"Wayward (Wayward Pines, #2)",Blake Crouch,eng,4.12,19208
1375896,"Queste (Septimus Heap, #4)","Angie Sage, Mark Zug",,4.04,40562
23305614,Finding Audrey,Sophie Kinsella,eng,3.82,38226
603422,"The Moosewood Cookbook: Recipes from Moosewood Restaurant, Ithaca, New York",Mollie Katzen,eng,3.95,34502
105551,Fox in Socks,Dr. Seuss,eng,4.04,40369
2517,My Name is Red,"Orhan Pamuk, Erdağ M. Göknar",eng,3.83,27314
78250,The Teachings of Don Juan: A Yaqui Way of Knowledge ,Carlos Castaneda,en-US,3.94,27784
9509287,"The Sixth Man (Sean King & Michelle Maxwell, #5)",David Baldacci,en-US,4.13,29257
193093,Stone Soup,Marcia Brown,,4.23,37313
213647,"The Warrior Heir (The Heir Chronicles, #1)",Cinda Williams Chima,en-US,3.95,40346
19004663,"Top Secret Twenty-One (Stephanie Plum, #21)",Janet Evanovich,eng,3.79,31294
2223324,Harry Potter and the Chamber of Secrets: Sheet Music for Flute with C.D,John   Williams,,4.61,29409
16791,Death: The High Cost of Living Collected,"Neil Gaiman, Chris Bachalo, Mark Buckingham, Tori Amos",eng,4.21,34252
229123,Christy,Catherine Marshall,,4.2,37963
13623150,"Destroy Me (Shatter Me, #1.5)",Tahereh Mafi,eng,4.27,46793
84839,"Gone (Quincy & Rainie, #5)",Lisa Gardner,eng,4.18,32568
40745,Mindset: The New Psychology of Success,Carol S. Dweck,en-US,4.04,31174
5972040,Beyond the Grave (The 39 Clues #4),Jude Watson,eng,3.92,37475
26435,The Problem of Pain,C.S. Lewis,eng,4.12,29179
2527900,"Nudge: Improving Decisions About Health, Wealth, and Happiness","Richard H. Thaler, Cass R. Sunstein",eng,3.8,29552
210329,"The Dark Is Rising (The Dark is Rising, #2)",Susan Cooper,eng,4.07,39881
23754479,Purity,Jonathan Franzen,eng,3.59,24811
32446,The Door to December,"Richard Paige, Dean Koontz",en-US,3.94,30599
53625,"Four Blind Mice (Alex Cross, #8)",James Patterson,en-US,3.98,33668
3975186,True Colors,Kristin Hannah,,3.89,31276
9595,"Slapstick, or Lonesome No More!",Kurt Vonnegut Jr.,eng,3.87,27371
38315,Fooled by Randomness: The Hidden Role of Chance in Life and in the Markets,Nassim Nicholas Taleb,eng,4.05,28674
14975,"Labyrinth (Languedoc, #1)",Kate Mosse,eng,3.55,36237
7493,Founding Brothers: The Revolutionary Generation,Joseph J. Ellis,en-GB,3.92,31610
76679,Forward the Foundation (Foundation: Prequel #2),Isaac Asimov,eng,4.13,31686
6919272,"Saphirblau (Edelstein-Trilogie, #2)",Kerstin Gier,ger,4.19,25767
16142053,"Going Clear: Scientology, Hollywood, and the Prison of Belief",Lawrence Wright,eng,4.02,26117
7619292,"Twilight: The Graphic Novel, Vol. 1 (Twilight: The Graphic Novel, #1)","Young Kim, Stephenie Meyer",en-US,3.74,37292
56034,The French Lieutenant's Woman,John Fowles,eng,3.85,34897
732562,The Rime of the Ancient Mariner,"Samuel Taylor Coleridge, Gustave Doré",eng,3.93,37299
240130,The Paper Bag Princess,"Robert Munsch, Michael Martchenko",en-GB,4.32,38040
163977,Tortilla Flat,John Steinbeck,eng,3.82,30048
23814,"King Solomon's Mines (Allan Quatermain, #1)",H. Rider Haggard,eng,3.8,31191
12647642,"Love Unrehearsed (Love, #2)",Tina Reber,eng,4.26,42280
25105,Brief Lives (The Sandman #7),"Neil Gaiman, Jill Thompson, Vince Locke, Peter Straub",eng,4.55,36487
3934321,"Nightfall (The Vampire Diaries: The Return, #1)",L.J. Smith,en-US,3.57,40213
3467,"The People of Sparks (Book of Ember, #2)",Jeanne DuPrau,eng,3.65,40859
5954,Narcissus and Goldmund,"Hermann Hesse, Ursule Molinaro",eng,4.19,25544
25106,Fables and Reflections (The Sandman #6),"Neil Gaiman, Bryan Talbot, Stan Woch, P. Craig Russell, Shawn McManus, John Watkiss, Jill Thompson, Duncan Eagleson, Kent Williams, Todd Klein",eng,4.45,35930
17199504,"The Bone Season (The Bone Season, #1)",Samantha Shannon,eng,3.75,27652
31250,Little Dorrit,"Charles Dickens, Helen Small, Stephen Wall",eng,3.97,33997
175004,"Eagle Strike (Alex Rider, #4)",Anthony Horowitz,,4.11,37051
50833,Valley of the Dolls,Jacqueline Susann,en-US,3.7,25210
12657,The Source,James A. Michener,eng,4.3,31499
4954,You Shall Know Our Velocity!,Dave Eggers,eng,3.62,23985
3438000,ثلاثية غرناطة,"Radwa Ashour, رضوى عاشور",ara,4.29,27568
201126,We're Going on a Bear Hunt,"Michael Rosen, Helen Oxenbury",eng,4.27,32869
6339989,"Vampire Academy Collection (Vampire Academy, #1-3)",Richelle Mead,,4.61,30166
673657,"Guardians of the West (The Malloreon, #1)",David Eddings,en-US,4.09,37943
7076706,The Search,Nora Roberts,eng,4.11,34973
13147,"Honeymoon (Honeymoon, #1)","James Patterson, Howard Roughan",eng,3.81,30756
45252,Pandora's Star,Peter F. Hamilton,eng,4.24,28386
322351,How to Eat Fried Worms,Thomas Rockwell,eng,3.75,37888
269322,The Raven and other poems,"Edgar Allan Poe, Philip Pullman",en-US,4.3,34428
6335026,The Weight of Silence,Heather Gudenkauf,eng,3.93,33235
22522808,Trigger Warning: Short Fictions and Disturbances,Neil Gaiman,eng,3.92,29215
106590,Lincoln,David Herbert Donald,eng,4.17,25995
1811543,"Magic Burns (Kate Daniels, #2)",Ilona Andrews,en-US,4.33,50899
3698,The Quiet American,"Graham Greene, Robert  Stone",eng,3.96,30395
16062211,"The Proposition (The Proposition, #1)",Katie Ashley,eng,4.05,43605
6541,"Cause of Death (Kay Scarpetta, #7)",Patricia Cornwell,en-US,3.93,35742
77430,Master and Commander,Patrick O'Brian,eng,4.1,31215
969275,"Dragon Ball, Vol. 1: The Monkey King (Dragon Ball, #1)",Akira Toriyama,eng,4.42,27382
89187,Revelation Space,Alastair Reynolds,eng,3.97,30332
7134202,"Private (Private, #1)","James Patterson, Maxine Paetro",eng,3.88,31061
8205669,"Wicked Appetite (Lizzy & Diesel, #1)",Janet Evanovich,en-US,3.77,38918
6054449,"Tales from a Not-So-Fabulous Life (Dork Diaries, #1)",Rachel Renée Russell,eng,4.16,31712
14384,A Hunger Like No Other (Immortals After Dark #2),Kresley Cole,eng,4.21,49298
10345927,"A Million Suns (Across the Universe, #2)",Beth Revis,eng,4.04,42620
28251,"The High Lord (Black Magician Trilogy, #3)",Trudi Canavan,eng,4.15,33784
17383934,The Valley of Amazement,Amy Tan,eng,3.6,27628
3465,Three Weeks With My Brother,"Nicholas Sparks, Micah Sparks",eng,4.01,32208
24781,The High King (The Chronicles of Prydain #5),Lloyd Alexander,eng,4.26,41448
9462812,"Die for Me (Revenants, #1)",Amy Plum,eng,4.0,45756
77295,Gift from the Sea,Anne Morrow Lindbergh,,4.18,30741
2159,Confessions of an Economic Hit Man,John Perkins,en-US,3.83,19726
426504,Ficciones,"Jorge Luis Borges, Anthony Kerrigan, Anthony Bonner",en-US,4.47,28657
37304,"Winter Prey (Lucas Davenport, #5)",John Sandford,eng,4.24,31336
4625,The Complete Short Stories,Ernest Hemingway,en-US,4.28,28129
50033,"Dandelion Wine (Green Town, #1)",Ray Bradbury,eng,4.08,32867
43782,The Mummy (Ramses the Damned #1),Anne Rice,eng,3.81,34795
6570502,Switch: How to Change Things When Change Is Hard,"Chip Heath, Dan Heath",eng,4.02,26820
24228353,Trail of Broken Wings,Sejal Badani,eng,3.94,25413
243705,The Collector,John Fowles,eng,3.99,32129
183660,Fairest,Gail Carson Levine,eng,3.86,50719
9594,Timequake,Kurt Vonnegut Jr.,eng,3.71,23562
13540215,The Orchardist,Amanda Coplin,,3.75,30121
17262366,"One Summer: America, 1927",Bill Bryson,eng,4.06,27237
41967,Evening Class,Maeve Binchy,en-GB,3.98,32639
34919,"The Talismans of Shannara (Heritage of Shannara, #4)",Terry Brooks,eng,4.01,32139
65840,"Anne of Windy Poplars (Anne of Green Gables, #4)",L.M. Montgomery,,4.04,47657
226378,A Hero of Our Time,"Mikhail Lermontov, Paul Foote",eng,4.11,29747
9943,The Atonement Child,Francine Rivers,en-US,4.26,29250
6862,Amsterdam,Ian McEwan,,3.41,30469
40923,Theodore Rex,Edmund Morris,eng,4.16,29474
10222,The Far Pavilions,M.M. Kaye,en-US,4.2,33348
2211221,"Nothing to Lose (Jack Reacher, #12)",Lee Child,en-US,3.9,31780
17448960,"Falling into You (Falling, #1)",Jasinda Wilder,eng,4.04,43246
20819682,Adultery,Paulo Coelho,eng,3.01,24797
22443261,"The Rithmatist (The Rithmatist, #1)",Brandon Sanderson,eng,4.25,15977
42172,The Christmas Shoes (Christmas Hope #1),Donna VanLiere,en-US,4.22,29216
196613,Skinny Bitch,"Rory Freedman, Kim Barnouin",en-US,3.34,26665
12299419,"Mystery Man (Dream Man, #1)",Kristen Ashley,eng,4.25,53263
899962,Curious George Goes to the Hospital,"Margret Rey, H.A. Rey",eng,4.22,32218
2054761,The Snowball: Warren Buffett and the Business of Life,Alice Schroeder,eng,4.05,27007
107779,"The Bride (Lairds' Fiancées, #1)",Julie Garwood,eng,4.26,39925
2836109,"Erak's Ransom (Ranger's Apprentice, #7)",John Flanagan,eng,4.31,34286
18114060,Missing You,Harlan Coben,eng,3.95,24925
11691,Snow,"Orhan Pamuk, Maureen Freely",eng,3.55,27132
6348045,"Halt's Peril (Ranger's Apprentice, #9)",John Flanagan,eng,4.38,33782
715834,"The Apprentice (Rizzoli & Isles, #2)",Tess Gerritsen,eng,4.14,32519
1127996,Betty Crocker's Cookbook,Betty Crocker,eng,4.25,27892
359410,Elsewhere,Gabrielle Zevin,en-US,3.91,40906
11737271,Stay Close,Harlan Coben,eng,3.87,29812
13133,The Quickie,"James Patterson, Michael Ledwidge",eng,3.82,30608
45169,"Step on a Crack (Michael Bennett, #1)","James Patterson, Michael Ledwidge",en-US,4.0,31435
15937108,Counting by 7s,Holly Goldberg Sloan,eng,4.16,33097
6421588,"Hourglass (Evernight, #3)",Claudia Gray,eng,3.8,38662
139417,"A Kiss of Shadows (Merry Gentry, #1)",Laurell K. Hamilton,eng,4.01,42358
777211,"Executive Power (Mitch Rapp, #6)",Vince Flynn,en-US,4.33,28205
6781956,"Savor the Moment (Bride Quartet, #3)","Nora Roberts, Angela Dawe",eng,4.13,37877
157076,The Most Dangerous Game,Richard Connell,,3.91,31944
954674,Little Brother,Cory Doctorow,en-US,3.94,36779
136081,"Dearly Devoted Dexter (Dexter, #2)",Jeff Lindsay,eng,3.84,31937
304079,The Essential Rumi,"Jalaluddin Rumi, Coleman Barks",,4.44,26575
22716194,Inside the O'Briens,Lisa Genova,eng,3.98,27221
175983,"Memories of Ice (The Malazan Book of the Fallen, #3)",Steven Erikson,eng,4.39,29796
2029927,"Odd Hours (Odd Thomas, #4)",Dean Koontz,eng,3.92,32880
261122,"The Dead Girls' Dance (The Morganville Vampires, #2)",Rachel Caine,eng,4.06,46247
13834,"The Realms of the Gods (Immortals, #4)",Tamora Pierce,en-US,4.32,41233
4922079,"One Second After (After, #1)",William R. Forstchen,eng,3.92,26331
385706,"Gregor and the Curse of the Warmbloods (Underland Chronicles, #3)",Suzanne Collins,eng,4.2,31854
9279177,The Lover's Dictionary,David Levithan,en-US,3.89,34771
32525,Art Through the Ages ,"Helen Gardner, Fred S. Kleiner, Christin J. Mamiya",eng,3.84,23738
15567,"The Wishsong of Shannara (The Original Shannara Trilogy, #3)",Terry Brooks,eng,3.97,36303
2498983,The Darkest Kiss (Lords of the Underworld #2),Gena Showalter,eng,4.26,43594
2200877,The Sugar Queen,Sarah Addison Allen,en-US,3.98,37734
9761771,"Pure (Covenant, #2)",Jennifer L. Armentrout,eng,4.34,44665
126381,Purple Hibiscus,Chimamanda Ngozi Adichie,,4.11,29416
113429,No One Belongs Here More Than You,Miranda July,,3.81,24717
9595620,"Hammered (The Iron Druid Chronicles, #3)",Kevin Hearne,eng,4.22,33950
14383,No Rest for the Wicked (Immortals After Dark #3),Kresley Cole,en-CA,4.3,42026
3313418,"Extreme Measures (Mitch Rapp, #11)",Vince Flynn,eng,4.32,32211
23093367,"Saga, Vol. 4 (Saga, #4)","Brian K. Vaughan, Fiona Staples",eng,4.47,38069
18528454,"A Beautiful Wedding (Beautiful, #2.5)",Jamie McGuire,eng,4.08,41359
16071701,Bad Monkey,Carl Hiaasen,eng,3.66,27437
16099180,Sisterland,Curtis Sittenfeld,en-US,3.35,29553
6224826,"Juliet, Naked",Nick Hornby,en-US,3.48,30200
801178,Chicken Soup for the Soul,"Jack Canfield, Mark Victor Hansen",eng,3.94,28664
7039,"Tears of the Giraffe (No. 1 Ladies' Detective Agency, #2)",Alexander McCall Smith,en-GB,3.95,35205
49350,"The Concrete Blonde (Harry Bosch, #3; Harry Bosch Universe, #3)",Michael Connelly,eng,4.12,30286
13612739,"Seduced in the Dark (The Dark Duet, #2)",C.J. Roberts,en-GB,4.32,45712
34541,Carpe Jugulum (Discworld #23; Witches #6),Terry Pratchett,eng,4.12,35605
6388558,The Warlord Wants Forever (Immortals After Dark #1),Kresley Cole,eng,4.09,42767
9601,Bluebeard,Kurt Vonnegut Jr.,en-US,4.02,27011
120253,Good Faeries/Bad Faeries,"Brian Froud, Terry Windling",en-US,3.88,35068
7726892,The Island,Elin Hilderbrand,,3.88,29029
550844,Cycle of the Werewolf,"Stephen King, Bernie Wrightson",eng,3.62,30993
91357,The Devil's Arithmetic,Jane Yolen,eng,4.04,39419
248787,The World Without Us,Alan Weisman,eng,3.79,28549
239186,"Isaac's Storm: A Man, a Time, and the Deadliest Hurricane in History",Erik Larson,en-US,4.05,29695
23341607,The Rumor,Elin Hilderbrand,eng,3.69,22876
18839,Orlando,Virginia Woolf,en-GB,3.86,32846
2410506,Thanks for the Memories,Cecelia Ahern,eng,3.69,31617
298230,Agnes Grey,"Anne Brontë, Angeline Goreau",,3.65,33926
26050,Angels Fall,Nora Roberts,en-US,3.98,34484
6339304,"Pursuit of Honor (Mitch Rapp, #12)",Vince Flynn,en-US,4.35,27137
2299110,Acheron (Dark-Hunter #14),Sherrilyn Kenyon,en-US,4.59,44623
6135237,South of Broad,Pat Conroy,eng,3.78,31640
171102,The Birth House,Ami McKay,,3.99,29721
3657138,"Fade (Wake, #2)",Lisa McMann,eng,3.95,42540
775346,The Little Friend,Donna Tartt,eng,3.43,28978
3165162,"Percy Jackson and the Olympians (Percy Jackson and the Olympians, #1-3)",Rick Riordan,eng,4.58,32496
2133795,"Savvy (Savvy, #1)",Ingrid Law,en-US,3.96,37593
4452257,The Book of Basketball: The NBA According to The Sports Guy,Bill Simmons,en-US,4.16,24245
13151,"London Bridges (Alex Cross, #10)",James Patterson,en-US,3.92,32455
2750180,لا تحزن,عائض القرني,ara,4.15,18825
634583,Wings of Fire: An Autobiography,"A.P.J. Abdul Kalam, Arun Tiwari",en-US,4.19,24450
11401915,"The Ripper (The Vampire Diaries: Stefan's Diaries, #4)","L.J. Smith, Kevin Williamson, Julie Plec",,4.22,27432
13588394,The Signal and the Noise: Why So Many Predictions Fail - But Some Don't,Nate Silver,eng,3.96,26888
25614492,Salt to the Sea,Ruta Sepetys,eng,4.36,39406
16319,"The Body in the Library (Miss Marple, #3)",Agatha Christie,eng,3.85,36188
119,The Lord of the Rings: The Art of The Fellowship of the Ring,Gary Russell,en-US,4.59,24340
8379374,"Backstage Pass (Sinners on Tour, #1)",Olivia Cunning,eng,4.05,50044
189182,The Story About Ping,"Marjorie Flack, Kurt Wiese",en-US,4.15,36193
8274537,"Tales from a Not-So-Popular Party Girl (Dork Diaries, #2)",Rachel Renée Russell,,4.28,26210
8252,"Farmer Boy (Little House, #3)","Laura Ingalls Wilder, Garth Williams",,4.05,39863
7108725,Start with Why: How Great Leaders Inspire Everyone to Take Action,Simon Sinek,,4.07,32899
17345258,The All-Girl Filling Station's Last Reunion,Fannie Flagg,eng,3.97,26878
25354,Bastard Out of Carolina,Dorothy Allison,eng,4.09,27358
9464733,Beauty Queens,Libba Bray,eng,3.6,39455
4699575,"Daemon (Daemon, #1)",Daniel Suarez,en-US,4.17,18104
4035,The Burden of Proof,Scott Turow,eng,4.05,29103
22299763,"Crooked Kingdom (Six of Crows, #2)",Leigh Bardugo,eng,4.62,44289
758153,"Born Free: A Lioness of Two Worlds (Story of Elsa, #1)",Joy Adamson,,4.17,28820
333867,The Stars My Destination,"Alfred Bester, Neil Gaiman",en-US,4.13,29055
24431,"Trickster's Choice (Daughter of the Lioness, #1)",Tamora Pierce,eng,4.27,42252
15839984,"Cruel Beauty (Cruel Beauty Universe, #1)",Rosamund Hodge,eng,3.74,45721
11289,"The Rise of Endymion (Hyperion Cantos, #4)",Dan Simmons,eng,4.16,30135
3977,"Endymion (Hyperion Cantos, #3)",Dan Simmons,eng,4.14,30664
920607,The Arrival,Shaun Tan,eng,4.33,33764
15704486,"Calamity (The Reckoners, #3)",Brandon Sanderson,eng,4.2,27146
10873,Shopgirl,Steve Martin,en-US,3.42,28063
5664022,حوار مع صديقي الملحد,مصطفى محمود,ara,3.95,23898
24580,The Adventures of Tom Sawyer & Adventures of Huckleberry Finn,Mark Twain,en-US,4.07,30228
15701217,The Woman Upstairs,Claire Messud,eng,3.31,25135
74731,"The Stupidest Angel: A Heartwarming Tale of Christmas Terror (Pine Cove, #3)",Christopher Moore,en-US,3.82,32000
4708,The Beautiful and Damned,F. Scott Fitzgerald,,3.75,26597
27037,Confessions,"Augustine of Hippo, Henry Chadwick, Albert Cook Outler",,3.88,25674
23602562,Our Souls at Night,Kent Haruf,,3.96,26249
116012,Carolina Moon,Nora Roberts,eng,4.02,33719
16138688,The Painted Girls,Cathy Marie Buchanan,eng,3.61,26798
13402447,"UnEnchanted (An Unfortunate Fairy Tale, #1)",Chanda Hahn,eng,3.89,35287
7897478,"The Bedwetter: Stories of Courage, Redemption, and Pee",Sarah Silverman,eng,3.52,27706
2247142,"The Talented Mr. Ripley (Ripley, #1)",Patricia Highsmith,eng,3.93,16536
8662836,"Chain Reaction (Perfect Chemistry, #3)",Simone Elkeles,eng,4.12,47773
390711,"Noble House (Asian Saga, #5)",James Clavell,en-US,4.23,30367
28866,"Dark Prince (Dark, #1)",Christine Feehan,eng,4.01,38879
4634266,NARUTO -ナルト- 巻ノ四十三,Masashi Kishimoto,jpn,4.57,26364
16131077,The Shining Girls,Lauren Beukes,eng,3.49,28006
1128178,The Zookeeper's Wife,Diane Ackerman,eng,3.44,20056
24499258,Slade House,David Mitchell,eng,3.82,24898
18170143,An Astronaut's Guide to Life on Earth,Chris Hadfield,eng,4.14,25474
2321296,"Ink Exchange (Wicked Lovely, #2)",Melissa Marr,eng,3.68,48264
6621287,com نسيان,"أحلام مستغانمي, Ahlam Mosteghanemi",ara,3.73,24884
5347,Bleachers,John Grisham,eng,3.46,27719
206962,Hop On Pop,Dr. Seuss,eng,3.95,37324
8,"Harry Potter Boxed Set, Books 1-5 (Harry Potter, #1-5)","J.K. Rowling, Mary GrandPré",eng,4.77,33220
103983,"Skeleton Key (Alex Rider, #3)",Anthony Horowitz,en-US,4.06,37232
43930,Gone for Good,Harlan Coben,eng,4.1,29777
45101,"The Mad Ship (Liveship Traders, #2)",Robin Hobb,en-GB,4.21,30724
722864,"Inside the Human Body (The Magic School Bus, #3)","Joanna Cole, Bruce Degen",eng,4.26,30884
126507,"Lost Light (Harry Bosch, #9; Harry Bosch Universe, #11)",Michael Connelly,eng,4.15,29745
20578940,"The Iron Trial (Magisterium, #1)","Holly Black, Cassandra Clare",eng,3.95,33510
12962439,"A Game of Thrones: The Graphic Novel, Vol. 1","Daniel Abraham, George R.R. Martin, Tommy Patterson",eng,4.48,25533
7091370,"The Carrie Diaries (The Carrie Diaries, #1)",Candace Bushnell,en-US,3.57,30468
5181,Jewel,Bret Lott,,3.64,31851
17860199,"The World of Divergent: The Path to Allegiant (Divergent, #2.5)",Veronica Roth,eng,3.98,25327
228258,"Tribulation Force (Left Behind, #2)","Tim LaHaye, Jerry B. Jenkins",eng,3.94,30592
7015635,Food Rules: An Eater's Manual,Michael Pollan,en-US,3.99,30577
20316309,في قلبي أنثى عبرية,خولة حمدي,ara,4.04,22912
263147,"Vampire Kisses (Vampire Kisses, #1)",Ellen Schreiber,en-US,3.69,43323
16044981,"Fly Away (Firefly Lane, #2)",Kristin Hannah,eng,3.94,27109
28689,"Stone of Farewell (Memory, Sorrow, and Thorn, #2)",Tad Williams,en-US,4.09,32709
76104,The Exploits of Sherlock Holmes,"Adrian Conan Doyle, John Dickson Carr",eng,4.4,26232
176839,One True Thing,Anna Quindlen,,4.01,30831
23156040,Those Who Leave and Those Who Stay (The Neapolitan Novels #3),"Elena Ferrante, Ann Goldstein",eng,4.29,24967
28250,"The Novice (Black Magician Trilogy, #2)",Trudi Canavan,eng,4.07,32944
97782,Then We Came to the End,Joshua Ferris,eng,3.45,23614
17202452,"One Week Girlfriend (One Week Girlfriend, #1)",Monica  Murphy,eng,3.94,44678
45102,"Ship of Destiny (Liveship Traders, #3)",Robin Hobb,en-US,4.21,34271
15990489,A Week in Winter,Maeve Binchy,en-GB,3.79,25371
13154952,Calico Joe,John Grisham,,3.8,27244
282356,"Hana-Kimi, Vol. 1 (Hana-Kimi, #1)","Hisaya Nakajo, David Ury",en-US,4.16,30403
13928,"Daughter of the Forest  (Sevenwaters, #1)",Juliet Marillier,eng,4.28,39792
556511,The Very Busy Spider,Eric Carle,en-US,4.19,31537
37738,Freckle Juice,Judy Blume,eng,3.82,34579
7155145,Linchpin: Are You Indispensable?,Seth Godin,en-US,3.87,26555
34053,Just So Stories,Rudyard Kipling,,4.09,35708
78508,The River of Doubt: Theodore Roosevelt's Darkest Journey,Candice Millard,en-US,4.16,30894
4477,Complications: A Surgeon's Notes on an Imperfect Science,"Atul Gawande, Susanne Kuhlmann-Krieg",en-US,4.23,26267
7779059,"Side Jobs: Stories from the Dresden Files (The Dresden Files, #12.5)",Jim Butcher,eng,4.23,33738
497164,Camera Lucida: Reflections on Photography,"Roland Barthes, Richard Howard",,3.92,26754
690866,The Hundred Secret Senses,Amy Tan,en-US,3.98,32002
23638955,Pretty Baby,Mary Kubica,eng,3.75,24685
2595138,The Gargoyle,Andrew Davidson,eng,3.96,32699
823,"Quicksilver (The Baroque Cycle, #1)",Neal Stephenson,en-US,3.92,27675
17287028,My Story,"Elizabeth  Smart, Chris Stewart",eng,3.77,23294
176327,"The Fairy-Tale Detectives (The Sisters Grimm, #1)","Michael Buckley, Peter Ferguson",en-US,4.01,38655
149847,Mort: The Play,"Terry Pratchett, Stephen Briggs",eng,4.29,27706
6909544,"Birthmarked (Birthmarked, #1)",Caragh M. O'Brien,en-US,3.89,37656
284440,"Skulduggery Pleasant (Skulduggery Pleasant, #1)","Derek Landy, Tom Percival",eng,4.21,32785
31818,The Philosophy of Andy Warhol (From A to B and Back Again),Andy Warhol,,3.77,24879
7805,Pale Fire,Vladimir Nabokov,eng,4.19,26377
89788,The Lady and the Unicorn,Tracy Chevalier,eng,3.67,32490
5338,A Christmas Carol and Other Christmas Writings,"Charles Dickens, Michael Slater",eng,4.13,28675
18007533,One More Thing: Stories and Other Stories,B.J. Novak,eng,3.66,28922
7557548,Men at Arms: The Play,"Terry Pratchett, Stephen Briggs",eng,4.39,28503
5212771,"Carpe Corpus (The Morganville Vampires, #6)",Rachel Caine,eng,4.21,41536
16120760,The Shock of the Fall,Nathan Filer,eng,3.79,21798
13597728,"Asylum (Asylum, #1)",Madeleine Roux,eng,3.64,29687
24388326,The Heart Goes Last,Margaret Atwood,eng,3.37,26841
30260,"A Fistful of Charms (The Hollows, #4)",Kim Harrison,eng,4.28,43181
213367,Desiring God: Meditations of a Christian Hedonist,John Piper,,4.19,25099
12813630,The Coldest Girl in Coldtown,Holly Black,eng,3.86,37682
13079,Skinny Dip,Carl Hiaasen,eng,3.79,29862
23492741,The Marriage of Opposites,Alice Hoffman,eng,3.86,29179
12987640,Imagine: How Creativity Works,Jonah Lehrer,eng,3.75,24727
2295829,"Feast of Fools (The Morganville Vampires, #4)",Rachel Caine,eng,4.17,43435
13545075,"UnWholly (Unwind, #2)",Neal Shusterman,,4.25,33679
6751,Consider the Lobster and Other Essays,David Foster Wallace,eng,4.25,26551
7005865,"The Atlantis Complex (Artemis Fowl, #7)",Eoin Colfer,en-US,3.97,39307
43781,Merrick (The Vampire Chronicles #7),Anne Rice,eng,3.71,32734
18739426,"The Bands of Mourning (Mistborn, #6)",Brandon Sanderson,eng,4.45,28866
11987,The Myth of Sisyphus and Other Essays,"Albert Camus, Justin O'Brien",eng,4.18,30221
16071745,"Someday, Someday, Maybe",Lauren Graham,eng,3.49,30829
12204,The Road Not Taken and Other Poems,Robert Frost,,4.27,30193
19547856,Simon vs. the Homo Sapiens Agenda,Becky Albertalli,eng,4.26,53570
383206,Wives and Daughters,"Elizabeth Gaskell, Pam Morris",eng,4.07,32029
12558285,"Splintered (Splintered, #1)",A.G. Howard,eng,3.96,37225
153540,The Little House,Virginia Lee Burton,eng,4.29,34002
6174,Survival in Auschwitz,"Primo Levi, Stuart J. Woolf, Philip Roth",eng,4.28,25625
500743,"The Wizard Heir (The Heir Chronicles, #2)",Cinda Williams Chima,en-US,4.14,33653
32831,"The Mysterious Island (Extraordinary Voyages, #12)","Jules Verne, Caleb Carr, Jordan Stump",eng,4.08,26440
321577,Girl in Hyacinth Blue,Susan Vreeland,en-US,3.72,31883
457762,Sylvester and the Magic Pebble,William Steig,eng,4.14,36260
9542439,"The Lady of the Rivers (The Plantagenet and Tudor Novels, #1)",Philippa Gregory,eng,3.96,31744
8437667,Live Wire (Myron Bolitar #10),Harlan Coben,eng,4.07,28849
818811,Escape,"Carolyn Jessop, Laura Palmer",en-US,3.96,28581
15154,"The Collectors (Camel Club, #2)",David Baldacci,en-US,4.01,29596
841628,The Hitchhiker's Guide to the Galaxy: A Trilogy in Four Parts,Douglas Adams,eng,4.51,27855
78876,"Maskerade (Discworld, #18; Witches #5)",Terry Pratchett,eng,4.06,34094
219205,"Lord Foul's Bane (The Chronicles of Thomas Covenant the Unbeliever, #1)",Stephen R. Donaldson,en-US,3.71,31771
50937,"First, Break All the Rules: What the World's Greatest Managers Do Differently","Marcus Buckingham, Curt Coffman",eng,3.92,27207
47994,"The Last Continent (Discworld, #22; Rincewind #6)",Terry Pratchett,eng,3.99,32861
7769,Dr. Seuss's ABC: An Amazing Alphabet Book! (Bright and Early Board Books),Dr. Seuss,eng,4.07,27116
205476,Our Town,"Thornton Wilder, Donald Margulies, Tappan Wilder",eng,3.63,35296
3047848,"Heartless (Pretty Little Liars, #7)",Sara Shepard,eng,4.1,32754
32501,"Echo Park (Harry Bosch, #12; Harry Bosch Universe, #14)",Michael Connelly,eng,4.07,30066
113138,The Winner,David Baldacci,eng,4.06,27904
18659623,Through the Woods,Emily Carroll,eng,3.92,32781
94319,"Ark Angel (Alex Rider, #6)",Anthony Horowitz,eng,4.11,33935
68811,Momo,Michael Ende,ger,4.29,28857
20423680,"The Last Town (Wayward Pines, #3)",Blake Crouch,eng,4.09,29258
23009402,Saint Anything,Sarah Dessen,eng,4.05,35111
13320466,The Twelve Tribes of Hattie,Ayana Mathis,eng,3.46,28058
16434,The Taking,Dean Koontz,en-US,3.78,29721
226706,"If There Be Thorns (Dollanganger, #3)",V.C. Andrews,eng,3.75,33086
228696,Owl Moon,"Jane Yolen, John Schoenherr",eng,4.2,33642
12857,The Gambler,"Fyodor Dostoyevsky, Constance Garnett, Gary Saul Morson",eng,3.88,21358
13413589,"Frost Burned (Mercy Thompson, #7)",Patricia Briggs,eng,4.35,36759
59145,Père Goriot,Honoré de Balzac,en-US,3.82,26070
3522419,"Nemesis (Harry Hole, #4)","Jo Nesbø, Don Bartlett",eng,3.98,31265
31426,The Collected Poems,"Sylvia Plath, Ted Hughes",,4.2,26295
84151,"Night Play (Dark-Hunter #5, Were-Hunter #1)",Sherrilyn Kenyon,eng,4.36,41837
9086994,Aleph,Paulo Coelho,por,3.37,17563
12351649,"Perfection (Neighbor from Hell, #2)",R.L. Mathewson,eng,4.16,50146
6687247,Too Big to Fail: The Inside Story of How Wall Street and Washington Fought to Save the Financial System from Crisis — and Themselves,Andrew Ross Sorkin,en-US,4.09,25493
1470232,Magic Hour,Kristin Hannah,eng,4.1,27778
4796,The Winter of Our Discontent,"John Steinbeck, Susan Shillinglaw",eng,3.99,28050
373755,"Absalom, Absalom!",William Faulkner,eng,3.96,30283
22510983,"Girl Online (Girl Online, #1)","Zoe Sugg, Siobhan Curham",eng,3.77,37177
205821,Caddie Woodlawn  (Caddie Woodlawn #1),Carol Ryrie Brink,eng,3.99,37689
24950845,"Tricky Twenty-Two (Stephanie Plum, #22)",Janet Evanovich,eng,3.92,23408
139855,Knowing God,J.I. Packer,eng,4.31,29848
68396,"The Halfling's Gem (Forgotten Realms: Icewind Dale, #3; Legend of Drizzt, #6)",R.A. Salvatore,en-US,4.15,27105
2177236,Hold Tight,Harlan Coben,en-US,3.94,30180
71252,The Kindly Ones (The Sandman #9),"Neil Gaiman, Marc Hempel, Richard Case, D'Israeli, Teddy Kristiansen, Glyn Dillon, Charles Vess, Dean Ormston, Kevin Nowlan, Todd Klein, Frank McConnell",eng,4.59,32544
25103,Worlds' End (The Sandman #8),"Neil Gaiman, Mike Allred, Gary Amaro, Mark Buckingham, David Giordano, Tony Harris, Steve Leialoha, Vince Locke, Shea Anton Pensa, Alec Stevens, Bryan Talbot, John Watkiss, Todd Klein, Michael Zulli, Stephen King",eng,4.48,32362
826845,The Chrysalids,John Wyndham,en-US,3.92,29364
122967,The Ugly Duckling,"Hans Christian Andersen, Jerry Pinkney",eng,4.1,25306
81939,The Mastery of Love: A Practical Guide to the Art of Relationship --Toltec Wisdom Book,Miguel Ruiz,,4.25,24162
29641,The End of the Affair,"Graham Greene, Monica Ali",eng,3.96,29372
25205422,Who Do You Love,Jennifer Weiner,eng,3.74,22026
739840,Bambi,"Felix Salten, Barbara Cooney",eng,4.1,28655
59924,The Lathe of Heaven,Ursula K. Le Guin,en-US,4.09,29562
1362,The Histories,"Herodotus, Aubrey de Sélincourt, John M. Marincola",eng,3.97,28870
17798287,"Driven (Driven, #1)",K. Bromberg,eng,4.31,41454
18402,The Dante Club,Matthew Pearl,en-US,3.38,31035
46544,"The Shelters of Stone (Earth's Children, #5)",Jean M. Auel,en-US,3.8,31333
5292853,"Hunting Ground (Alpha & Omega, #2)",Patricia Briggs,eng,4.27,44487
5356711,The Winner Stands Alone,Paulo Coelho,en-US,3.37,22229
133430,Centennial,James A. Michener,en-US,4.21,31235
6261522,"The Body Finder (The Body Finder, #1)",Kimberly Derting,en-US,3.96,43203
6870,Enduring Love,Ian McEwan,eng,3.62,26390
36071,First Things First,"Stephen R. Covey, A. Roger Merrill, Rebecca R. Merrill",eng,4.06,26813
28541,"Dragonsong (Harper Hall, #1)",Anne McCaffrey,eng,4.24,35694
595375,Annie on My Mind,Nancy Garden,eng,3.97,29278
6428887,Pirate Latitudes,Michael Crichton,eng,3.41,27904
328854,Motherless Brooklyn,Jonathan Lethem,en-GB,3.91,23614
714902,"Noughts & Crosses (Noughts & Crosses, #1)",Malorie Blackman,en-GB,4.23,27725
152519,Incidents in the Life of a Slave Girl,Harriet Jacobs,eng,4.08,24744
8519822,"The Enchantress (The Secrets of the Immortal Nicholas Flamel, #6)",Michael Scott,eng,4.24,30171
8255917,Washington: A Life,Ron Chernow,eng,4.09,28598
16070521,"Come Away with Me (With Me in Seattle, #1)",Kristen Proby,eng,3.94,52083
785092,Secrets of the Millionaire Mind: Mastering the Inner Game of Wealth,T. Harv Eker,,4.14,25389
12866426,"Taken at Dusk (Shadow Falls, #3)",C.C. Hunter,eng,4.33,36683
16707,Wonder Boys,"Michael Chabon, Hans Hermann",ger,3.93,24365
15739018,"Taking Chances (Taking Chances, #1)",Molly McAdams,eng,3.87,40827
10464963,The Buddha in the Attic,Julie Otsuka,eng,3.59,28149
8680,Fierce Invalids Home from Hot Climates,Tom Robbins,en-US,4.01,22847
18007535,The Winter People,Jennifer McMahon,eng,3.76,27234
8428069,"The Lying Game (The Lying Game, #1)",Sara Shepard,en-US,3.96,32296
32258,"Body Double (Rizzoli & Isles, #4)",Tess Gerritsen,en-US,4.16,30834
18143905,The Opposite of Loneliness: Essays and Stories,Marina Keegan,eng,3.82,19771
6613956,The Solitude of Prime Numbers,"Paolo Giordano, Shaun Whiteside",eng,3.58,19734
15835685,"Clash (Crash, #2)",Nicole  Williams,eng,4.17,40519
17349203,"Fortunately, the Milk","Neil Gaiman, Skottie Young",eng,4.04,30500
20898019,"Ms. Marvel, Vol. 1: No Normal","G. Willow Wilson, Adrian Alphona",eng,4.13,53515
178476,Slave to Sensation (Psy-Changeling #1),Nalini Singh,en-US,4.12,44076
18711993,فلتغفري,أثير عبدالله النشمي,ara,3.5,23407
89716,"Al Capone Does My Shirts (Al Capone at Alcatraz, #1)",Gennifer Choldenko,eng,3.83,33400
6723348,"The Fall (The Strain Trilogy, #2)","Guillermo del Toro, Chuck Hogan",eng,3.8,25774
17378527,"The Raven King (The Raven Cycle, #4)",Maggie Stiefvater,eng,4.32,42427
13152287,Bringing Up Bébé: One American Mother Discovers the Wisdom of French Parenting,"Pamela Druckerman, Abby Craden",eng,3.95,18276
6538,Portrait of a Killer: Jack the Ripper - Case Closed,Patricia Cornwell,eng,3.44,28506
448873,"The Thief (The Queen's Thief, #1)",Megan Whalen Turner,eng,3.92,40807
235718,"Succubus Blues (Georgina Kincaid, #1)",Richelle Mead,en-GB,3.94,43289
8874743,When God Was a Rabbit,Sarah Winman,eng,3.67,24660
18003300,Love & Misadventure,Lang Leav,eng,4.05,28782
6515834,Forgotten God: Reversing Our Tragic Neglect of the Holy Spirit,"Francis Chan, Danae Yankoski",,4.17,27044
85392,Term Limits,Vince Flynn,eng,4.3,25200
7948230,"Crooked Letter, Crooked Letter",Tom Franklin,en-US,3.82,28875
46199,Letters to a Young Poet,"Rainer Maria Rilke, Reginald Snell, Franz Xaver Kappus",en-US,4.34,25066
439275,"Princess in the Spotlight (The Princess Diaries, #2)",Meg Cabot,eng,3.67,41713
12425532,"Of Poseidon (The Syrena Legacy, #1)",Anna Banks,eng,4.04,38535
84140,Night Embrace (Dark-Hunter #2),Sherrilyn Kenyon,en-US,4.25,29663
110444,"The Lake House (When the Wind Blows, #2)",James Patterson,eng,3.79,30318
80566,Run,Ann Patchett,eng,3.53,29231
203220,Les Fleurs du Mal,"Charles Baudelaire, Richard Howard",eng,4.26,27124
16169737,"The Heist (Fox and O'Hare, #1)","Janet Evanovich, Lee Goldberg",eng,3.78,29834
49540,Les Liaisons dangereuses,"Pierre-Ambroise Choderlos de Laclos, Douglas Parmée",eng,4.07,28428
164531,The Railway Children,E. Nesbit,eng,3.99,35196
26245853,"The Last Mile (Amos Decker, #2)",David Baldacci,eng,4.22,17326
8785374,"Snuff (Discworld, #39; City Watch #8)",Terry Pratchett,en-GB,4.15,30570
8559047,"Magic Slays (Kate Daniels, #5)",Ilona Andrews,eng,4.43,44588
5128,The Doors of Perception & Heaven and Hell,Aldous Huxley,eng,3.96,24213
315519,"Rich Man, Poor Man",Irwin Shaw,,4.15,28024
25817531,What She Knew,Gilly Macmillan,,3.89,25865
13495034,"The Black Box (Harry Bosch, #18; Harry Bosch Universe, #22)",Michael Connelly,eng,4.09,25288
5180,The Rapture of Canaan,Sheri Reynolds,eng,3.8,30267
38169,"Alas, Babylon",Pat Frank,eng,4.07,28386
184661,"The Third Option (Mitch Rapp, #4)",Vince Flynn,eng,4.26,24598
1238684,"The Stonekeeper (Amulet, #1)",Kazu Kibuishi,eng,4.15,32830
284996,The Complete Stories,Flannery O'Connor,eng,4.44,27352
6780439,"Dark Visions (Dark Visions, #1-3)",L.J. Smith,eng,4.19,33023
18138189,"Tower Lord (Raven's Shadow, #2)",Anthony  Ryan,eng,4.19,23765
5355136,Look Again,Lisa Scottoline,en-US,3.85,29598
4264,Fever Pitch,Nick Hornby,eng,3.72,25374
31343,"Pandora (New Tales of the Vampires, #1)",Anne Rice,spa,3.73,33383
12700306,"Tricked (The Iron Druid Chronicles, #4)",Kevin Hearne,eng,4.25,30578
106393,The Coldest Winter Ever,Sister Souljah,en-US,4.47,23737
402843,"Zen Mind, Beginner's Mind: Informal Talks on Zen Meditation and Practice",Shunryu Suzuki,en-GB,4.23,24481
25489025,The Vegetarian,"Han Kang, Deborah     Smith",eng,3.59,27242
333538,The Castle,"Franz Kafka, Mark Harman, Regaip Minareci, Şerif Yeşilbucak",eng,3.97,25043
15985373,"Emperor of Thorns (The Broken Empire, #3)",Mark  Lawrence,eng,4.27,21143
5206937,A Modest Proposal,Jonathan Swift,,4.05,31485
51299,Letter to a Christian Nation,Sam Harris,eng,4.04,25570
6441509,"Shadow Souls (The Vampire Diaries: The Return, #2)",L.J. Smith,en-US,3.79,31445
781046,When It Happens,Susane Colasanti,en-US,3.74,32443
40929,The Rise of Theodore Roosevelt,Edmund Morris,eng,4.25,26920
24983,"Doomsday Book (Oxford Time Travel, #1)",Connie Willis,eng,4.03,33000
20767918,"The Escape (John Puller, #3)",David Baldacci,eng,4.14,18073
20342617,Just Mercy: A Story of Justice and Redemption,Bryan Stevenson,eng,4.58,27173
110694,"The Seeress of Kell (The Malloreon, #5)",David Eddings,eng,4.12,32127
34452,"Many Lives, Many Masters: The True Story of a Prominent Psychiatrist, His Young Patient, and the Past Life Therapy That Changed Both Their Lives",Brian L. Weiss,eng,4.17,18956
20881071,"The Burning Room (Harry Bosch, #19; Harry Bosch Universe, #24)",Michael Connelly,eng,4.05,18672
84699,"Never Eat Alone: And Other Secrets to Success, One Relationship at a Time",Keith Ferrazzi,,3.8,25826
6871617,"This Side of the Grave (Night Huntress, #5)",Jeaniene Frost,eng,4.28,45825
153784,"First Test (Protector of the Small, #1)",Tamora Pierce,eng,4.24,40036
1162022,On the Jellicoe Road,Melina Marchetta,eng,4.15,33398
3061,The Natural Way to Draw,"Kimon Nicolaides, Mamie Harmon",en-US,3.88,30880
66692,"Streams of Silver (Forgotten Realms: Icewind Dale, #2; Legend of Drizzt, #5)",R.A. Salvatore,eng,4.14,26237
16249,Angry Housewives Eating Bon Bons,Lorna Landvik,eng,3.78,28453
16052012,Flora and Ulysses: The Illuminated Adventures,"Kate DiCamillo, K.G. Campbell",eng,3.87,27839
158119,If You Could See Me Now,Cecelia Ahern,en-US,3.84,28891
67,The Known World,Edward P. Jones,eng,3.82,26550
38462,Giovanni's Room,James     Baldwin,eng,4.21,24202
856917,"Absolute Boyfriend, Vol. 1",Yuu Watase,eng,4.01,29385
17333227,"The Gods of Guilt (Mickey Haller, #6; Harry Bosch Universe, #23)",Michael Connelly,eng,4.09,21903
12749,"Swann's Way (In Search of Lost Time, #1)","Marcel Proust, Simon Vance, Lydia Davis",eng,4.14,24595
682920,"The Little Mouse, the Red Ripe Strawberry, and the Big Hungry Bear","Don    Wood, Audrey Wood",en-US,4.31,30926
30245,"Cerulean Sins (Anita Blake, Vampire Hunter, #11)",Laurell K. Hamilton,en-US,3.84,40737
149196,Eva Luna,"Isabel Allende, Margaret Sayers Peden",,3.95,27534
9634967,"Robopocalypse (Robopocalypse, #1)",Daniel H. Wilson,eng,3.67,25914
32432,"Fear Nothing (Moonlight Bay, #1)",Dean Koontz,eng,3.99,28875
6547187,"First Drop of Crimson (Night Huntress World, #1)",Jeaniene Frost,eng,4.15,43188
1434105,"Plum Lucky (Stephanie Plum, #13.5)",Janet Evanovich,en-US,3.72,39872
2334751,This Charming Man,Marian Keyes,eng,3.75,28095
4110198,"The 8th Confession (Women's Murder Club, #8)","James Patterson, Maxine Paetro",,4.02,29973
51070,"The Secret Diary of Adrian Mole, Aged 13 3/4  (Adrian Mole, #1)",Sue Townsend,eng,3.85,28952
31196,The Razor's Edge,W. Somerset Maugham,eng,4.18,25267
47559,"Amphigorey (Amphigorey, #1)",Edward Gorey,eng,4.08,28815
14498,Neil Gaiman's Neverwhere,"Mike Carey, Glenn Fabry, Neil Gaiman",eng,4.21,29375
4447622,"Some Girls Bite (Chicagoland Vampires, #1)",Chloe Neill,eng,4.01,46825
17143,Go Tell It on the Mountain,James     Baldwin,en-GB,4.0,27845
27000,"Lost in a Good Book (Thursday Next, #2)",Jasper Fforde,eng,4.14,37873
16113737,The Reason I Jump: The Inner Voice of a Thirteen-Year-Old Boy with Autism,"Naoki Higashida, K.A. Yoshida, David Mitchell",eng,3.78,25504
26252859,"The Hidden Oracle (The Trials of Apollo, #1)",Rick Riordan,eng,4.33,45127
7039218,"Once Burned (Night Prince, #1)",Jeaniene Frost,en-US,4.24,44106
24911006,Missoula: Rape and the Justice System in a College Town,Jon Krakauer,eng,4.06,24270
509784,The End of Eternity,Isaac Asimov,eng,4.21,26560
371787,"Sorceress of Darshiva (The Malloreon, #4)",David Eddings,eng,4.09,34086
65497,"Love Comes Softly (Love Comes Softly, #1)",Janette Oke,eng,4.22,28690
18666047,"Half a King (Shattered Sea, #1)",Joe Abercrombie,eng,3.98,23911
78987,"The Prodigal Daughter (Kane & Abel, #2)",Jeffrey Archer,en-US,3.92,25523
12652457,"The Broken Eye (Lightbringer, #3)",Brent Weeks,eng,4.46,27754
53022,The Collected Poems of W.B. Yeats,"W.B. Yeats, Richard J. Finneran",en-US,4.25,28327
153800,"Lady Knight (Protector of the Small, #4)",Tamora Pierce,,4.3,37403
627984,"Stone Cold (Camel Club, #3)",David Baldacci,eng,4.11,27510
3831279,ڤيرتيجو,أحمد مراد,ara,3.72,17001
1215290,Rudolph the Red-Nosed Reindeer,"Barbara Shook Hazen, Robert Lewis May, Richard Scarry",en-US,4.3,33355
9555,The Elephant Vanishes,"Haruki Murakami, Jay Rubin, Alfred Birnbaum",eng,3.88,23950
218427,"Gateway (Heechee Saga, #1)",Frederik Pohl,eng,4.07,29685
15014,Crucial Conversations: Tools for Talking When Stakes Are High,"Kerry Patterson, Joseph Grenny, Ron McMillan, Al Switzler, Stephen R. Covey",eng,4.0,26172
25669,How the Irish Saved Civilization,Thomas Cahill,en-US,3.81,29586
30071,"The Walking Dead, Book One (The Walking Dead #1-12)","Robert Kirkman, Tony Moore, Charlie Adlard, Cliff Rathburn",eng,4.36,30691
13615414,Gulp: Adventures on the Alimentary Canal,Mary Roach,eng,3.92,27523
53645,Tender at the Bone: Growing Up at the Table,Ruth Reichl,eng,4.05,27718
34492,"Wintersmith (Discworld, #35; Tiffany Aching, #3)",Terry Pratchett,eng,4.22,33917
22327,The Miracle Worker,William  Gibson,en-US,4.21,28617
16033906,"Fever (Breathless, #2)",Maya Banks,en-GB,4.01,39102
783291,The Almost Moon,Alice Sebold,eng,2.67,28299
41913,The Children of Men,P.D. James,eng,3.69,28139
91953,Leviathan,"Thomas Hobbes, C.B. Macpherson",eng,3.66,26284
20454672,Mean Streak,Sandra Brown,eng,4.04,24245
17880708,"Fueled (Driven, #2)",K. Bromberg,eng,4.51,37667
2195289,I Was Told There'd Be Cake,Sloane Crosley,eng,3.45,29695
17157,Marie Antoinette: The Journey,Antonia Fraser,en-US,3.91,24158
161099,"Good Night, Mr. Tom",Michelle Magorian,eng,4.28,24828
7600924,Forbidden,Tabitha Suzuma,eng,4.06,37204
18209454,"The Thousand-Dollar Tan Line (Veronica Mars, #1)","Rob Thomas, Jennifer Graham",eng,3.99,28789
703,The Plot Against America,Philip Roth,eng,3.71,26262
144977,The Tender Bar,J.R. Moehringer,eng,3.93,23055
201345,"Martin the Warrior (Redwall, #6)",Brian Jacques,eng,4.13,34640
7801229,"The Exiled Queen (Seven Realms, #2)",Cinda Williams Chima,en-US,4.34,33789
691520,No One Here Gets Out Alive,"Danny Sugerman, Jerry Hopkins",,3.92,28436
17461,"Misty of Chincoteague (Misty, #1)","Marguerite Henry, Wesley Dennis",eng,4.04,35181
14316,Black Swan Green,David Mitchell,,3.97,25728
22686,The Other Woman,Jane Green,eng,3.68,26584
15171,A Girl Named Zippy,Haven Kimmel,,3.79,27928
43325,Nothing Lasts Forever,Sidney Sheldon,eng,3.82,23336
4820,"Mayflower: A Story of Courage, Community, and War",Nathaniel Philbrick,eng,3.86,25752
435045,Wicked Deeds on a Winter's Night (Immortals After Dark #4),Kresley Cole,en-CA,4.37,40001
6462,His Excellency: George Washington,Joseph J. Ellis,eng,3.9,27178
22323,"Burning Chrome (Sprawl, #0)","William Gibson, Bruce Sterling",eng,4.05,27359
7569223,Last Night at Chateau Marmont,Lauren Weisberger,en-GB,3.51,25002
1728744,"Sleeping Beauty (Disney Princess, 5)","A.L. Singer, Walt Disney Company",eng,4.32,27469
13638570,"Out of Breath (Breathing, #3)",Rebecca Donovan,en,4.32,39310
8965,"The Vampire's Assistant (Cirque Du Freak, #2)",Darren Shan,,4.12,29943
104089,Tigana,Guy Gavriel Kay,eng,4.12,30831
8765,I Feel Bad about My Neck: And Other Thoughts on Being a Woman,Nora Ephron,en-US,3.65,29749
78950,"Little Men (Little Women, #2)",Louisa May Alcott,eng,3.84,36501
415,Gravity's Rainbow,Thomas Pynchon,eng,4.03,24990
173526,"The Ragamuffin Gospel: Good News for the Bedraggled, Beat-Up, and Burnt Out","Brennan Manning, Michael W. Smith, Rich Mullins",eng,4.23,24568
93728,"Princess in Love (The Princess Diaries, #3)",Meg Cabot,eng,3.76,39306
429138,"River God (Ancient Egypt, #1)",Wilbur Smith,eng,4.2,24920
140963,O Pioneers!,Willa Cather,eng,3.84,30973
1237300,The Shock Doctrine: The Rise of Disaster Capitalism,Naomi Klein,en-US,4.22,24111
21094993,The Girl Who Saved the King of Sweden,"Jonas Jonasson, Rachel Willson-Broyles",eng,3.74,18072
3686,Truth and Beauty,Ann Patchett,eng,3.94,26344
13369678,"The Vincent Brothers (The Vincent Boys, #2)",Abbi Glines,eng,4.13,40788
35743,The Tin Drum,Günter Grass,eng,3.96,25332
214332,The Case for Faith: A Journalist Investigates the Toughest Objections to Christianity,Lee Strobel,en-US,4.17,24007
7544603,"Smaragdgrün (Edelstein-Trilogie, #3)",Kerstin Gier,ger,4.2,22620
248484,Book of a Thousand Days,"Shannon Hale, James Noel Smith",en-US,3.95,40060
194366,The Return of Sherlock Holmes,Arthur Conan Doyle,eng,4.3,31572
23522,Mythology: Timeless Tales of Gods and Heroes,"Edith Hamilton, Steele Savage",en-US,3.98,30804
401679,Llama Llama Red Pajama,Anna Dewdney,,4.27,31129
23577,Lies & the Lying Liars Who Tell Them: A Fair & Balanced Look at the Right,Al Franken,en-US,3.81,24071
597,Killing Yourself to Live: 85% of a True Story,Chuck Klosterman,en-US,3.85,23015
26827675,Troublemaker: Surviving Hollywood and Scientology,"Leah Remini, Rebecca Paley",eng,3.98,25172
9589,Hocus Pocus,Kurt Vonnegut Jr.,,3.81,23046
55398,"House of Chains (The Malazan Book of the Fallen, #4)",Steven Erikson,eng,4.32,25023
6662883,Oz: The Wonderful Wizard of Oz,"Eric Shanower, Skottie Young, L. Frank Baum",eng,4.08,24529
6667514,The Checklist Manifesto: How to Get Things Right,Atul Gawande,,4.02,23778
682761,The Nazi Officer's Wife: How One Jewish Woman Survived the Holocaust,"Edith Hahn Beer, Susan Dworkin, Susan Sarandon, Julia Ormond, Rory Kennedy",eng,4.14,22207
85459,Northern Lights,Nora Roberts,eng,3.98,32670
6361871,The Pioneer Woman Cooks: Recipes from an Accidental Country Girl,Ree Drummond,,4.18,28720
13644055,"Opposition (Lux, #5)",Jennifer L. Armentrout,eng,4.43,40399
30271,"Incubus Dreams (Anita Blake, Vampire Hunter, #12)",Laurell K. Hamilton,eng,3.78,39200
22435,"The Fabric of the Cosmos: Space, Time, and the Texture of Reality",Brian Greene,eng,4.11,24060
31099,Babyville,Jane Green,en-US,3.61,27650
6202318,"A Touch of Dead (Sookie Stackhouse, #4.1, #4.3, #5.1, #7.1, #8.1)",Charlaine Harris,eng,3.82,36102
380975,"K is for Killer (Kinsey Millhone, #11)",Sue Grafton,,3.98,30752
11507,My Name Is Asher Lev,Chaim Potok,eng,4.19,29273
27528,"Nicolae (Left Behind, #3)","Tim LaHaye, Jerry B. Jenkins",en-US,3.95,27152
15793184,Calling Me Home,Julie Kibler,eng,4.21,24070
6289920,"Covet (Fallen Angels, #1)",J.R. Ward,eng,3.89,38911
6600137,"Captivate (Need, #2)",Carrie Jones,eng,3.94,36772
4961048,Wishful Drinking,Carrie Fisher,eng,3.71,29934
21717,"Triptych (Will Trent, #1)",Karin Slaughter,en-US,4.14,29406
300225,Bloodline,Sidney Sheldon,,3.79,23726
352921,"A Fatal Grace (Chief Inspector Armand Gamache, #2)",Louise Penny,en-US,4.11,27437
7156505,"The 9th Judgment  (Women's Murder Club, #9)","James Patterson, Maxine Paetro",eng,4.08,28593
13353667,Zoo,"James Patterson, Michael Ledwidge",en-GB,3.43,24768
9465845,"Vespers Rising (The 39 Clues, #11)","Rick Riordan, Gordon Korman, Peter Lerangis, Jude Watson",eng,4.12,28203
29501,"The End of Faith: Religion, Terror, and the Future of Reason",Sam Harris,en-US,3.93,24578
1902241,"The Adoration of Jenna Fox (Jenna Fox Chronicles, #1)",Mary E. Pearson,eng,3.7,36754
7592279,"The Emperor of Nihon-Ja (Ranger's Apprentice, #10)",John Flanagan,eng,4.42,29397
24812,The Complete Calvin and Hobbes,Bill Watterson,eng,4.82,28900
23686,"Ranma ½, Vol. 1 (Ranma ½ (US 2nd), #1)",Rumiko Takahashi,eng,4.15,26303
2815590,Serena,Ron Rash,eng,3.52,25082
94799,Ghost Soldiers: The Epic Account of World War II's Greatest Rescue Mission,Hampton Sides,,4.17,23873
12007,"Use of Weapons (Culture, #3)",Iain M. Banks,en-GB,4.18,26350
17267122,"Pulse (Collide, #2)",Gail McHugh,eng,4.29,32128
115076,Love Walked In,Marisa de los Santos,eng,3.69,28712
92143,Bone: The Complete Edition,Jeff Smith,eng,4.42,27721
2479827,"Eragon, Eldest & Brisingr (Inheritance, #1-3)",Christopher Paolini,eng,4.2,25623
5941233,"Thirst No. 1: The Last Vampire, Black Blood, and Red Dice (Thirst, #1)",Christopher Pike,en-US,3.82,30154
11741,Housekeeping,Marilynne Robinson,en-US,3.82,28416
511614,"The 101 Dalmatians (The Hundred and One Dalmatians, #1)","Dodie Smith, Michael Dooling",eng,4.11,27717
119389,Windmills of the Gods,Sidney Sheldon,en-GB,3.82,23333
747746,The Curious Case of Benjamin Button,F. Scott Fitzgerald,en-GB,3.53,30313
38262,Moll Flanders,Daniel Defoe,eng,3.5,30379
175675,Ragtime,E.L. Doctorow,eng,3.88,26815
35921,"On Basilisk Station (Honor Harrington, #1)",David Weber,eng,4.11,28970
3272165,Bad Science,Ben Goldacre,eng,4.07,22692
80642,Garlic and Sapphires: The Secret Life of a Critic in Disguise,Ruth Reichl,eng,3.92,26542
6891433,"Panserhjerte (Harry Hole, #8)",Jo Nesbø,nor,4.08,10991
24094,"Wolf-Speaker (Immortals, #2)",Tamora Pierce,eng,4.21,37448
8135807,"Rock Me (Ross Siblings, #2)",Cherrie Lynn,en-US,4.09,43448
6748,A Supposedly Fun Thing I'll Never Do Again:  Essays and Arguments,David Foster Wallace,en-GB,4.28,23272
98413,"Nana, Vol. 1 (Nana, #1)",Ai Yazawa,en-US,4.21,28627
298567,"Revenge of the Witch (The Last Apprentice / Wardstone Chronicles, #1)","Joseph Delaney, Patrick  Arrasmith",eng,3.97,27305
32257,"The Sinner (Rizzoli & Isles, #3)",Tess Gerritsen,eng,4.12,28283
6250169,"Unseen Academicals (Discworld, #37; Rincewind #8)",Terry Pratchett,eng,3.97,30330
11071466,Second Chance Summer,Morgan Matson,eng,4.16,31983
381704,Bergdorf Blondes,Plum Sykes,en-US,3.26,23795
17162,"The Chocolate War (Chocolate War, #1)",Robert Cormier,eng,3.48,31633
14118,Beauty and the Beast (Disney),"Teddy Slater, Ron Dias, Ric González",,4.4,26454
22836957,The Revenant,Michael Punke,,3.92,19289
25104,The Wake (The Sandman #10),"Neil Gaiman, Michael Zulli, Jon J. Muth, Charles Vess, Mikal Gilmore",eng,4.53,32360
2615,The Innovator's Dilemma: The Revolutionary Book that Will Change the Way You Do Business (Collins Business Essentials),Clayton M. Christensen,,4.0,21997
765281,Lady and the Tramp,"Teddy Slater, Bill Langley, Ron Dias, Walt Disney Company",eng,4.36,28011
153795,"Squire (Protector of the Small, #3)",Tamora Pierce,eng,4.27,37110
1821571,"Snakehead (Alex Rider, #7)",Anthony Horowitz,eng,4.15,32743
10560331,"Out of Sight, Out of Time (Gallagher Girls, #5)",Ally Carter,eng,4.35,39918
15778138,"Just for Now (Sea Breeze, #4)",Abbi Glines,eng,4.25,39625
17286958,Killing Jesus: A History,"Bill O'Reilly, Martin Dugard",eng,3.89,18107
183822,"Sandstorm (Sigma Force, #1)",James Rollins,eng,3.94,29665
173673,A Course in Miracles,Foundation for Inner Peace,,4.17,17015
18656030,"Cibola Burn (The Expanse, #4)",James S.A. Corey,eng,4.12,21551
353814,The Charm School,Nelson DeMille,en-GB,4.26,25706
332631,"Y: The Last Man, Vol. 2: Cycles (Y: The Last Man, #2)","Brian K. Vaughan, Pia Guerra, José Marzán Jr.",eng,4.23,30504
3475268,"White Witch, Black Curse (The Hollows, #7)",Kim Harrison,en-US,4.35,38315
19793,The Power of Intention: Learning to Co-create Your World Your Way,Wayne W. Dyer,,4.18,22361
93426,Genghis Khan and the Making of the Modern World,Jack Weatherford,eng,4.01,25452
126609,Sister Carrie,Theodore Dreiser,eng,3.72,27401
9409469,"The Gray Wolf Throne (Seven Realms, #3)",Cinda Williams Chima,eng,4.39,31763
1362193,"Laskar Pelangi (Tetralogi Laskar Pelangi, #1)",Andrea Hirata,ind,4.15,18311
7904429,"Scott Pilgrim, Volume 6: Scott Pilgrim's Finest Hour",Bryan Lee O'Malley,eng,4.41,29308
31623,"Blow Fly (Kay Scarpetta, #12)",Patricia Cornwell,en-US,3.74,29283
33443,"Chocolate Chip Cookie Murder (Hannah Swensen, #1)",Joanne Fluke,eng,3.72,31242
9729504,"Lost in Shangri-la: A True Story of Survival, Adventure, and the Most Incredible Rescue Mission of World War II",Mitchell Zuckoff,eng,3.82,27776
7247854,"The Disappearing Spoon: And Other True Tales of Madness, Love, and the History of the World from the Periodic Table of the Elements",Sam Kean,eng,3.9,26820
52635,The Hellbound Heart,Clive Barker,eng,4.02,25074
17704903,Empty Mansions: The Mysterious Life of Huguette Clark and the Spending of a Great American Fortune,"Bill Dedman, Paul Clark Newell Jr.",eng,3.76,22819
6457081,Remarkable Creatures ,Tracy Chevalier,eng,3.81,29667
3558003,"Lord of Misrule (The Morganville Vampires, #5)",Rachel Caine,en-US,4.18,38874
39031,"The Cabinet of Curiosities (Pendergast, #3)","Douglas Preston, Lincoln Child",eng,4.26,29003
498641,The Practice of the Presence of God,Brother Lawrence,,4.32,23889
12191246,"Second Son (Jack Reacher, #15.5)",Lee Child,,3.95,24230
20620995,Take Me with You,Catherine Ryan Hyde,en-US,4.12,14164
9820,Crossing to Safety,Wallace Stegner,eng,4.16,25578
9440448,"Buried Prey (Lucas Davenport, #21)",John Sandford,eng,4.23,24695
13497505,Love Does: Discover a Secretly Incredible Life in an Ordinary World,Bob Goff,en-US,4.25,25791
106835,The Intelligent Investor (Collins Business Essentials),"Benjamin Graham, Jason Zweig, Warren Buffett",eng,4.27,29825
2095,The Universe in a Nutshell,Stephen Hawking,en-US,4.13,23596
9300768,"The Heroes (First Law World, #5)",Joe Abercrombie,eng,4.26,24964
1001896,The Real Mother Goose,Blanche Fisher Wright,,4.33,31643
5296,An Ideal Husband,Oscar Wilde,en-US,4.03,29952
42058,Richard III,"William Shakespeare, John Jowett",,3.92,29182
22557520,"After (After, #1)",Anna Todd,eng,3.74,32027
1966969,"Fire Study (Study, #3)",Maria V. Snyder,en-US,3.95,40523
11734,"The Human Stain (The American Trilogy, #3)",Philip Roth,eng,3.84,21724
16303287,The Bane Chronicles,"Cassandra Clare, Sarah Rees Brennan, Maureen Johnson, Cassandra Jean",eng,4.2,36885
409918,"The Narrows (Harry Bosch, #10; Harry Bosch Universe, #12)",Michael Connelly,eng,4.09,26274
13312527,"The Opportunist (Love Me with Lies, #1)",Tarryn Fisher,eng,4.22,38511
14096,"Wherever You Go, There You Are: Mindfulness Meditation in Everyday Life",Jon Kabat-Zinn,en-US,4.11,24259
50144,Kitchen,"Banana Yoshimoto, Megan Backus",eng,3.83,25797
123543,"The Bourne Legacy (Jason Bourne, #4)",Eric Van Lustbader,eng,3.86,23352
129619,"A Kingdom of Dreams (Westmoreland, #1)",Judith McNaught,eng,4.25,34308
7095831,"Ship Breaker (Ship Breaker, #1)",Paolo Bacigalupi,eng,3.74,31911
385742,"Gregor and the Prophecy of Bane (Underland Chronicles, #2)",Suzanne Collins,eng,4.17,29586
85733,Beach Road,"James Patterson, Peter de Jonge",eng,3.81,27240
9802372,"The Name of the Star (Shades of London, #1)",Maureen Johnson,,3.9,22842
325085,Nicholas Nickleby,"Charles Dickens, Mark Ford",eng,3.89,30272
4673605,"Dean Koontz's Frankenstein, Volume 1: Prodigal Son","Dean Koontz, Kevin J. Anderson, Chuck Dixon, Brett Booth",eng,4.09,25349
12651,The Social Contract,"Jean-Jacques Rousseau, Maurice Cranston",eng,3.75,24397
3002300,"Chains (Seeds of America, #1)",Laurie Halse Anderson,eng,4.09,32493
53447,El túnel,Ernesto Sabato,spa,4.04,23161
110331,The Federalist Papers,"Alexander Hamilton, James Madison, John Jay, Philo-Publius, Clinton Rossiter, Charles R. Kessler",eng,4.05,24648
272315,Keeping You a Secret,Julie Anne Peters,,3.98,25864
25242224,"The Story of the Lost Child (The Neapolitan Novels, #4)","Elena Ferrante, Ann Goldstein",eng,4.39,21358
1629601,The Disreputable History of Frankie Landau-Banks,E. Lockhart,en-US,3.82,35300
6578507,The Postmistress,"Sarah Blake, Orlagh Cassidy",eng,3.3,30320
10790277,"Rise of Empire (The Riyria Revelations, #3-4)",Michael J. Sullivan,eng,4.35,25757
657371,Tweak: Growing Up On Methamphetamines,Nic Sheff,en-US,3.93,23544
10836728,"The Rook (The Checquy Files, #1)",Daniel O'Malley,eng,4.12,27569
44170,"The Looking Glass Wars (The Looking Glass Wars, #1)",Frank Beddor,en-US,3.93,34581
2241558,"The Other Queen (The Plantagenet and Tudor Novels, #15)",Philippa Gregory,eng,3.62,32105
6261961,Labor Day,Joyce Maynard,en-GB,3.55,23043
7576115,"I Shall Wear Midnight (Discworld, #38; Tiffany Aching, #4)",Terry Pratchett,eng,4.35,30945
17831614,"Beautiful Player (Beautiful Bastard, #3)",Christina Lauren,eng,4.38,42635
18077903,"Creativity, Inc.: Overcoming the Unseen Forces That Stand in the Way of True Inspiration","Ed Catmull, Amy Wallace",eng,4.24,25488
91760,The Diary of Frida Kahlo: An Intimate Self-Portrait,"Frida Kahlo, Carlos Fuentes, Sarah M. Lowe",eng,3.88,25038
11580,Creepshow,"Stephen King, Bernie Wrightson, Michele Wrightson",en-US,4.06,27690
10785687,Harry Potter Page to Screen: The Complete Filmmaking Journey,Bob McCabe,,4.56,27361
29925,"Gods and Generals (The Civil War Trilogy, #1)",Jeff Shaara,eng,4.05,25515
2712967,The Darkest Pleasure (Lords of the Underworld #3),Gena Showalter,eng,4.28,38040
151370,"Many Waters (A Wrinkle in Time Quintet, #4)",Madeleine L'Engle,en-US,4.01,33049
598159,"Panda Bear, Panda Bear, What Do You See?","Bill Martin Jr., Eric Carle",en-US,4.21,27402
8701129,"Love You More (Tessa Leoni, #1; Detective D.D. Warren, #5)",Lisa Gardner,eng,4.15,27629
792161,"War Horse (War Horse, #1)",Michael Morpurgo,eng,4.13,24952
336161,The Grouchy Ladybug,Eric Carle,,4.09,26716
21685,"A Drink Before the War (Kenzie & Gennaro, #1)",Dennis Lehane,en-US,3.96,25800
657034,"Heartsick (Archie Sheridan & Gretchen Lowell, #1)",Chelsea Cain,eng,3.92,27974
12820360,"Edenbrooke (Edenbrooke, #1)",Julianne Donaldson,eng,4.34,28536
16248311,The Perfume Collector,Kathleen Tessaro,eng,3.97,22544
15704001,"Seduction and Snacks (Chocolate Lovers, #1)",Tara Sivec,eng,4.14,32972
15768191,"Sweet Peril (Sweet, #2)",Wendy Higgins,eng,4.28,38229
39030,"Reliquary (Pendergast, #2)","Douglas Preston, Lincoln Child",en-US,4.0,27362
8459594,"Blood, Bones, and Butter: The Inadvertent Education of a Reluctant Chef",Gabrielle Hamilton,en-US,3.71,24531
140302,"Poirot Investiga (Hércules Poirot, #3)",Agatha Christie,spa,4.07,15476
10,"Harry Potter Collection (Harry Potter, #1-6)",J.K. Rowling,eng,4.73,24618
30016,The Naked Sun (Robot #2),Isaac Asimov,en-US,4.12,26532
114230,Bartleby the Scrivener,Herman Melville,eng,3.9,26265
23512999,The Bazaar of Bad Dreams,Stephen King,eng,3.92,22054
9835731,"The Hypnotist (Joona Linna, #1)","Lars Kepler, Ann Long",eng,3.63,23690
76658,"On a Pale Horse (Incarnations of Immortality, #1)",Piers Anthony,en-US,4.13,29492
4902793,"Sookie Stackhouse 7-copy Boxed Set (Sookie Stackhouse, #1-7)",Charlaine Harris,,4.43,25359
43324,Are You Afraid of the Dark?,Sidney Sheldon,eng,3.64,21443
25378,The Dirt: Confessions of the World's Most Notorious Rock Band,"Tommy Lee, Vince Neil, Nikki Sixx, Neil Strauss, Mick Mars, Tommy Lee",en-GB,4.16,22482
7797,Ten Apples Up On Top!,"Theo LeSieg, Roy McKie",eng,4.11,28034
331319,An American Tragedy,"Theodore Dreiser, Richard R. Lingeman",eng,3.94,25665
4645,The Snows of Kilimanjaro and Other Stories,Ernest Hemingway,eng,3.88,21365
673252,Anne McCaffrey's Dragonflight #1,"Brynne Stephens, Lela Dowling, Cynthia Martin, Anne McCaffrey",eng,4.44,29556
9503336,Silver Girl,Elin Hilderbrand,en-US,3.87,24819
22896,Practical Magic,Alice Hoffman,eng,3.8,32994
13536649,"Trapped (The Iron Druid Chronicles, #5)",Kevin Hearne,eng,4.28,27544
9475,"Midnight for Charlie Bone (The Children of the Red King, #1)",Jenny Nimmo,en-US,3.79,32917
23395680,"Illuminae (The Illuminae Files, #1)","Amie Kaufman, Jay Kristoff",eng,4.32,44500
140671,"The Black Company (The Chronicles of the Black Company, #1)",Glen Cook,eng,3.96,27392
42986,"War and Remembrance (The Henry Family, #2)",Herman Wouk,eng,4.38,26633
37034,The Woman in Black,"Susan Hill, John Lawrence",eng,3.68,24200
239810,The Best Christmas Pageant Ever (The Herdmans #1),Barbara Robinson,en-US,4.18,32516
5061675,"A Game of Thrones / A Clash of Kings (A Song of Ice and Fire, #1-2)",George R.R. Martin,,4.53,22259
9827,"King Rat (Asian Saga, #4)",James Clavell,eng,4.1,25071
8811134,"Fear (Gone, #5)",Michael  Grant,en-US,4.25,33178
24422492,"Never Never: Part Two (Never Never, #2)","Colleen Hoover, Tarryn Fisher",eng,4.12,31325
327255,The Fourth Protocol,Frederick Forsyth,en-GB,3.99,24896
10990,"Lord John and the Private Matter (Lord John Grey, #1)",Diana Gabaldon,eng,3.66,28653
9681214,"The Goddess Test (Goddess Test, #1)",Aimee Carter,eng,3.83,44328
36086,"The Ghost Map: The Story of London's Most Terrifying Epidemic - and How It Changed Science, Cities, and the Modern World",Steven Johnson,eng,3.91,24895
9297774,"Eve (Eve, #1)",Anna Carey,en-US,3.69,34746
18353714,"The Target (Will Robie, #3)",David Baldacci,eng,4.04,18115
52372,On Photography,Susan Sontag,eng,3.84,22611
504420,"Protect and Defend (Mitch Rapp, #10)",Vince Flynn,en-US,4.34,23952
5182,Songs in Ordinary Time,Mary McGarry Morris,eng,3.68,27034
40067,Thunderstruck,Erik Larson,en-US,3.67,24760
1168341,"Physics of the Impossible: A Scientific Exploration into the World of Phasers, Force Fields, Teleportation, and Time Travel",Michio Kaku,eng,4.07,22251
15595,The Midwife's Apprentice,Karen Cushman,eng,3.71,33217
40200,The Crimson Petal and the White,Michel Faber,eng,3.87,24932
4701,A Spot of Bother,Mark Haddon,eng,3.46,23676
8709524,"Silver Shadows (Bloodlines, #5)",Richelle Mead,en-US,4.37,38152
16255,"Tales of the City (Tales of the City, #1)",Armistead Maupin,eng,4.06,23666
100924,"Perelandra (Space Trilogy, #2)",C.S. Lewis,en-US,3.97,26791
5510384,"Tricks (Tricks, #1)",Ellen Hopkins,eng,4.29,28687
7673,Eaters of the Dead,Michael Crichton,,3.64,24885
11100431,"Heir of Novron (The Riyria Revelations, #5-6)",Michael J. Sullivan,eng,4.46,25185
93261,The Legend of Sleepy Hollow,Washington Irving,eng,3.74,25433
3863861,Just the Sexiest Man Alive,Julie James,en-US,3.94,36473
9436746,"10th Anniversary (Women's Murder Club, #10)","James Patterson, Maxine Paetro",eng,4.05,27052
922991,The Island,Victoria Hislop,en-GB,3.99,23415
32441,The Good Guy,Dean Koontz,eng,3.81,27061
64948,Whispers,Dean Koontz,en-US,3.9,26304
6777616,"The Weed That Strings the Hangman's Bag (Flavia de Luce, #2)",Alan Bradley,eng,3.99,33519
32422,Hideaway,Dean Koontz,eng,3.82,27511
634407,"Knots and Crosses (Inspector Rebus, #1)","Ian Rankin, Mircea Pricăjan",eng,3.83,26055
48464,A Good Man is Hard to Find and Other Stories,Flannery O'Connor,,4.24,25504
138396,"The Walking Dead, Vol. 02: Miles Behind Us","Robert Kirkman, Charlie Adlard",en-GB,4.25,26082
3828382,Tribes: We Need You to Lead Us,Seth Godin,en-US,3.84,23803
46815,Wasted: A Memoir of Anorexia and Bulimia,Marya Hornbacher,eng,3.99,25452
7468160,Every Last One,Anna Quindlen,eng,3.83,26623
7505716,Alice's Adventures in Wonderland & Other Stories,"Lewis Carroll, John Tenniel",eng,4.22,24607
6547188,"Black Magic Sanction (The Hollows, #8)",Kim Harrison,eng,4.39,36216
11505008,"Wheat Belly: Lose the Wheat, Lose the Weight, and Find Your Path Back to Health",William  Davis,eng,3.71,21263
18500665,"End of Days (Penryn & the End of Days, #3)",Susan Ee,eng,4.1,27238
36315,The Best of H.P. Lovecraft: Bloodcurdling Tales of Horror and the Macabre,"H.P. Lovecraft, August Derleth, Robert Bloch",eng,4.31,25841
82192,"The Crystal Cave (Arthurian Saga, #1)",Mary  Stewart,en-US,4.12,34643
8138071,"Pale Demon (The Hollows, #9)",Kim Harrison,en-US,4.45,35141
160149,The Call of Cthulhu and Other Weird Stories,"H.P. Lovecraft, S.T. Joshi",en-US,4.25,25663
15015,"Conversations with God: An Uncommon Dialogue, Book 1",Neale Donald Walsch,eng,4.15,21977
23705512,You're Never Weird on the Internet (Almost),"Felicia Day, Joss Whedon",eng,4.14,28276
7926569,Now You See Her,"James Patterson, Michael Ledwidge",en-US,3.98,23426
268601,"Glory in Death (In Death, #2)",J.D. Robb,eng,4.25,35158
16002136,"Hawkeye, Volume 1: My Life as a Weapon","Matt Fraction, David Aja, Javier Pulido, Matt Hollingsworth, Chris Eliopoulos, Alan Davis",eng,4.17,31993
11312,"Over Sea, Under Stone (The Dark Is Rising, #1)",Susan Cooper,,3.85,34020
6375845,Batman: Hush,"Jeph Loeb, Jim Lee, Scott Williams, Alex Sinclair, Richard Starkings",eng,4.29,24125
11299,After the Quake,"Haruki Murakami, Jay Rubin",eng,3.78,22682
6405929,"I, Alex Cross (Alex Cross, #16)",James Patterson,eng,3.98,27046
53498,"Love That Dog (Jack, #1)",Sharon Creech,en-US,4.01,30254
73864,A Man Named Dave (Dave Pelzer #3),Dave Pelzer,en-US,3.87,23605
121927,"Danse Macabre (Anita Blake, Vampire Hunter, #14)",Laurell K. Hamilton,eng,3.81,36848
40425,"Tarzan of the Apes (Tarzan, #1)",Edgar Rice Burroughs,eng,3.88,27529
127586,"The White Dragon (Pern, #3)",Anne McCaffrey,,4.17,33172
26023,"Bright Lights, Big Ass: A Self-Indulgent, Surly, Ex-Sorority Girl's Guide to Why It Often Sucks in the City, or Who Are These Idiots and Why Do They All Live Next Door to Me?",Jen Lancaster,eng,4.07,26690
74998,"The Magic Faraway Tree (The Faraway Tree, #2)",Enid Blyton,eng,4.29,26364
17650,The Robber Bride,Margaret Atwood,eng,3.82,29797
2679633,"Pleasure Unbound (Demonica, #1)",Larissa Ione,eng,4.07,40836
1388813,"Midnight Awakening (Midnight Breed, #3)",Lara Adrian,eng,4.25,34491
542639,The Shock of the New,Robert Hughes,,3.73,21410
1611988,A Prisoner of Birth,Jeffrey Archer,en-US,4.09,21932
6424184,"Thirst No. 2: Phantom, Evil Thirst, and Creatures of Forever (Thirst, #2)",Christopher Pike,en-US,4.06,26045
125963,Thr3e,Ted Dekker,,4.08,24907
347610,King Leopold's Ghost,Adam Hochschild,en-US,4.15,25021
10830444,Guilty Wives,"James Patterson, David Ellis",eng,3.82,22665
12283261,"Between the Lines (Between the Lines, #1)","Jodi Picoult, Samantha van Leer",eng,3.58,29791
10059498,The Midwife's Confession,Diane Chamberlain,eng,4.05,24283
9635657,"Tales from a Not-So-Talented Pop Star (Dork Diaries, #3)",Rachel Renée Russell,eng,4.31,22337
10138607,Habibi,Craig Thompson,eng,4.04,27673
11093329,"The House of Silk (Sherlock Holmes, #1)",Anthony Horowitz,eng,3.95,23541
33808,"The Lion's Game (John Corey, #2)",Nelson DeMille,,4.17,23780
9761778,"Deity (Covenant, #3)",Jennifer L. Armentrout,eng,4.41,39069
116020,Walden & Civil Disobedience,"Henry David Thoreau, W.S. Merwin",eng,3.96,26412
6236809,"Black Bird, Vol. 01 (Black Bird, #1)","Kanoko Sakurakouji, JN Productions, Pancha Diaz",eng,4.08,27196
28678119,"Paper Princess (The Royals, #1)","Erin Watt, Elle Kennedy, Jen Frederick",eng,4.08,34831
37426,Little Children,Tom Perrotta,,3.61,24109
99894,The Boys from Brazil,Ira Levin,eng,4.05,25448
884288,"Interesting Times (Discworld, #17; Rincewind #5)",Terry Pratchett,en-US,4.17,26733
2003625,Dark Desires After Dusk (Immortals After Dark #6),Kresley Cole,en-CA,4.38,35300
169875,"Searching for Dragons (Enchanted Forest Chronicles, #2)","Patricia C. Wrede, Peter de Sève",en-US,4.25,35016
13330603,The Sandcastle Girls,Chris Bohjalian,,3.86,26623
7091713,"Kiss of Death (The Morganville Vampires, #8)","Rachel Caine, Cynthia Holloway",eng,4.22,33464
17828418,"Fixed on You (Fixed, #1)",Laurelin Paige,eng,4.16,37797
3173558,"Maximum Ride, Vol. 1 (Maximum Ride: The Manga, #1)","James Patterson, NaRae Lee",eng,4.24,26254
12099007,"The Last Boyfriend (Inn BoonsBoro, #2)","Nora Roberts, MacLeod Andrews",eng,4.06,26861
10776592,"The Boy in the Suitcase (Nina Borg, #1)","Lene Kaaberbøl, Agnete Friis",eng,3.6,21666
22571552,So You've Been Publicly Shamed,Jon Ronson,eng,3.91,22484
81779,The Symposium,"Plato, Christopher Gill",eng,4.01,22413
11711,Vernon God Little,D.B.C. Pierre,eng,3.58,22284
76867,"A Darkness More Than Night (Harry Bosch, #7; Terry McCaleb, #2; Harry Bosch Universe, #9)",Michael Connelly,eng,4.12,25552
80670,Otherwise Known as Sheila the Great (Fudge #2),Judy Blume,,3.94,31847
58098,for colored girls who have considered suicide/when the rainbow is enuf,Ntozake Shange,en-US,4.27,24288
26236956,The Obsession,Nora Roberts,eng,4.18,25318
30228,"Micah (Anita Blake, Vampire Hunter, #13)",Laurell K. Hamilton,en-US,3.62,37410
7060582,"Twice Bitten (Chicagoland Vampires, #3)",Chloe Neill,eng,4.23,38287
320167,"The Last Precinct (Kay Scarpetta, #11)",Patricia Cornwell,eng,3.83,26250
10047589,Girls in White Dresses,Jennifer Close,eng,3.12,25167
92780,Cold Comfort Farm,"Stella Gibbons, Lynne Truss, Roz Chast",eng,3.92,28260
12842134,"Just One Year (Just One Day, #2)",Gayle Forman,eng,3.9,31517
17876897,"One with You (Crossfire, #5)",Sylvia Day,eng,4.04,29564
203805,Vincent Van Gogh: The Complete Paintings,"Rainer Metzger, Ingo F. Walther",eng,4.14,24000
12605157,"The $100 Startup: Reinvent the Way You Make a Living, Do What You Love, and Create a New Future",Chris Guillebeau,eng,3.85,26097
33458,"The Lust Lizard of Melancholy Cove (Pine Cove, #2)",Christopher Moore,en-US,3.85,26312
154091,"Mona Lisa Overdrive (Sprawl, #3)",William Gibson,eng,3.97,26410
29780253,Born a Crime: Stories From a South African Childhood,Trevor Noah,eng,4.49,42573
18553,"The Cay (The Cay, #1)",Theodore Taylor,en-US,3.74,25832
107770,The Secret (Highlands' Lairds #1),Julie Garwood,eng,4.26,32089
3238153,North of Beautiful,Justina Chen,en-US,3.92,32034
77554,The Stone Diaries,Carol Shields,eng,3.84,27989
838917,The Power of a Praying Woman,Stormie Omartian,,4.38,10970
1087075,"Shoe Addicts Anonymous (Shoe Addict, #1)",Beth Harbison,eng,3.57,24029
124509,Smilla's Sense of Snow,"Peter Høeg, Tiina Nunnally",eng,3.73,25868
135611,Shakespeare: The World as Stage,Bill Bryson,en-US,3.79,25343
9282,The Smoke Jumper,Nicholas Evans,eng,4.05,25668
4570768,Willow,Julia Hoban,en-US,3.94,28342
56073,Living History,Hillary Rodham Clinton,en-US,3.75,23870
106076,Batman: Dark Victory,"Jeph Loeb, Tim Sale",eng,4.11,22838
7821828,The Hare With Amber Eyes: A Family's Century of Art and Loss,Edmund de Waal,eng,3.85,21885
76664,A Spell for Chameleon (Xanth #1),Piers Anthony,,3.93,29962
857501,"Hand, Hand, Fingers, Thumb","Al Perkins, Eric Gurney",,4.22,24029
11861062,"Starters (Starters, #1)",Lissa Price,eng,3.91,32143
1611656,Dark Needs at Night's Edge (Immortals After Dark #5),Kresley Cole,eng,4.32,36250
38787,Pedro Páramo,"Juan Rulfo, Margaret Sayers Peden, Susan Sontag",eng,4.04,20450
77391,"Anne of Ingleside (Anne of Green Gables, #6)",L.M. Montgomery,en-US,4.05,36641
1779929,The Middle Place,Kelly Corrigan,,3.85,24282
43928,Deal Breaker (Myron Bolitar #1),Harlan Coben,eng,3.94,28921
34080,The Waste Land,"T.S. Eliot, Michael North",eng,4.11,29008
22875451,The Royal We,"Heather Cocks, Jessica  Morgan",eng,3.8,25312
861326,"The Viscount Who Loved Me (Bridgertons, #2)",Julia Quinn,eng,4.19,35591
9531,"Peter and the Shadow Thieves (Peter and the Starcatchers, #2)","Dave Barry, Ridley Pearson, Greg Call",en-US,4.15,29555
531989,Drown,Junot Díaz,,4.05,23295
2071575,The Beach House,Jane Green,en-US,3.62,25412
28634,Immortality,Milan Kundera,en-US,4.12,18574
15793074,"Best Kept Secret (The Clifton Chronicles, #3)",Jeffrey Archer,eng,3.94,18673
910863,"Spin (Spin, #1)",Robert Charles Wilson,en-US,4.01,26015
12083,Long Day's Journey Into Night,Eugene O'Neill,eng,4.07,27215
74928,"Hellsing, Vol. 01 (Hellsing, #1)","Kohta Hirano, Duane Johnson",eng,4.28,23895
228261,"Soul Harvest: The World Takes Sides (Left Behind, #4)","Tim LaHaye, Jerry B. Jenkins",en-US,3.95,25675
123106,Twisted,Laurie Halse Anderson,eng,3.83,29573
4692,"The Physician (Cole Family Trilogy, #1)",Noah Gordon,eng,4.35,19310
21337,"Prodigal Son (Dean Koontz's Frankenstein, #1)","Dean Koontz, Kevin J. Anderson, Scott Brick",eng,4.01,25871
122125,How Do Dinosaurs Say Good Night?,"Jane Yolen, Mark Teague",eng,4.13,27968
867247,A Book of Five Rings: The Classic Guide to Strategy,"Miyamoto Musashi, Victor Harris",,4.09,19246
281433,Tick Tock,Dean Koontz,,3.71,25679
573201,The Icarus Agenda,Robert Ludlum,en-US,3.93,24170
7098304,Demon from the Dark (Immortals After Dark #10),Kresley Cole,eng,4.47,34257
18108281,"The King (Black Dagger Brotherhood, #12)",J.R. Ward,eng,4.37,17398
21031,When Nietzsche Wept,Irvin D. Yalom,eng,4.25,18054
365990,"The Crossing (The Border Trilogy, #2)",Cormac McCarthy,eng,4.11,21586
19068,The Nicomachean Ethics,"Aristotle, J.A.K. Thomson, Jonathan Barnes, Hugh Tredennick",eng,3.91,19380
11198480,Not a Fan: Becoming a Completely Committed Follower of Jesus,Kyle Idleman,eng,4.23,22613
29802,"Scott Pilgrim, Volume 3: Scott Pilgrim & The Infinite Sadness",Bryan Lee O'Malley,,4.29,28569
14990,Spook: Science Tackles the Afterlife,Mary Roach,en-US,3.57,26306
171547,Songs of Innocence and of Experience,William Blake,en-US,4.11,26608
306364,"Sugar Daddy (Travises, #1)",Lisa Kleypas,en-US,4.0,31604
900065,The Berenstain Bears and the Messy Room,"Stan Berenstain, Jan Berenstain",en-US,4.16,27997
349473,Blaze,"Richard Bachman, Stephen King",en-US,3.65,27673
286507,"Demon Lord of Karanda (The Malloreon, #3)",David Eddings,en-US,4.05,30618
2693801,History of Art,"H.W. Janson, Anthony F. Janson",eng,3.8,22146
7202831,"Ice Cold (Rizzoli & Isles, #8)",Tess Gerritsen,en-US,4.14,24651
68520,"The Winter King (The Warlord Chronicles, #1)",Bernard Cornwell,eng,4.27,23540
59969,"Sin City, Vol. 2: A Dame to Kill For (Sin City, #2)",Frank Miller,eng,4.16,23170
544424,"Leaving Paradise (Leaving Paradise, #1)",Simone Elkeles,eng,4.02,37323
475276,"D.N.Angel, Vol. 1 (D.N.Angel, #1)",Yukiru Sugisaki,en-US,4.01,25247
226791,Total Control,David Baldacci,en-US,4.06,24438
6411016,Matterhorn,Karl Marlantes,eng,4.25,22525
2159225,"The Mysterious Benedict Society and the Perilous Journey (The Mysterious Benedict Society, #2)","Trenton Lee Stewart, Diana Sudyka",en-US,4.19,31395
37526,Henry V,"William Shakespeare, Barbara A. Mowat, Paul Werstine",eng,3.87,29341
19083,Politics,Aristotle,eng,3.91,22128
522776,The Wolf of Wall Street,Jordan Belfort,eng,3.67,18289
174834,The Cost of Discipleship,Dietrich Bonhoeffer,eng,4.35,23544
29430012,A Gentleman in Moscow,Amor Towles,eng,4.37,33394
6792458,The New Jim Crow: Mass Incarceration in the Age of Colorblindness,Michelle Alexander,eng,4.49,23205
32585,Hunger,"Knut Hamsun, George Egerton",eng,4.09,21394
18465852,The Book of Unknown Americans,Cristina Henriquez,eng,3.85,22461
11112619,"Fever (The Chemical Garden, #2)",Lauren DeStefano,eng,3.79,37188
64865,"B is for Burglar  (Kinsey Millhone, #2)",Sue Grafton,eng,3.83,32733
3289281,"When Will There Be Good News? (Jackson Brodie, #3)",Kate Atkinson,en-US,3.97,25366
3134981,The Joker,"Brian Azzarello, Lee Bermejo",eng,4.04,23033
359375,Night Watch (Watch #1),"Sergei Lukyanenko, Andrew Bromfield",eng,3.97,25574
17402288,Dept. of Speculation,Jenny Offill,eng,3.72,20253
22544024,Secrets of a Charmed Life,Susan Meissner,eng,4.17,21375
85448,The Great Santini,Pat Conroy,eng,4.13,22921
51606,Johnny Got His Gun,Dalton Trumbo,eng,4.16,24871
32502,"Angels Flight (Harry Bosch, #6; Harry Bosch Universe, #7)",Michael Connelly,eng,4.13,25469
4909,"Teacher Man (Frank McCourt, #3)",Frank McCourt,en-CA,3.73,23736
5489684,"Vampire Kisses: The Beginning (Vampire Kisses, #1-3)",Ellen Schreiber,en-US,4.12,25698
9307674,"The Last Guardian (Artemis Fowl, #8)",Eoin Colfer,eng,4.15,34459
414895,Planet of the Apes,"Pierre Boulle, Xan Fielding",eng,3.91,22742
7600922,"Ghost Town (The Morganville Vampires, #9)",Rachel Caine,en-US,4.27,31362
182496,Evergreen,Belva Plain,eng,3.98,23790
356373,"Experiencing God: Knowing and Doing the Will of God, Workbook","Henry T. Blackaby, Claude V. King, Richard Blackaby",,4.32,21778
592657,Deliverance,James Dickey,eng,3.86,24522
28547,"Dragonsinger (Harper Hall, #2)",Anne McCaffrey,eng,4.26,31874
13049981,"Boundless (Unearthly, #3)",Cynthia Hand,eng,4.15,36433
29354916,The Whistler,John Grisham,en-GB,3.87,34797
568454,"D.Gray-man, Volume 01","Katsura Hoshino, Mayumi Kobayashi",eng,4.21,23910
41810,The Robots of Dawn (Robot #3),Isaac Asimov,eng,4.13,26075
18431,The Rule of Four,"Ian Caldwell, Dustin Thomason",eng,3.22,22724
16718083,"The Redemption of Callie & Kayden (The Coincidence, #2)",Jessica Sorensen,eng,4.11,38452
16277248,"Avatar: The Last Airbender (The Search, #1)","Gene Luen Yang, Bryan Konietzko, Michael Dante DiMartino, Dave Marshall, Gurihiru",eng,4.29,19675
32505,"The Closers (Harry Bosch, #11; Harry Bosch Universe, #13)",Michael Connelly,eng,4.08,24688
275000,"Fire and Ice (Warriors, #2)",Erin Hunter,eng,4.36,30745
5509920,The Darkest Whisper (Lords of the Underworld #4),Gena Showalter,eng,4.33,35144
46190,Love Is a Mix Tape,Rob Sheffield,en-US,3.83,21971
14595,Please Kill Me: The Uncensored Oral History of Punk,"Legs McNeil, Gillian McCain",en-US,4.16,20652
29632984,The Things We Wish Were True,Marybeth Mayhew Whalen,eng,3.83,20868
833549,"Frog and Toad All Year (Frog and Toad, #3)",Arnold Lobel,en-US,4.34,28930
68418,"The Dark Elf Trilogy Collector's Edition (Forgotten Realms: Dark Elf Trilogy, #1-3; Legend of Drizzt, #1-3)",R.A. Salvatore,eng,4.33,20722
30225,"The Harlequin (Anita Blake, Vampire Hunter #15)",Laurell K. Hamilton,en-US,3.9,35620
237320,So B. It,Sarah Weeks,eng,4.1,26658
1675216,"Found (The Missing, #1)",Margaret Peterson Haddix,eng,3.97,30807
26192467,First Comes Love,Emily Giffin,eng,3.6,22055
682745,The Basketball Diaries,Jim Carroll,eng,3.98,23739
59978,"Sin City, Vol. 4: That Yellow Bastard (Sin City, #4)",Frank Miller,eng,4.22,22932
68458,"Krew elfów (Saga o Wiedźminie, #3)",Andrzej Sapkowski,pol,4.23,11981
6697,Little Altars Everywhere,Rebecca Wells,,3.55,25045
82747," Angels (Walsh Family, #3)",Marian Keyes,en-US,3.73,25680
8306745,"A World Without Heroes (Beyonders, #1)",Brandon Mull,en-US,4.07,27160
5201089,"The Kings of Clonmel (Ranger's Apprentice, #8)",John Flanagan,eng,4.29,30299
25816688,The Fireman,Joe Hill,eng,3.92,17052
19346451,"The Revenge of Seven (Lorien Legacies, #5)",Pittacus Lore,eng,4.28,26075
387749,Ben-Hur: A Tale of the Christ,Lew Wallace,eng,4.02,25280
9646,Homage to Catalonia,"George Orwell, Lionel Trilling",eng,4.14,22227
251519,Good Grief,Lolly Winston,en-US,3.72,24273
18635622,"A Knight of the Seven Kingdoms (The Tales of Dunk and Egg, #1-3)","George R.R. Martin, Gary Gianni",eng,4.19,20009
7747263,"Misguided Angel (Blue Bloods, #5)",Melissa de la Cruz,en-US,3.93,33454
16109563,"Undeniable (Undeniable, #1)",Madeline Sheehan,eng,4.08,38501
6613,Four Blondes,Candace Bushnell,,2.8,22278
949709,There Was An Old Lady Who Swallowed A Fly (Classic Books),Pam Adams,,4.2,26360
28233082,"The Girl In The Ice (Detective Erika Foster, #1)",Robert Bryndza,eng,3.95,33739
1270615,"Buffy the Vampire Slayer: The Long Way Home (Season 8, #1)","Joss Whedon, Georges Jeanty",en-CA,3.96,26561
7324659,Medium Raw: A Bloody Valentine to the World of Food and the People Who Cook,Anthony Bourdain,en-US,3.73,21973
3562,"Emily of New Moon (Emily, #1)",L.M. Montgomery,eng,4.09,33317
113205,Heart of a Dog,"Mikhail Bulgakov, Mirra Ginsburg, Mikhail Bulgakov",eng,4.14,20086
676737,Grendel,John Gardner,en-US,3.69,25787
68528,"The Pale Horseman (The Saxon Stories, #2)",Bernard Cornwell,en-US,4.27,21686
64582,Chaos: Making a New Science,James Gleick,eng,3.98,21703
16982,Marvels,"Kurt Busiek, Alex Ross",eng,4.21,21636
13722902,A Hologram for the King,Dave Eggers,eng,3.29,20094
10959277,The Future of Us,"Jay Asher, Carolyn Mackler",en-US,3.58,32986
1713912,"Cross Country (Alex Cross, #14)",James Patterson,eng,3.83,26068
6538757,"Rock Chick (Rock Chick, #1)",Kristen Ashley,en-GB,4.2,41292
11366397,"The Program (The Program, #1)",Suzanne Young,eng,4.07,30517
84777,"City of Bones (Harry Bosch, #8; Harry Bosch Universe, #10)",Michael Connelly,eng,4.04,25096
45244,Judas Unchained,Peter F. Hamilton,eng,4.3,20850
7035,"Morality for Beautiful Girls (No. 1 Ladies' Detective Agency, #3)",Alexander McCall Smith,eng,3.97,29574
4570679,Going Too Far,Jennifer Echols,en-US,3.93,35071
16240761,The Son,Philipp Meyer,eng,3.98,19821
84132,"The Dream Hunter (Dark-Hunter #10, Dream-Hunter #1)",Sherrilyn Kenyon,en-US,4.06,34888
33455,Island of the Sequined Love Nun,"Christopher Moore, Oliver Wyman",en-GB,3.78,25166
26114135,All the Ugly and Wonderful Things,Bryn Greenwood,eng,4.12,30089
16101126,The Moon and More,Sarah Dessen,eng,3.63,29896
353,Time Enough for Love,Robert A. Heinlein,eng,3.96,25603
3895,The Barefoot Contessa Cookbook,"Ina Garten, Melanie Acevedo",en-GB,4.21,22497
7800188,"Virals (Virals, #1)","Kathy Reichs, Brendan Reichs",en-US,3.94,30226
12902549,"An Invisible Thread: The True Story of an 11-Year-Old Panhandler, a Busy Sales Executive, and an Unlikely Meeting with Destiny","Laura Schroff, Alex Tresniowski, Valerie Salembier",eng,4.0,22781
6167746,"Marked / Betrayed / Chosen / Untamed (House of Night, #1-4)","P.C. Cast, Kristin Cast",eng,4.37,22276
6365221,Mennonite in a Little Black Dress: A Memoir of Going Home,Rhoda Janzen,en-US,3.17,23096
830791,The Simple Truth,David Baldacci,en-US,4.03,23615
26891429,"The City of Mirrors (The Passage, #3)",Justin Cronin,eng,4.2,16352
91249,"Ramona Forever (Ramona, #7)",Beverly Cleary,,4.05,26685
5508,Anne Frank: Beyond the Diary - A Photographic Remembrance,"Ruud van der Rol, Rian Verhoeven, Anna Quindlen, Anne Frank, Tony Langham, Plym Peters",,4.25,22725
395962,"Kushiel's Chosen (Phèdre's Trilogy, #2)",Jacqueline Carey,en-US,4.31,28621
22874559,Half Girlfriend,Chetan Bhagat,en-CA,3.16,22082
233691,The Far Side Gallery 3,Gary Larson,,4.45,24199
52397,"Parable of the Sower (Earthseed, #1)",Octavia E. Butler,eng,4.14,25577
11872242,"11th Hour (Women's Murder Club, #11)","James Patterson, Maxine Paetro",eng,4.02,22697
13151129,"Earth Unaware (The First Formic War, #1)","Orson Scott Card, Aaron Johnston",en-US,3.91,27961
687278,When Things Fall Apart: Heart Advice for Difficult Times,Pema Chödrön,,4.29,20761
9999107,The American Heiress,Daisy Goodwin,eng,3.41,23992
659612,"Seeds of Yesterday (Dollanganger, #4)",V.C. Andrews,en-US,3.81,27307
140131,The Three Little Pigs (Disney Classic),"Al Dempster, Milt Banta, Golden Books, Walt Disney Company",,4.19,25466
60431,Andy Goldsworthy: A Collaboration with Nature,Andy Goldsworthy,,3.95,20745
608287,Jesus' Son,Denis Johnson,eng,4.15,20120
13573622,"The Last Man (Mitch Rapp, #13)",Vince Flynn,en-US,4.34,21240
9503,Saving Fish from Drowning,Amy Tan,eng,3.41,24579
13547381,Love Anthony,Lisa Genova,eng,3.94,22838
641604,Purple Cow: Transform Your Business by Being Remarkable,Seth Godin,eng,3.78,25230
16131489,"The Last Star (The 5th Wave, #3)",Rick Yancey,eng,3.64,30324
744615,"Scott Pilgrim, Volume 4: Scott Pilgrim Gets It Together","Bryan Lee O'Malley, Steve Buccellato",,4.32,27532
426825,QB VII,Leon Uris,eng,4.17,24396
24876258,"The Aeronaut's Windlass (The Cinder Spires, #1)",Jim Butcher,eng,4.18,20845
23529,From Hell,"Alan Moore, Eddie Campbell, Pete Mullins",eng,4.16,23971
86321,"Black Rose (In the Garden, #2)",Nora Roberts,eng,4.03,29058
65910,"The Perfect Husband (Quincy & Rainie, #1)",Lisa Gardner,eng,4.01,26578
113310,The Eight (The Eight #1),Katherine Neville,eng,3.92,22928
1499952,"Daddy-Long-Legs (Daddy-Long-Legs, #1)",Jean Webster,eng,4.09,20889
161887,East,Edith Pattou,en-US,4.14,30596
127584,"Dragonquest (Pern, #2)",Anne McCaffrey,en-US,4.09,31971
357636,Civilization and Its Discontents,"Sigmund Freud, James Strachey, Peter Gay",en-US,3.76,21447
12394068,A Street Cat Named Bob: How One Man and His Cat Found Hope on the Streets,James Bowen,eng,3.96,17971
17411703,"Complete Me (Stark Trilogy, #3)",J. Kenner,eng,4.23,32212
19288321,"Fool's Assassin (The Fitz and the Fool, #1)",Robin Hobb,eng,4.35,15601
31979,"Astonishing X-Men, Volume 1: Gifted","Joss Whedon, John Cassaday",eng,4.17,22373
5152561,"Fragile Eternity (Wicked Lovely, #3)",Melissa Marr,en-US,3.83,37303
11227041,"The Gamble (Colorado Mountain, #1)",Kristen Ashley,en-GB,4.29,42242
32628,The Great and Secret Show (Book of the Art #1),Clive Barker,eng,4.05,23328
29,The Mother Tongue: English and How It Got That Way,Bill Bryson,en-US,3.95,24133
1918305,The Geography of Bliss: One Grump's Search for the Happiest Places in the World,Eric    Weiner,en-US,3.83,23023
231,I am Charlotte Simmons,Tom Wolfe,en-US,3.4,19293
25564665,"The Mistake (Off-Campus, #2)",Elle Kennedy,eng,4.15,37148
73089,"Match Me If You Can (Chicago Stars, #6)",Susan Elizabeth Phillips,eng,4.13,33805
59830,"Heaven and Earth (Three Sisters Island, #2)",Nora Roberts,eng,4.13,28103
32430,The Bad Place,Dean Koontz,en-US,3.86,26848
17204568,"Crazy Little Thing (Bell Harbor, #1)",Tracy Brogan,en-US,3.8,23854
187812,Avalon High,Meg Cabot,,3.8,37402
3609763,"The Twilight Saga: The Official Illustrated Guide (Twilight, #4.5)",Stephenie Meyer,en-US,4.23,24065
297135,Summer Island,Kristin Hannah,,3.97,22598
64023,Celebration of Discipline: The Path to Spiritual Growth,Richard J. Foster,en-US,4.18,23026
517188,The Prime of Miss Jean Brodie,Muriel Spark,eng,3.76,26538
138202,"Sloppy Firsts (Jessica Darling, #1)",Megan McCafferty,eng,3.94,31757
13477676,"Forgive Me, Leonard Peacock",Matthew Quick,eng,3.93,27647
39963,"A Long Way from Chicago (A Long Way from Chicago, #1)",Richard Peck,eng,3.92,27642
5575,Cradle and All,James Patterson,eng,3.87,25426
514313,Bringing Down the House: The Inside Story of Six M.I.T. Students Who Took Vegas for Millions,Ben Mezrich,,3.87,16455
18465566,This One Summer,"Mariko Tamaki, Jillian Tamaki",eng,3.67,29592
13184572,The Next Best Thing,Jennifer Weiner,,3.46,24098
1883838,The Heroin Diaries: A Year In The Life Of A Shattered Rock Star,Nikki Sixx,en-GB,4.12,20531
4957350,Tinkers,Paul Harding,eng,3.37,21665
15568,"The Druid of Shannara (Heritage of Shannara, #2)",Terry Brooks,eng,4.0,24815
22843341,Stepbrother Dearest,Penelope Ward,eng,4.14,34347
14376,Einstein's Dreams,Alan Lightman,eng,4.08,21241
5695,Demons,"Fyodor Dostoyevsky, Richard Pevear, Larissa Volokhonsky",eng,4.26,20615
84144,Seize the Night (Dark-Hunter #6),Sherrilyn Kenyon,eng,4.36,29053
49455,Notes from Underground,"Fyodor Dostoyevsky, Christian Redl, Philip Dossick, Emanuela Guercetti, Michelle-Irène Brudny, Richard Pevear, Norman Dietz, Donald Fanger, coderati, Boris de Schlœzer, Larissa Volokhonsky",eng,4.15,15297
8346300,Harry Potter: A Pop-Up Book: Based on the Film Phenomenon,"Andrew Williamson, Andrew Williamson",,4.55,22847
85987,Portrait in Sepia,"Isabel Allende, Margaret Sayers Peden",,3.93,21649
18301124,Making Faces,Amy Harmon,eng,4.36,25941
288644,Q & A,Vikas Swarup,eng,3.98,13986
29430013,The Trespasser (Dublin Murder Squad #6),Tana French,eng,3.98,18805
789344,"Encyclopedia Brown, Boy Detective (Encyclopedia Brown, #1)",Donald J. Sobol,eng,4.03,30283
138685,"Dissolution (Matthew Shardlake, #1)",C.J. Sansom,eng,4.08,22863
890143,"The Clique (The Clique, #1)",Lisi Harrison,en-GB,3.6,27783
17910054,The Sixth Extinction: An Unnatural History,Elizabeth Kolbert,eng,4.09,21113
13325079,Billy Lynn's Long Halftime Walk,Ben Fountain,eng,3.81,20778
99315,A Whole New Mind: Why Right-Brainers Will Rule the Future,Daniel H. Pink,eng,3.95,20852
77160,"Across the Nightingale Floor (Tales of the Otori, #1)",Lian Hearn,eng,4.06,23597
2094,A Briefer History of Time,"Stephen Hawking, Leonard Mlodinow",eng,4.19,19838
117047,The Blind Watchmaker: Why the Evidence of Evolution Reveals a Universe Without Design,Richard Dawkins,eng,4.08,21141
59822,"Face the Fire (Three Sisters Island, #3)",Nora Roberts,eng,4.15,27206
17834834,Once We Were Brothers,Ronald H. Balson,en-GB,4.28,13856
27401883,When I'm Gone,"Emily Bleeker, Dan John Miller",eng,3.94,33348
16435,Life Expectancy,Dean Koontz,eng,3.98,24584
2866413,"The Dragon Heir (The Heir Chronicles, #3)",Cinda Williams Chima,eng,4.14,28845
7171876,"Fallout (Crank, #3)",Ellen Hopkins,eng,4.29,25592
123598,"Black Notice (Kay Scarpetta, #10)",Patricia Cornwell,en-US,3.85,27472
28449257,The Wonder,Emma Donoghue,eng,3.65,26981
111218,Innocent Traitor,Alison Weir,eng,3.94,24976
4656,The Fourth Hand,John Irving,eng,3.3,23277
425123,"Gone, Baby, Gone (Kenzie & Gennaro, #4)",Dennis Lehane,eng,4.14,23899
8957,"Tunnels of Blood (Cirque Du Freak, #3)",Darren Shan,,4.14,26287
217436,On Mystic Lake,Kristin Hannah,eng,3.95,23050
78131,"The Killing Game (Eve Duncan, #2)",Iris Johansen,eng,4.18,24790
15768409,"The Retribution of Mara Dyer (Mara Dyer, #3)",Michelle Hodkin,eng,4.14,35910
3882,Rachael Ray 365: No Repeats: A Year of Deliciously Different Dinners,Rachael Ray,,3.68,21573
2145681,A Wolf at the Table,Augusten Burroughs,eng,3.7,22175
40290,"Seventh Son (Tales of Alvin Maker, #1)",Orson Scott Card,eng,3.86,26621
16697,The Mysteries of Pittsburgh,Michael Chabon,eng,3.63,19778
146274,Manhunt: The 12-Day Chase for Lincoln's Killer,James L. Swanson,en-US,4.12,21927
6631792,The Book of Tomorrow,Cecelia Ahern,eng,3.66,24885
10327303,"Uncommon Criminals (Heist Society, #2)",Ally Carter,,4.15,35104
18298225,On the Fence,Kasie West,eng,4.04,30934
25153134,Follow You Home,Mark  Edwards,en-CA,3.86,15871
846984,"Love, Stargirl (Stargirl, #2)",Jerry Spinelli,,3.8,30515
481446,Nefertiti,Michelle Moran,en-US,4.07,24959
11709037,"You Are Not So Smart: Why You Have Too Many Friends on Facebook, Why Your Memory Is Mostly Fiction, and 46 Other Ways You're Deluding Yourself",David McRaney,en-US,3.85,20583
72854,"Into the Wilderness (Wilderness, #1)",Sara Donati,eng,4.1,25293
1519,"The Oresteia  (Ορέστεια, #1-3)","Aeschylus, Robert Fagles, William Bedell Stanford",eng,3.99,24588
17167084,"How the Light Gets In (Chief Inspector Armand Gamache, #9)",Louise Penny,eng,4.41,24325
347656,Don't Waste Your Life,John Piper,,4.11,20095
54984,La catedral del mar,Ildefonso Falcones,spa,4.05,18906
111222,The Life of Elizabeth I,Alison Weir,en-US,4.05,23628
747061,"Book of Mormon, Doctrine and Covenants, Pearl of Great Price",The Church of Jesus Christ of Latter-day Saints,,4.36,21692
8163722,Earth (The Book): A Visitor's Guide to the Human Race,"Jon Stewart, Rory Albanese, Kevin Bleyer, Rich Bloomquist, Steve Bodow, Tim Carvell, Wyatt Cenac, Hallie Haglund, J.R. Havlan, David Javerbaum, Elliott Kalan, Josh Lieb, Sam Means, Jo Miller, John Oliver, Daniel Radosh, Jason Ross",eng,3.91,23240
6315602,"My Soul to Take (Soul Screamers, #1)",Rachel Vincent,eng,3.88,35680
15019,"Conversations With God: An Uncommon Dialogue, Book 2",Neale Donald Walsch,eng,4.1,19444
9413044,"Everneath (Everneath, #1)",Brodi Ashton,en-US,3.76,36153
3400816,"Plum Spooky (Stephanie Plum, #14.5)",Janet Evanovich,eng,3.77,32890
1426,Warrior of the Light,Paulo Coelho,en-US,3.69,19063
2548866,"James Potter and the Hall of Elders' Crossing (James Potter, #1)",G. Norman Lippert,eng,3.78,21310
2936415,Where Men Win Glory: The Odyssey of Pat Tillman,Jon Krakauer,en-US,4.03,21302
824062,God's Smuggler,"Brother Andrew, Elizabeth Sherrill, John Sherrill",eng,4.32,22970
9923372,Maine,J. Courtney Sullivan,,3.34,23979
18660447,The Fill-In Boyfriend,Kasie West,eng,3.92,31656
161426,How I Live Now,Meg Rosoff,eng,3.58,28896
47613,"Mister Monday (The Keys to the Kingdom, #1)",Garth Nix,eng,3.77,28430
9166559,These Things Hidden,Heather Gudenkauf,,3.85,27030
852460,Fix-It and Forget-It Cookbook: Feasting with Your Slow Cooker,"Dawn J. Ranck, Phyllis Pellman Good",,3.85,22697
6006518,"Strange Angels (Strange Angels, #1)","Lili St. Crow, Lilith Saintcrow",eng,3.78,35169
103342,Stolen Lives: Twenty Years in a Desert Jail,"Malika Oufkir, Michèle Fitoussi",eng,4.08,16134
6013511,Black Hills,Nora Roberts,en-US,4.08,26676
91714,Civil War: A Marvel Comics Event,"Mark Millar, Steve McNiven, Dexter Vines, Morry Hollowell",eng,4.05,23851
609870,The Vow: The Kim & Krickitt Carpenter Story,"Kim Carpenter, John R. Perry, Krickitt Carpenter",eng,3.77,16705
7171856,The Puppet Masters,Robert A. Heinlein,eng,3.86,24641
23212667,All the Missing Girls,Megan Miranda,eng,3.79,36522
921651,Just Go to Bed,Mercer Mayer,en-US,4.22,24452
28449270,Today Will Be Different,Maria Semple,,3.19,26774
228063,"xxxHolic, Vol. 1 (xxxHOLiC, #1)","CLAMP, William Flanagan",en-US,4.17,23323
279692,"Miss Nelson Is Back (Miss Nelson, #2)","Harry Allard, James  Marshall",en-US,4.33,26289
77505,"Green Mars (Mars Trilogy, #2)",Kim Stanley Robinson,en-GB,3.91,24627
28691,"To Green Angel Tower (Memory, Sorrow, and Thorn, #3)",Tad Williams,eng,4.16,25997
45685,The Canterville Ghost,"Oscar Wilde, Inga Moore",eng,3.89,22152
18630542,Seconds,"Bryan Lee O'Malley, Nathan Fairbairn",eng,4.07,20595
16134551,"Fallen Crest High (Fallen Crest High, #1)",Tijan,en-GB,4.13,37150
327246,Anatomy for the Artist,Jenő Barcsay,,3.97,21640
6572,Suffer the Children,John Saul,en-US,3.9,24533
24137,"Catherine, Called Birdy",Karen Cushman,eng,3.7,31185
613283,Princess: A True Story of Life Behind the Veil in Saudi Arabia,Jean Sasson,en-US,4.0,20019
15547,"Magic Kingdom For Sale/Sold (Magic Kingdom of Landover, #1)",Terry Brooks,eng,3.86,26995
68984,The Power of Your Subconscious Mind,"Joseph Murphy, Ian McMahan",en-US,4.12,16951
31341,"Blood And Gold (The Vampire Chronicles, #8)",Anne Rice,en-US,3.88,25780
10816908,"The Crown of Embers (Fire and Thorns, #2)",Rae Carson,eng,4.2,32885
153785,"Page (Protector of the Small, #2)",Tamora Pierce,eng,4.22,33405
18170039,"The Guard (The Selection, #2.5)",Kiera Cass,eng,3.75,32401
816870,Johnny Tremain,"Esther Forbes, Lynd Ward",en-US,3.62,30157
172732,The Motorcycle Diaries: Notes on a Latin American Journey,"Ernesto Che Guevara, Aleida Guevara March",eng,3.79,18964
16090636,"Fight with Me (With Me in Seattle, #2)",Kristen Proby,eng,4.25,39673
125956,"Black: The Birth of Evil (The Circle, #1)",Ted Dekker,eng,4.21,23496
6437061,"The Hundred Thousand Kingdoms (Inheritance Trilogy, #1)",N.K. Jemisin,eng,3.8,28989
857445,Officer Buckle & Gloria,Peggy Rathmann,eng,4.16,24578
63033,The Savage Detectives,"Roberto Bolaño, Natasha Wimmer",en-US,4.09,17946
11300302,"Alice in Zombieland (White Rabbit Chronicles, #1)",Gena Showalter,eng,4.05,30537
6801582,"Spells (Wings, #2)",Aprilynne Pike,en-US,3.99,34331
59151,Chess Story,"Stefan Zweig, Joel Rotenberg, Hans Hausmann, Dirk Muller, Peter Gay, Willy Trenk-Trebitsch, Mario Adorf, Gert Westphal",eng,4.28,16716
594361,The Lion King: A little Golden Book,"Justine Korman Fontes, Don Williams, Walt Disney Company",,4.46,23098
11198312,"The Medusa Plot (39 Clues: Cahills vs. Vespers, #1)",Gordon Korman,eng,4.07,24489
266904,"The Penderwicks: A Summer Tale of Four Sisters, Two Rabbits, and a Very Interesting Boy (The Penderwicks #1)",Jeanne Birdsall,eng,4.12,32251
7164343,"The Lion (John Corey, #5)",Nelson DeMille,en-US,4.22,21564
112754,"Kiss of the Highlander (Highlander, #4)",Karen Marie Moning,eng,4.31,32793
12722468,Elizabeth the Queen: The Life of a Modern Monarch,Sally Bedell Smith,eng,3.85,20063
19101283,The Son,"Jo Nesbø, Charlotte Barslund",eng,4.07,19393
6839093,"Chew, Vol. 1: Taster's Choice","John Layman, Rob Guillory",eng,4.0,27570
785453,A Single Shard,Linda Sue Park,eng,3.87,27345
29187,"Time of the Twins (Dragonlance: Legends, #1)","Margaret Weis, Tracy Hickman",eng,4.13,24671
7743117,Sacré Bleu: A Comedy d'Art,Christopher Moore,en-CA,3.77,22559
331256,Roadside Picnic,"Arkady Strugatsky, Boris Strugatsky, Antonina W. Bouis, Antonina W. Bouis, Theodore Sturgeon",eng,4.21,17689
2068676,"Queen of Babble Gets Hitched (Queen of Babble, #3)",Meg Cabot,en-US,3.82,28734
182381,Cranford,Elizabeth Gaskell,eng,3.85,25805
11761,Underworld,Don DeLillo,eng,3.92,19152
50140,Big Sur,"Jack Kerouac, Aram Saroyan",eng,3.86,21875
200572,"My Man Jeeves (Jeeves, #1)",P.G. Wodehouse,eng,4.13,23020
6368610,"Radiant Shadows (Wicked Lovely, #4)",Melissa Marr,en-US,3.97,33385
13448656,"Motorcycle Man (Dream Man, #4)",Kristen Ashley,eng,4.43,41818
20980987,"The Art of Asking; or, How I Learned to Stop Worrying and Let People Help",Amanda Palmer,eng,3.97,20075
14288998,"Into the Still Blue (Under the Never Sky, #3)",Veronica Rossi,eng,4.17,33983
296302,The Last Summer (of You and Me),Ann Brashares,en-US,3.58,26094
95406,"Preacher, Volume 2: Until the End of the World","Garth Ennis, Steve Dillon",eng,4.28,24086
36,The Lord of the Rings: Weapons and Warfare,"Chris   Smith, Christopher Lee, Richard Taylor",eng,4.53,18788
215543,"The Lost City of Faar (Pendragon, #2)",D.J. MacHale,eng,4.16,25401
31374,"A Great Deliverance (Inspector Lynley, #1)",Elizabeth  George,en-US,4.06,28027
7194,The Club Dumas,"Arturo Pérez-Reverte, Sonia Soto",eng,3.82,24090
248482,"Enna Burning (The Books of Bayern, #2)",Shannon Hale,eng,3.97,31710
93724,"Twilight (The Mediator, #6)",Meg Cabot,eng,4.26,32489
21456940,1919,أحمد مراد,ara,3.65,17330
105999,"Dear Mr. Henshaw (Leigh Botts, #1)","Beverly Cleary, Paul O. Zelinsky",eng,3.7,28979
16055,The Magician's Assistant,Ann Patchett,eng,3.64,21507
3378,Generation X: Tales for an Accelerated Culture,Douglas Coupland,eng,3.73,20030
23168277,The Sympathizer,Viet Thanh Nguyen,eng,4.0,20972
16305,"Evil Under the Sun (Hercule Poirot, #23)",Agatha Christie,eng,3.94,28776
17375956,"Reaper's Property (Reapers MC, #1)",Joanna Wylde,eng,4.13,38499
164542,"My Friend Flicka (Flicka, #1)","Mary O'Hara, Dave Blossom",en-US,4.15,25180
12326644,"The Kingmaker's Daughter (The Plantagenet and Tudor Novels, #4)","Philippa Gregory, Mirjana Valent",eng,3.95,24258
292275,Hedda Gabler,"Henrik Ibsen, William Archer",eng,3.79,24567
1298205,Dumbo: A Little Golden Book,Walt Disney Company,,4.29,23338
22698568,"The Invasion of the Tearling (The Queen of the Tearling, #2)",Erika Johansen,eng,4.15,24341
13256064,"Phantom (Harry Hole, #9)","Jo Nesbø, Don Bartlett",,4.11,19526
8724779,Marked / Betrayed / Chosen / Untamed / Hunted (House of Night #1-5),"P.C. Cast, Kristin Cast",eng,4.43,20578
588369,A Place Called Here,Cecelia Ahern,eng,3.66,22074
99664,The Painted Veil,W. Somerset Maugham,eng,3.9,24113
31337,"Blackwood Farm (The Vampire Chronicles, #9)",Anne Rice,eng,3.85,24567
832543,Anatomy of the Spirit: The Seven Stages of Power and Healing,Caroline Myss,en-US,4.12,20720
7036,"The Kalahari Typing School for Men (No. 1 Ladies' Detective Agency, #4)",Alexander McCall Smith,eng,3.99,26837
16158535,A Hundred Summers,Beatriz Williams,eng,3.9,22006
25558608,"A Torch Against the Night (An Ember in the Ashes, #2)",Sabaa Tahir,eng,4.34,30535
556136,The Wednesday Wars,Gary D. Schmidt,eng,4.06,26847
227454,"The Legacy (Forgotten Realms: Legacy of the Drow, #1; Legend of Drizzt, #7)",R.A. Salvatore,eng,4.18,20882
803171,Skippyjon Jones,Judy Schachner,eng,4.25,26421
9410421,Chasing Fire,Nora Roberts,eng,4.09,26687
95887,Eat That Frog!: 21 Great Ways to Stop Procrastinating and Get More Done in Less Time,Brian Tracy,en-US,3.84,18288
4600,"Moo, Baa, La La La!",Sandra Boynton,eng,4.19,26065
342504,The Science of Getting Rich,Wallace D. Wattles,eng,4.18,19433
2277444,"The Last Oracle (Sigma Force, #5)",James Rollins,eng,4.15,23103
2501458,ذاكرة الجسد,"أحلام مستغانمي, Ahlam Mosteghanemi",ara,3.87,17717
101911,Vinegar Hill,A. Manette Ansay,en-US,3.36,23966
234501,"Startide Rising (The Uplift Saga, #2)",David Brin,en-US,4.04,24179
16282066,"Significance (Significance, #1)",Shelly Crane,eng,4.13,18579
880,Pompeii,Robert   Harris,eng,3.79,22734
25066991,"The Guilty (Will Robie, #4)",David Baldacci,eng,4.12,12597
243685,A History of Western Philosophy,Bertrand Russell,en-US,4.05,20895
13235,The Complete Stories and Poems,Lewis Carroll,,4.34,23390
39542,How to Be a Domestic Goddess: Baking and the Art of Comfort Cooking,Nigella Lawson,,4.0,22647
672875,Le Morte d'Arthur: King Arthur and the Legends of the Round Table,"Thomas Malory, Keith Baines, Robert Graves",eng,3.92,25879
196764,A Piece of Cake,Cupcake Brown,eng,4.15,20083
24782,Taran Wanderer (The Chronicles of Prydain #4),Lloyd Alexander,eng,4.14,29544
136637,"Brimstone (Pendergast, #5; Diogenes, #1)","Douglas Preston, Lincoln Child",en-GB,4.12,24949
17529,Rebecca of Sunnybrook Farm,Kate Douglas Wiggin,,3.85,27831
114166,"Devil in Winter (Wallflowers, #3)",Lisa Kleypas,en-US,4.26,38100
2169506,"The Dead and the Gone (Last Survivors, #2)",Susan Beth Pfeffer,en-US,3.84,28910
125955,"White: The Great Pursuit (The Circle, #3)",Ted Dekker,,4.3,23201
6758331,The Darkest Passion (Lords of the Underworld #5),Gena Showalter,eng,4.37,32610
4601396,Pygmy,Chuck Palahniuk,eng,2.96,21242
16130307,"Revenge Wears Prada: The Devil Returns (The Devil Wears Prada, #2)",Lauren Weisberger,en-US,2.84,19210
5693,Selected Stories,"Anton Chekhov, Richard Pevear, Larissa Volokhonsky",eng,4.36,23027
7648269,"Empire of the Summer Moon: Quanah Parker and the Rise and Fall of the Comanches, the Most Powerful Indian Tribe in American History",S.C. Gwynne,,4.13,19423
18999,Smiley's People,John le Carré,,4.24,22691
11433,"Redemption (Redemption, #1)","Karen Kingsbury, Gary Smalley",eng,4.36,22101
64481,A Northern Light,Jennifer Donnelly,en-US,3.83,29018
79705,"Apollyon (Left Behind, #5)","Tim LaHaye, Jerry B. Jenkins",en-US,3.97,23202
192893,"Whose Body?  (Lord Peter Wimsey, #1)",Dorothy L. Sayers,eng,3.91,28214
24215,Alice's Adventures in Wonderland: A Pop-Up Adaptation,"Robert Sabuda, Lewis Carroll",en-US,4.33,21160
737957,Michelangelo and the Pope's Ceiling,Ross King,eng,3.82,20718
11922,"Stolen (Women of the Otherworld, #2)",Kelley Armstrong,eng,4.16,34373
85306,"Hour Game (Sean King & Michelle Maxwell, #2)",David Baldacci,en-US,3.94,23124
2277378,"The Cruelest Month (Chief Inspector Armand Gamache, #3)",Louise Penny,en-GB,4.15,23121
10444,"Ballet Shoes (Shoes, #1)","Noel Streatfeild, Diane Goode",en-US,4.06,26211
93000,"Piano/Vocal/Guitar Sheet Music: The Chronicles of Narnia: The Lion, the Witch and The Wardrobe",Harry Gregson-Williams,,4.32,17866
668,We the Living,"Ayn Rand, Leonard Peikoff",eng,3.89,20994
20443207,"The Winner's Crime (The Winner's Trilogy, #2)",Marie Rutkoski,eng,4.17,31721
18282800,The Ladies' Room,Carolyn Brown,eng,3.9,25204
76889,100 Selected Poems,E.E. Cummings,en-US,4.32,22346
2202049,"Such a Pretty Fat: One Narcissist's Quest to Discover If Her Life Makes Her Ass Look Big, or Why Pie Is Not the Answer",Jen Lancaster,eng,4.06,24631
831194,"Forest of Secrets (Warriors, #3)",Erin Hunter,eng,4.4,28913
6065182,The Little Stranger,Sarah Waters,en-US,3.51,21077
17562900,"Night Broken (Mercy Thompson, #8)",Patricia Briggs,eng,4.42,31278
17399160,"Snow Like Ashes (Snow Like Ashes, #1)",Sara Raasch,eng,3.98,34993
17830123,We Are Not Ourselves,Matthew  Thomas,eng,3.7,18488
59821,"Red Lily (In the Garden, #3)",Nora Roberts,en-US,4.07,29200
159760,Reviving Ophelia: Saving the Selves of Adolescent Girls,Mary Pipher,,3.86,22687
68526,"Lords of the North (The Saxon Stories, #3)",Bernard Cornwell,en-US,4.32,20296
162719,"Just Ella (The Palace Chronicles, #1)",Margaret Peterson Haddix,eng,3.75,27884
16122643,"Eyes Wide Open (The Blackstone Affair, #3)",Raine Miller,eng,4.14,36054
18404427,China Dolls,Lisa See,eng,3.58,20563
238360,Megan Meade's Guide to the McGowan Boys,Kate Brian,en-US,3.93,29726
911579,Bread and Jam for Frances,"Russell Hoban, Lillian Hoban",eng,4.2,27933
9567,Half Asleep in Frog Pajamas,Tom Robbins,,3.73,17053
15858,Mirror Mirror,Gregory Maguire,eng,3.27,26307
21969786,More Than This,Patrick Ness,eng,4.03,21512
293625,Child of God,Cormac McCarthy,,3.86,20313
95621,"As Sure as the Dawn (Mark of the Lion, #3)",Francine Rivers,eng,4.39,23509
16158596,Lexicon,Max Barry,eng,3.9,20524
2804776,One Fifth Avenue,"Candace Bushnell, Donna Murphy",,3.33,20962
20701984,El Deafo,"Cece Bell, David Lasky",eng,4.13,27630
16140408,"Down London Road (On Dublin Street, #2)",Samantha Young,eng,4.24,38186
30069,"The Walking Dead, Vol. 03: Safety Behind Bars","Robert Kirkman, Charlie Adlard",eng,4.31,23167
22584,"Flow My Tears, the Policeman Said",Philip K. Dick,eng,3.93,22063
95622,The Last Sin Eater,Francine Rivers,,4.06,20985
73385,A Knight in Shining Armor,Jude Deveraux,eng,4.23,26636
7157310,"Rot & Ruin (Rot & Ruin, #1)",Jonathan Maberry,eng,4.1,25526
22632,The Trial and Death of Socrates,"Plato, G.M.A. Grube, John M. Cooper",en-US,4.06,21829
1149440,Heavier Than Heaven: A Biography of Kurt Cobain,Charles R. Cross,,4.09,18496
261243,History of the Peloponnesian War,"Thucydides, Rex Warner, Moses I. Finley",en-US,3.87,21500
2918374,The Red Badge of Courage and Selected Short Fiction  ,"Stephen Crane, George Stade, Richard Fusco",en-US,3.64,25090
5776788,"Sandman Slim (Sandman Slim, #1)",Richard Kadrey,en-US,3.93,22779
5556466,The Last Child,John Hart,en-US,4.09,22293
17717,Labyrinths:  Selected Stories and Other Writings,"Jorge Luis Borges, Donald A. Yates, James E. Irby, André Maurois",eng,4.46,20237
89399,Fortune's Rocks,Anita Shreve,,3.86,22908
52258,The Price of Salt,Patricia Highsmith,eng,3.93,16348
9662386,"Tiger's Quest (The Tiger Saga, #2)",Colleen Houck,en-US,4.34,28303
6319978,"Friday Night Bites (Chicagoland Vampires, #2)",Chloe Neill,en-US,4.15,36503
70420,The Undercover Economist,Tim Harford,,3.79,17310
365006,The Oath,Frank E. Peretti,eng,4.06,21092
2218252,"Rumors (Luxe, #2)",Anna Godbersen,en-US,3.85,31018
16101018,The Day the Crayons Quit,"Drew Daywalt, Oliver Jeffers",eng,4.41,29759
93729,"Princess in Waiting (The Princess Diaries, #4)",Meg Cabot,eng,3.66,33327
11281852,Kisses from Katie: A Story of Relentless Love and Redemption,"Katie J. Davis, Beth Clark",en-US,4.4,20500
3181953,The Heretic's Daughter,Kathleen Kent,,3.77,23815
88077,The Magic Mountain,"Thomas Mann, John E. Woods",eng,4.14,21078
32507,Chasing the Dime,Michael Connelly,eng,3.96,23771
17234658,"A Thousand Pieces of You (Firebird, #1)",Claudia Gray,eng,3.94,28422
828084,Pictures of Hollis Woods,Patricia Reilly Giff,eng,4.0,23708
45245,"The Reality Dysfunction (Night's Dawn, #1)",Peter F. Hamilton,eng,4.14,22492
119382,The Sands of Time,Sidney Sheldon,eng,3.73,18499
13537891,NW,Zadie Smith,eng,3.41,20062
530848,"Eighth Grade Bites (The Chronicles of Vladimir Tod, #1)",Heather Brewer,en-US,3.92,28119
10639,The Paradox of Choice: Why More Is Less,Barry Schwartz,eng,3.84,20990
30324,Blood and Chocolate,Annette Curtis Klause,en-US,3.77,33500
6413193,"Nine Dragons (Harry Bosch, #15; Mickey Haller, #3; Harry Bosch Universe, #18)",Michael Connelly,eng,3.97,22102
9784,"Women in Love (Brangwen Family, #2)",D.H. Lawrence,eng,3.66,22372
31106,Second Chance,Jane Green,en-US,3.53,22795
889284,The Postman,David Brin,en-US,3.87,24778
12799058,Summerland,Elin Hilderbrand,eng,3.85,22497
15957,The Patron Saint of Liars,Ann Patchett,eng,3.76,20722
96593,The Success Principles: How to Get from Where You Are to Where You Want to Be,"Jack Canfield, Janet Switzer",en-US,4.26,19634
13565914,"Knight (Unfinished Hero, #1)",Kristen Ashley,en-GB,3.94,44570
7723797,Business Model Generation,"Alexander Osterwalder, Yves Pigneur",eng,4.16,20389
10954979,The Swerve: How the World Became Modern,Stephen Greenblatt,eng,3.83,13405
10108,"The Autobiography of Henry VIII: With Notes by His Fool, Will Somers",Margaret George,en-US,4.25,22571
3717,Stranger than Fiction,Chuck Palahniuk,eng,3.56,18091
570172,The Brain That Changes Itself: Stories of Personal Triumph from the Frontiers of Brain Science,Norman Doidge,en-US,4.2,19319
61181,The Ringworld Engineers (Ringworld #2),Larry Niven,eng,3.86,22047
7766027,"I Hunt Killers (Jasper Dent, #1)",Barry Lyga,en-CA,4.02,25487
17880714,"Crashed (Driven, #3)",K. Bromberg,eng,4.56,32520
23398625,Kitchens of the Great Midwest,J. Ryan Stradal,eng,3.77,21071
1031461,Stone Soup,"Ann McGovern, Winslow Pinney Pels, Winslow Pinn, Ey Pels",en-US,4.28,25518
1220507,شيكاجو,"Alaa Al Aswany, علاء الأسواني",ara,3.41,17325
15734464,"12th of Never (Women's Murder Club, #12)","James Patterson, Maxine Paetro",en-US,3.99,19998
15790883,"Promise of Blood (Powder Mage, #1)",Brian  McClellan,eng,4.16,21192
294042,"Black Order (Sigma Force, #3)",James Rollins,eng,4.14,22321
2199587,"Fractured (Will Trent, #2)",Karin Slaughter,en-US,4.18,23256
28763485,The Sun Is Also a Star,Nicola Yoon,eng,4.14,42363
23717678,The Murder House,"James Patterson, David Ellis",eng,4.05,13837
38180,On the Beach,Nevil Shute,eng,3.92,24401
22749994,Funny Girl,Nick Hornby,eng,3.37,17151
6257535,New York,Edward Rutherfurd,eng,4.1,16106
20764879,"A Gathering of Shadows (Shades of Magic, #2)","V.E. Schwab, Victoria Schwab",eng,4.33,29389
65948,From the Corner of His Eye,Dean Koontz,en-US,4.0,23641
9833,"Blind Willow, Sleeping Woman","Haruki Murakami, Philip Gabriel, Jay Rubin",eng,3.83,19216
2815949,Barefoot Contessa Back to Basics,"Ina Garten, Quentin Bacon",eng,4.23,22228
31100,To Have and to Hold,Jane Green,eng,3.61,21001
80570,Smashed: Story of a Drunken Girlhood,Koren Zailckas,en-US,3.5,20658
9355,Until I Find You,John Irving,eng,3.61,20784
6380822,"The Dark Divine (The Dark Divine, #1)",Bree Despain,eng,3.81,33209
139220,"Heat: An Amateur's Adventures as Kitchen Slave, Line Cook, Pasta-Maker, and Apprentice to a Dante-Quoting Butcher in Tuscany",Bill Buford,,3.89,18583
241823,Women Who Run With the Wolves: Myths and Stories of the Wild Woman Archetype,Clarissa Pinkola Estés,eng,4.15,21127
169879,"Calling on Dragons (Enchanted Forest Chronicles, #3)","Patricia C. Wrede, Peter de Sève",en-US,4.2,33925
56452,"Now, Discover Your Strengths","Marcus Buckingham, Donald O. Clifton",,3.95,19767
2467566,The Long Tail: Why the Future of Business is Selling Less of More,Chris Anderson,en-US,3.83,14932
54270,Mein Kampf,Adolf Hitler,en-US,3.13,16285
31098,Swapping Lives,Jane Green,eng,3.56,22521
4201106,"A Rule Against Murder (Chief Inspector Armand Gamache, #4)",Louise Penny,en-US,4.21,22817
12951824,"The Perfect Hope (Inn Boonsboro, #3)",Nora Roberts,eng,4.14,23185
12368985,"Consequences (Consequences, #1)",Aleatha Romig,eng,3.97,29809
783127,The 7 Habits of Highly Effective Teens: The Ultimate Teenage Success Guide,Sean Covey,eng,4.01,19240
7150174,"The Strange Case of Origami Yoda (Origami Yoda, #1)",Tom Angleberger,eng,3.9,23322
33727,"Welcome to Temptation (Dempseys, #1)",Jennifer Crusie,eng,3.94,27123
8537327,Inside Out & Back Again,Thanhha Lai,eng,4.09,22972
12995284,"Dreamless (Starcrossed, #2)",Josephine Angelini,eng,4.2,30424
13323842,"Predestined (Existence Trilogy, #2)",Abbi Glines,en-GB,4.09,33711
349254,The Lord of the Rings: The Return of the King: Visual Companion,Jude Fisher,eng,4.59,17526
37875,"The Art of the Start: The Time-Tested, Battle-Hardened Guide for Anyone Starting Anything",Guy Kawasaki,en-US,3.82,18466
7099273,"The Other Wes Moore: One Name, Two Fates","Wes  Moore, Tavis Smiley",en-GB,3.77,19964
86643,"Mistress of the Art of Death (Mistress of the Art of Death, #1)",Ariana Franklin,en-US,3.95,27332
89284,"Assholes Finish First (Tucker Max, #2)",Tucker Max,en-US,3.64,19838
1429082,美少女戦士セーラームーン新装版 1 [Bishōjo Senshi Sailor Moon Shinsōban 1],"Naoko Takeuchi, 武内 直子",jpn,4.28,18035
73086,Kiss an Angel,Susan Elizabeth Phillips,eng,4.21,32191
7815744,The Upside of Irrationality: The Unexpected Benefits of Defying Logic at Work and at Home,Dan Ariely,en-US,4.0,22422
12358,The Partly Cloudy Patriot,"Sarah Vowell, Katherine Streeter",eng,3.9,22819
34898,"My Father's Dragon (My Father's Dragon, #1)",Ruth Stiles Gannett,eng,4.09,25905
18505832,Natchez Burning,Greg Iles,eng,4.12,18722
141526,Pulp,Charles Bukowski,,3.68,18216
32416,"Hannibal Rising (Hannibal Lecter, #4)",Thomas Harris,en-US,3.44,22767
238126,"Immortal in Death (In Death, #3)",J.D. Robb,eng,4.26,29315
6696602,"Infinity (Chronicles of Nick, #1)",Sherrilyn Kenyon,en-US,4.04,31598
2149535,"Blood Noir (Anita Blake, Vampire Hunter #16)",Laurell K. Hamilton,en-US,3.85,32159
5933841,Inherent Vice,Thomas Pynchon,eng,3.71,18109
10914,Songs of the Humpback Whale,Jodi Picoult,en-US,3.19,24756
6945530,"The Night Eternal (The Strain Trilogy, #3)","Guillermo del Toro, Chuck Hogan",en-US,3.67,18773
86147,"Bright Lights, Big City",Jay McInerney,eng,3.74,21227
16158519,Whiskey Beach,Nora Roberts,eng,3.96,19769
14755,The Guy Not Taken: Stories,Jennifer Weiner,en-US,3.46,20420
1894269,"The Walking Dead, Vol. 08: Made to Suffer",Robert Kirkman,eng,4.47,22017
6337006,Pleasure of a Dark Prince (Immortals After Dark #9),Kresley Cole,eng,4.41,32358
858037,Danny and the Dinosaur (An I Can Read Book),Syd Hoff,en-US,4.0,24985
51799,The Decameron,"Giovanni Boccaccio, G.H. McWilliam",eng,3.86,22800
9893331,"Twisted (Pretty Little Liars, #9)",Sara Shepard,en-US,4.05,24251
25010281,"The Crossing (Harry Bosch, #20; Mickey Haller, #7; Harry Bosch Universe, #25)",Michael Connelly,eng,4.21,17428
13530981,Dear Life: Stories,Alice Munro,,3.75,19278
1767779,Five Little Monkeys Jumping on the Bed,Eileen Christelow,,4.09,24781
40223,"Kushiel's Avatar (Phèdre's Trilogy, #3)",Jacqueline Carey,eng,4.37,25782
5787,The Aleph and Other Stories ,"Jorge Luis Borges, Andrew Hurley",eng,4.39,16590
18134249,"Ruin (Ruin, #1)",Rachel Van Dyken,eng,4.19,35844
2054,"The Long Goodbye (Philip Marlowe, #6)",Raymond Chandler,eng,4.23,22503
2050,"Farewell, My Lovely (Philip Marlowe, #2)",Raymond Chandler,eng,4.17,21864
24779,The Castle of Llyr (The Chronicles of Prydain #3),Lloyd Alexander,eng,4.07,27425
6289938,"Fade Out (The Morganville Vampires, #7)",Rachel Caine,en-US,4.2,32918
508903,"The Cat Who Could Read Backwards (Cat Who..., #1)",Lilian Jackson Braun,eng,3.84,23114
15993374,"Charade (Games, #1)",Nyrae Dawn,eng,3.98,35216
12959086,The Demigod Diaries,"Rick Riordan, Haley Riordan",eng,4.19,28461
17032328,"If You Stay (Beautifully Broken, #1)",Courtney Cole,eng,3.94,31388
20170296,Neil Patrick Harris: Choose Your Own Autobiography,"Neil Patrick Harris, David Javerbaum, Antony Hare",eng,3.86,21596
128756,"Death du Jour (Temperance Brennan, #2)",Kathy Reichs,en-US,3.96,27715
313631,More Than a Carpenter,Josh McDowell,eng,4.19,19269
1137215,"Boneshaker (The Clockwork Century, #1)",Cherie Priest,eng,3.5,26202
165395,Rubyfruit Jungle,Rita Mae Brown,eng,3.88,22583
12588363,"Fallen in Love (Fallen, #3.5)",Lauren Kate,eng,3.77,30759
18225810,Sisters,Raina Telgemeier,eng,4.29,23347
536982,"The Never War (Pendragon, #3)",D.J. MacHale,eng,4.12,24219
15566,"The Elf Queen of Shannara (Heritage of Shannara, #3)",Terry Brooks,eng,4.02,23895
201342,"Mattimeo (Redwall, #3)",Brian Jacques,eng,4.02,26345
22886612,"Nemesis Games (The Expanse, #5)",James S.A. Corey,eng,4.37,20681
845977,"A Return to Love: Reflections on the Principles of ""A Course in Miracles""",Marianne Williamson,,4.29,19144
5509321,"First Family (Sean King & Michelle Maxwell, #4)",David Baldacci,en-US,3.98,22203
257845,True Grit,Charles Portis,en-US,4.12,21199
653396,Feel the Fear and Do It Anyway,Susan  Jeffers,en-US,4.01,18278
17792606,"Mine (Real, #2)",Katy Evans,eng,4.29,39411
13538552,Memoirs of an Imaginary Friend,Matthew Dicks,eng,4.1,18344
4835,"Haroun and the Sea of Stories (Khalifa Brothers, #1)","Salman Rushdie, Paul Birkbeck",eng,4.01,19221
16058610,Whistling Past the Graveyard,Susan Crandall,eng,4.04,20168
13450339,"Poison Princess (The Arcana Chronicles, #1)",Kresley Cole,en-US,4.14,25679
83143,"Tatiana and Alexander (The Bronze Horseman, #2)",Paullina Simons,en-GB,4.3,20654
17910124,"The Emperor's Blades (Chronicle of the Unhewn Throne, #1)",Brian Staveley,eng,4.15,19877
18723,Brick Lane,Monica Ali,eng,3.38,21002
18079804,"Half Bad (The Half Bad Trilogy, #1)",Sally Green,eng,3.8,26913
53639,Zorba the Greek,"Nikos Kazantzakis, Νίκος Καζαντζάκης",eng,4.1,15203
598117,Sounder,"William H. Armstrong, James Barkley",en-US,3.96,24061
11337189,A Universe from Nothing: Why There Is Something Rather Than Nothing,"Lawrence M. Krauss, Richard Dawkins",eng,3.92,17204
1970449,Slash,"Slash, Anthony Bozza",en-US,3.96,17989
6582637,"Archangel's Kiss (Guild Hunter, #2)",Nalini Singh,eng,4.24,35843
8475505,"Rebel Belle (Rebel Belle, #1)",Rachel Hawkins,eng,3.88,30506
32254,"The Mephisto Club (Rizzoli & Isles, #6)",Tess Gerritsen,eng,4.01,23378
73297,The Scarlet Thread ,Francine Rivers,eng,4.14,21233
24814,It's a Magical World: A Calvin and Hobbes Collection,Bill Watterson,eng,4.75,22351
12413836,"Avatar: The Last Airbender (The Promise, #1)","Gene Luen Yang, Bryan Konietzko, Michael Dante DiMartino, Gurihiru",,4.24,18771
10033,Being and Nothingness,"Jean-Paul Sartre, Hazel E. Barnes, Mary Warnock, Richard Eyre",en-GB,3.94,19897
1128437,"Miecz przeznaczenia (Saga o Wiedźminie, #2)",Andrzej Sapkowski,pol,4.4,12909
27333,Silent Spring,"Rachel Carson, Linda Lear, Edward O. Wilson",en-US,3.94,24027
13452375,"Legion (Legion, #1)",Brandon Sanderson,eng,4.13,20291
23215469,Down the Rabbit Hole: Curious Adventures and Cautionary Tales of a Former Playboy Bunny,Holly Madison,eng,3.4,13213
10343389,Kill Alex Cross (Alex Cross #18),James Patterson,eng,4.0,20206
18505784,The Pearl That Broke Its Shell,Nadia Hashimi,eng,4.12,19016
7826116,"Behemoth (Leviathan, #2)","Scott Westerfeld, Keith Thompson",en-US,4.18,30049
72536,The Sociopath Next Door,Martha Stout,eng,3.75,21550
79422,"Y: The Last Man, Vol. 8: Kimono Dragons (Y: The Last Man, #8)","Brian K. Vaughan, Pia Guerra, Goran Sudžuka, José Marzán Jr.",eng,4.22,23842
3157876,Do-It-Yourself Book (Diary of a Wimpy Kid),Jeff Kinney,eng,4.17,20534
643301,"Angels and Demons / The Da Vinci Code (Robert Langdon, #1-2)",Dan Brown,,4.19,18711
261331,"The Tea Rose (The Tea Rose, #1)",Jennifer Donnelly,eng,4.18,22448
8680418,"Moon Over Soho (Peter Grant, #2)",Ben Aaronovitch,eng,4.1,16566
17456328,The Paris Architect,Charles Belfoure,eng,3.98,18925
12954620,"Falling Kingdoms (Falling Kingdoms, #1)","Morgan Rhodes, Michelle Rowen",eng,3.83,32623
244383,Ask and It Is Given: Learning to Manifest Your Desires,"Esther Hicks, Jerry Hicks, Wayne W. Dyer",en-GB,4.18,17170
7005479,Island Beneath the Sea,"Isabel Allende, Margaret Sayers Peden",eng,4.01,18864
99329,"The History of Tom Jones, a Foundling","Henry Fielding, Thomas Keymer, Alice Wakely",eng,3.73,24718
80176,"Winesburg, Ohio",Sherwood Anderson,eng,3.84,20125
22717015,"Beautiful Redemption (The Maddox Brothers, #2)",Jamie McGuire,eng,4.15,28845
89656,"C is for Corpse  (Kinsey Millhone, #3)",Sue Grafton,en-US,3.87,29204
156533,"Y: The Last Man, Vol. 5: Ring of Truth (Y: The Last Man, #5)","Brian K. Vaughan, Pia Guerra, José Marzán Jr.",eng,4.27,24606
15096,Five Quarters of the Orange,Joanne Harris,eng,3.83,23332
63032,2666,Roberto Bolaño,spa,4.2,15000
2748,Microserfs,Douglas Coupland,en-US,3.88,19516
15799936,How to Tell If Your Cat Is Plotting to Kill You,"Matthew Inman, The Oatmeal",eng,3.95,22994
93947,"Simple Genius (Sean King & Michelle Maxwell, #3)",David Baldacci,eng,3.89,22171
14965,Light on Snow,Anita Shreve,,3.56,22845
8960,"Vampire Mountain (Cirque Du Freak, #4)",Darren Shan,eng,4.16,23847
14185,The Three Stigmata of Palmer Eldritch,Philip K. Dick,eng,4.01,20140
23128304,The Strange Library,"Haruki Murakami, Ted Goossen",en-GB,3.55,18806
9598,Deadeye Dick,Kurt Vonnegut Jr.,eng,3.8,19212
8579016,"The Power (The Secret, #2)",Rhonda Byrne,eng,4.09,16917
181886,"Ancestors of Avalon (Avalon, #5)","Diana L. Paxson, Marion Zimmer Bradley",eng,3.89,21408
398323,Out Stealing Horses,"Per Petterson, Anne Born",eng,3.79,19199
51078,"Batman: Knightfall, Vol. 1: Broken Bat","Doug Moench, Chuck Dixon, Jim Aparo, Norm Breyfogle, Graham Nolan, Jim Balent",eng,4.08,18298
25451555,"Saga, Vol. 5 (Saga, #5)","Brian K. Vaughan, Fiona Staples",eng,4.44,29429
206196,"The Lions of Lucerne (Scot Harvath, #1)",Brad Thor,eng,4.04,18770
102733,One Past Midnight: The Langoliers,"Stephen King, Willem Dafoe",eng,3.82,22326
207569,The Sign of the Beaver,Elizabeth George Speare,eng,3.77,20450
46227,"Ask the Dust (Arturo Bandini, #3)","John Fante, Charles Bukowski",eng,4.14,16226
470495,All Over But the Shoutin',Rick Bragg,eng,4.09,21072
32433,The Key to Midnight,"Leigh Nichols, Dean Koontz",en-US,3.93,22578
13554713,Fairy Tales from the Brothers Grimm: A New English Version,"Philip Pullman, Jacob Grimm, Wilhelm Grimm",eng,4.11,17219
43886,"Debt of Bones (Sword of Truth, #0.5)",Terry Goodkind,eng,3.85,23279
26114,The Joke,Milan Kundera,eng,3.99,16464
12326627,"The White Princess (The Plantagenet and Tudor Novels, #5)",Philippa Gregory,eng,3.85,22584
377425,Flight of the Intruder (Jake Grafton #1),Stephen Coonts,eng,4.04,21765
11313,"Silver on the Tree (The Dark is Rising, #5)",Susan Cooper,eng,4.16,25818
225774,National Velvet,Enid Bagnold,eng,4.09,22682
211099,"Losing My Virginity: How I've Survived, Had Fun, and Made a Fortune Doing Business My Way",Richard Branson,eng,3.97,26225
1591,Lysistrata,"Aristophanes, Sarah Ruden",eng,3.84,25758
5983057,The Swan Thieves,Elizabeth Kostova,eng,3.53,23399
12444166,"Iced (Fever, #6)",Karen Marie Moning,eng,4.13,28890
15062217,14,Peter Clines,eng,3.92,20011
9165406,Okay for Now,Gary D. Schmidt,en-US,4.19,24254
85957,"Assassins (Left Behind, #6)","Tim LaHaye, Jerry B. Jenkins",eng,3.98,24143
13521459,"Red Country (First Law World, #6)",Joe Abercrombie,eng,4.27,19926
85443,The Lords of Discipline,Pat Conroy,,4.28,19050
13202092,Eat and Run: My Unlikely Journey to Ultramarathon Greatness,"Scott Jurek, Steve Friedman",en-US,3.95,17376
7093222,"Broken (Will Trent, #4)",Karin Slaughter,eng,4.2,22244
18656006,The Matchmaker,Elin Hilderbrand,eng,3.82,19094
50930,"The Mark (Left Behind, #8)","Tim LaHaye, Jerry B. Jenkins",en-US,4.02,21668
2113410,Belong to Me,Marisa de los Santos,en-US,3.84,22521
49006,"The Darkest Hour (Warriors, #6)",Erin Hunter,eng,4.52,26949
57727,"L.A. Confidential (L.A. Quartet, #3)",James Ellroy,eng,4.2,21511
16045144,"The Beautiful Mystery (Chief Inspector Armand Gamache, #8)",Louise Penny,,4.18,16170
616678,"The Diamond Throne (The Elenium, #1)",David Eddings,,3.93,26150
133765,"Those Left Behind (Serenity, #1)","Joss Whedon, Brett Matthews, Will Conrad",eng,4.04,23220
63461,Terms of Endearment,Larry McMurtry,eng,4.15,21352
84142,"Kiss of the Night (Dark-Hunter, #4)",Sherrilyn Kenyon,eng,4.24,21022
474634,The Wedding Girl,Madeleine Wickham,eng,3.47,20501
281512,He Chose the Nails,Max Lucado,en-US,4.37,19028
8069535,"Entice (Need, #3)",Carrie Jones,en-GB,4.03,28584
3764,"From Russia With Love (James Bond, #5)",Ian Fleming,eng,3.88,19802
24731,The Tortilla Curtain,T.C. Boyle,eng,3.64,20921
6368611,"Darkest Mercy (Wicked Lovely, #5)",Melissa Marr,en-US,4.11,29069
27209486,Modern Lovers,Emma Straub,,3.45,20453
13624367,"Checkmate (Neighbor from Hell, #3)",R.L. Mathewson,eng,4.15,38343
34534,"The Amazing Maurice and His Educated Rodents (Discworld, #28)",Terry Pratchett,eng,4.04,24279
771332,With the Old Breed: At Peleliu and Okinawa,"Eugene B. Sledge, Paul Fussell",en-US,4.4,16952
42369,The Hundred Dresses,"Eleanor Estes, Louis Slobodkin",eng,4.07,26136
13481275,"Lost Lake (Lost Lake, #1)",Sarah Addison Allen,eng,3.85,24271
18244799,"Hardwired (Hacker, #1)",Meredith Wild,eng,4.07,9235
15705011,The Last Runaway,Tracy Chevalier,en-US,3.78,20997
345299,"Midnight Tides (The Malazan Book of the Fallen, #5)",Steven Erikson,eng,4.34,20725
17332969,"The 100 (The 100, #1)",Kass Morgan,eng,3.56,26762
9666812,"Hades (Halo, #2)",Alexandra Adornetto,eng,3.97,27679
156530,"Y: The Last Man, Vol. 3: One Small Step (Y: The Last Man, #3)","Brian K. Vaughan, Pia Guerra, José Marzán Jr., Paul Chadwick",eng,4.22,24954
867248,Bear Snores On,"Karma Wilson, Jane Chapman",en-US,4.25,24556
30253864,"Talking as Fast as I Can: From Gilmore Girls to Gilmore Girls, and Everything in Between",Lauren Graham,eng,4.04,30471
317282,Memoirs of a Teenage Amnesiac,Gabrielle Zevin,en-US,3.7,28373
7983,"Salamandastron (Redwall, #5)","Brian Jacques, Gary Chalk",en-US,4.05,23723
43805,Servant of the Bones,Anne Rice,,3.7,24324
283494,"Ironside (Modern Faerie Tales, #3)",Holly Black,,4.04,29416
4932435,"Finnikin of the Rock (Lumatere Chronicles, #1)",Melina Marchetta,eng,3.93,29401
32650,The Return of the Native  ,"Thomas Hardy, Alexander Theroux",eng,3.84,24957
11660590,Micro,"Michael Crichton, Richard   Preston",eng,3.38,19460
10037,No Exit and Three Other Plays,"Jean-Paul Sartre, Stuart Gilbert, Lionel Abel",eng,4.09,21841
46656,Foundation and Chaos (Second Foundation Trilogy #2),Greg Bear,eng,4.14,21137
3832,Cover Her Face (Adam Dalgliesh #1),P.D. James,eng,3.94,22941
8581936,"Supernaturally (Paranormalcy, #2)",Kiersten White,en-US,3.92,32807
92855,"First King of Shannara (The Original Shannara Trilogy, #0)",Terry Brooks,eng,3.94,22623
7945049,"Bury Your Dead (Chief Inspector Armand Gamache, #6)",Louise Penny,en-US,4.33,22391
84785,"The Overlook (Harry Bosch, #13; Harry Bosch Universe, #15)",Michael Connelly,eng,3.91,21154
6604887,أنت لي,منى المرشود,ara,4.03,15108
90192,The House of the Seven Gables,"Nathaniel Hawthorne, Robert S. Levine",eng,3.45,23797
295086,"Rising Storm (Warriors, #4)",Erin Hunter,eng,4.38,27260
31845516,Love Warrior,Glennon Doyle Melton,en-US,4.1,20094
6449551,"The Brutal Telling (Chief Inspector Armand Gamache, #5)",Louise Penny,en-US,4.23,21381
11337912,"The Prisoner of Cell 25 (Michael Vey, #1)",Richard Paul Evans,,4.19,24672
318742,The Souls of Black Folk,"W.E.B. Du Bois, Donald B. Gibson, Monica W. Elbert",,4.24,20355
45220,I Never Promised You a Rose Garden,"Hannah  Green, Joanne Greenberg",eng,3.85,22420
8069828,"The Crimson Crown (Seven Realms, #4)",Cinda Williams Chima,eng,4.48,27279
6080822,The Castaways,Elin Hilderbrand,,3.69,21491
25690958,"Year of Yes: How to Dance It Out, Stand In the Sun and Be Your Own Person",Shonda Rhimes,eng,4.05,25816
275,The Lover,"Marguerite Duras, Barbara Bray, Maxine Hong Kingston",eng,3.76,18947
13350,"Eragon & Eldest (Inheritance, #1-2)",Christopher Paolini,,4.27,21181
16033909,"Burn (Breathless, #3)",Maya Banks,eng,4.01,30693
3690,The Power and the Glory,"Graham Greene, John Updike",eng,3.99,21315
24790,Paula,Isabel Allende,spa,4.07,19852
20575411,"Lila (Gilead, #3)",Marilynne Robinson,eng,3.9,14894
34988,"The Scions of Shannara (Heritage of Shannara, #1)",Terry Brooks,en-GB,3.97,23501
28940,Behind the Scenes at the Museum,Kate Atkinson,,3.94,21844
26192646,Sweetbitter,Stephanie Danler,eng,3.28,21709
110384,"Romancing Mister Bridgerton (Bridgertons, #4)",Julia Quinn,eng,4.2,31652
89755,Tangerine,"Edward Bloor, Danny De Vito",eng,3.61,23053
33547,Hell House,Richard Matheson,eng,3.81,22644
3648,The Emperor's Children,Claire Messud,,2.93,15362
23281906,The Liar,Nora Roberts,eng,3.95,16326
32530,"The Third Victim (Quincy & Rainie, #2)",Lisa Gardner,en-US,4.16,21790
29154543,"The Wrong Side of Goodbye (Harry Bosch, #21; Harry Bosch Universe, #26)",Michael Connelly,eng,4.36,13351
8045080,"Hell's Corner (Camel Club, #5)",David Baldacci,eng,4.1,19003
114206,"Key of Valor (Key Trilogy, #3)",Nora Roberts,en-US,4.1,27228
781182,Barbarians at the Gate: The Fall of RJR Nabisco,"Bryan Burrough, John Helyar",en-US,4.22,19176
20706284,"Ancillary Sword (Imperial Radch, #2)",Ann Leckie,eng,4.03,19265
17689,Franz Kafka's The Castle (Dramatization),"David Fishelson, Aaron Leichter, Max Brod, Franz Kafka",eng,4.07,22321
18108877,"Timebound (The Chronos Files, #1)",Rysa Walker,eng,3.87,22031
9591398,"The Girl Who Circumnavigated Fairyland in a Ship of Her Own Making (Fairyland, #1)","Catherynne M. Valente, Ana Juan",eng,3.97,25551
11970096,"Twenty-Eight and a Half Wishes (Rose Gardner Mystery, #1)",Denise Grover Swank,eng,3.9,11006
14781501,"NYPD Red (NYPD Red, #1)","James Patterson, Marshall Karp",,3.9,19252
30068,"The Book of the Dead (Pendergast, #7; Diogenes, #3)","Douglas Preston, Lincoln Child",en-US,4.13,22985
14897790,Er ist wieder da,Timur Vermes,ger,3.44,9472
12617758,The Expats,Chris Pavone,eng,3.42,20548
128752,"Bare Bones (Temperance Brennan, #6)",Kathy Reichs,en-US,3.95,26419
16131025,Beautiful Day,Elin Hilderbrand,en-US,3.75,19563
85958,"The Indwelling (Left Behind, #7)","Tim LaHaye, Jerry B. Jenkins",en-US,3.97,21855
206682,"Dexter in the Dark (Dexter, #3)",Jeff Lindsay,en-US,3.49,22484
16634,The Glass Bead Game,"Hermann Hesse, Richard Winston, Clara Winston, Theodore Ziolkowski",eng,4.11,20198
13366259,The Yellow Birds,Kevin Powers,eng,3.74,17858
85418,Just One Look,Harlan Coben,eng,4.0,22664
16117804,"The Proposal (The Proposition, #2)",Katie Ashley,eng,4.04,34169
48132,"My Family and Other Animals (Corfu Trilogy, #1)","Gerald Durrell, Helma Lapiņa",en-US,4.27,20057
174403,Back Roads,Tawni O'Dell,en-US,3.72,21022
11449,Cathedral,Raymond Carver,eng,4.3,18378
30065028,Fantastic Beasts and Where to Find Them: The Original Screenplay,J.K. Rowling,eng,4.41,18290
11574,The Body,"Stephen King, Robin A.H. Waterfield",eng,4.26,23127
1999475,A Million Miles in a Thousand Years: What I Learned While Editing My Life,Donald Miller,en-US,4.18,18963
7992995,"Eona: The Last Dragoneye (Eon, #2)",Alison Goodman,eng,4.12,29756
14570,"Eight Cousins (Eight Cousins, #1)",Louisa May Alcott,eng,4.02,27612
590552,Chicken Soup with Rice: A Book of Months (The Nutshell Library),Maurice Sendak,,4.25,25523
64862,"R is for Ricochet (Kinsey Millhone, #18)",Sue Grafton,eng,3.96,24563
11947156,"Prince of Wolves (The Grey Wolves, #1)",Quinn Loftis,eng,4.06,30137
99296,Diary of a Worm,"Doreen Cronin, Harry Bliss",eng,4.19,23320
222576,"The Grey King (The Dark Is Rising, #4)",Susan Cooper,eng,4.18,28027
16071748,"Hunted (The Iron Druid Chronicles, #6)",Kevin Hearne,eng,4.3,15613
15981894,"Devoured (Devoured, #1)",Emily Snow,eng,3.94,33961
14905,The Complete Novels,Jane Austen,eng,4.55,18828
20697435,The Book of Strange New Things,Michel Faber,eng,3.66,15189
9266776,Epic Fail,Claire LaZebnik,en-US,3.73,29207
30240,"A Caress of Twilight (Merry Gentry, #2)",Laurell K. Hamilton,en-US,4.05,29980
376514,The Manchurian Candidate (Movie Tie-In Edition),Richard Condon,en-US,4.09,19205
37737,"Fudge-a-Mania (Fudge, #4)",Judy Blume,eng,3.99,23833
11946245,"Nevermore (Maximum Ride, #8)",James Patterson,eng,3.88,27982
12540,Operating Instructions: A Journal of My Son's First Year,Anne Lamott,eng,4.18,19466
61663,Pale Blue Dot: A Vision of the Human Future in Space,"Carl Sagan, Ann Druyan",eng,4.32,19834
17449417,"Simple Perfection (Rosemary Beach, #6; Perfection, #2)",Abbi Glines,eng,4.25,35952
64081,The Irresistible Revolution: Living as an Ordinary Radical,Shane Claiborne,,4.07,18566
2251306,"Brain Rules: 12 Principles for Surviving and Thriving at Work, Home, and School",John Medina,,4.0,19172
215539,"The Pilgrims of Rayne (Pendragon, #8)",D.J. MacHale,,4.14,21540
7347109,The Hundred-Foot Journey,Richard C. Morais,en-US,3.54,17275
8435445,Scorpia Rising (Alex Rider #9),Anthony Horowitz,eng,4.29,23268
7150178,"Big Nate: In a Class by Himself (Big Nate Novels, #1)",Lincoln Peirce,en-US,4.16,20612
3474186,"Forever Princess (The Princess Diaries, #10)",Meg Cabot,,4.08,28127
519112,The Melancholy Death of Oyster Boy and Other Stories,Tim Burton,en-US,4.13,19773
5186,"Breath, Eyes, Memory",Edwidge Danticat,eng,3.86,22123
12395,Journey to the End of the Night,"Louis-Ferdinand Céline, Ralph Manheim, William T. Vollmann",eng,4.25,17388
4527502,"The Scarecrow (Jack McEvoy, #2)",Michael Connelly,eng,4.03,22084
16130537,The Humans,Matt Haig,eng,4.07,16955
6566616,"Crocodile Tears (Alex Rider, #8)",Anthony Horowitz,eng,4.18,23068
3692091,1/4 جرام,Essam Youssef,ara,4.02,15919
49158,For Women Only: What You Need to Know about the Inner Lives of Men,Shaunti Feldhahn,en-US,4.06,15385
21362,"Seize the Night (Moonlight Bay, #2)","Dean Koontz, Keith Szarabajka",eng,4.07,21376
38568,A Quick Bite (Argeneau #1),Lynsay Sands,en-US,3.91,31557
248682,"Key of Knowledge (Key Trilogy, #2)",Nora Roberts,eng,4.09,26416
144790,"Ice Station (Shane Schofield, #1)",Matthew Reilly,eng,4.1,20605
825508,A Dangerous Fortune,Ken Follett,eng,3.99,18219
27001,The Well of Lost Plots (Thursday Next #3),Jasper Fforde,eng,4.09,28332
25698,The Wealth of Nations,Adam Smith,eng,3.87,17180
12872236,Canada,Richard Ford,eng,3.49,18396
6628,"The Big Over Easy (Nursery Crime, #1)",Jasper Fforde,en-US,3.92,24870
519048,"The Seeing Stone (The Spiderwick Chronicles, #2)","Holly Black, Tony DiTerlizzi",eng,3.87,29213
542389,"Stalingrad: The Fateful Siege, 1942–1943",Antony Beevor,eng,4.29,18920
6419566,"Beast Master, Vol. 1 (Beast Master, #1)",Kyousuke Motomi,en-US,4.21,21692
191170,"Giggle, Giggle, Quack","Doreen Cronin, Betsy Lewin",en-US,4.19,22402
1624,West with the Night,Beryl Markham,en-US,4.18,19738
2475251,The Cellist of Sarajevo,Steven Galloway,eng,4.02,20403
4066312,"Smooth Talking Stranger (Travises, #3)",Lisa Kleypas,eng,4.17,28858
9972053,If You Ask Me (And of Course You Won't),Betty White,eng,3.65,22405
31862,Discourse on Method and Meditations on First Philosophy,"René Descartes, Donald A. Cress",eng,3.67,20522
5739373,"The Defector (Gabriel Allon, #9)",Daniel Silva,eng,4.28,18927
12758317,In One Person,John Irving,,3.65,18561
433533,"Rilla of Ingleside (Anne of Green Gables, #8)",L.M. Montgomery,eng,4.16,29277
68143,The Wisdom of Crowds,James Surowiecki,eng,3.8,18457
39033,"Still Life With Crows (Pendergast, #4)","Douglas Preston, Lincoln Child",eng,4.18,22493
397860,The Fog,James Herbert,,3.87,19322
8676,Unlimited Power : The New Science Of Personal Achievement,"Anthony Robbins, Kenneth H. Blanchard, Jason Winters",,4.21,18588
7122034,"Fever Dream (Pendergast, #10)","Douglas Preston, Lincoln Child",eng,4.09,21634
11395597,Why Be Happy When You Could Be Normal?,Jeanette Winterson,,3.94,19537
10193062,"Outpost (Razorland, #2)",Ann Aguirre,en-US,4.12,25650
18594409,Can't We Talk about Something More Pleasant?,Roz Chast,eng,4.1,19118
37847,The Long Hard Road Out of Hell,"Marilyn Manson, Neil Strauss",eng,3.88,19011
9832370,BookRags Summary:  A Storm of Swords,BookRags,eng,4.59,18960
372638,"Lyle, Lyle, Crocodile",Bernard Waber,eng,4.13,24284
10874177,"Etiquette & Espionage (Finishing School, #1)",Gail Carriger,en-CA,3.79,29821
3018539,Death With Interruptions,"José Saramago, Margaret Jull Costa",eng,3.97,12984
58889,"Sandry's Book (Circle of Magic, #1)",Tamora Pierce,en-US,3.99,30169
16431,Sole Survivor,Dean Koontz,en-US,3.77,21203
27406704,Britt-Marie Was Here,"Fredrik Backman, Henning Koch, سمانه پرهیزکاری",eng,4.07,21737
44361,Velvet Elvis: Repainting the Christian Faith,Rob Bell,,3.77,18071
210834,Kim,"Rudyard Kipling, Edward Said",eng,3.72,23349
508413,"The Shunning (The Heritage of Lancaster County, #1)",Beverly  Lewis,,4.13,20379
15711341,"Written in Red (The Others, #1)",Anne Bishop,eng,4.29,29502
77378,The Seven-Percent Solution,Nicholas Meyer,eng,4.14,19334
319644,"Gregor and the Marks of Secret (Underland Chronicles, #4)",Suzanne Collins,eng,4.21,23727
3116205,The Prodigal God: Recovering the Heart of the Christian Faith,Timothy J. Keller,en-US,4.39,20087
44255,Toujours Provence,Peter Mayle,eng,4.0,21873
27398,The Lost Painting,Jonathan Harr,en-US,3.71,18944
16099189,The Light in the Ruins,Chris Bohjalian,eng,3.65,20519
13642929,My Beloved World,Sonia Sotomayor,eng,4.03,17742
226004,"A Deepness in the Sky (Zones of Thought, #2)",Vernor Vinge,en-US,4.32,21876
18288,Critique of Pure Reason,"Immanuel Kant, Paul Guyer, Allen W. Wood",eng,3.92,19521
16298,"A Murder Is Announced (Miss Marple, #5)",Agatha Christie,eng,3.96,25811
926908,Gnomes,"Rien Poortvliet, Wil Huygen",eng,4.01,22584
153193,"Undead and Unemployed (Undead, #2)",MaryJanice Davidson,en-US,3.93,29168
1305,Gates of Fire: An Epic Novel of the Battle of Thermopylae,Steven Pressfield,,4.4,17952
137098,"The Little Lady Agency (The Little Lady Agency, #1)",Hester Browne,eng,3.74,22562
385228,On Liberty,John Stuart Mill,eng,3.93,19604
22934446,Not My Father's Son,Alan Cumming,eng,4.0,11436
468070,"Nigella Express: Good Food, Fast",Nigella Lawson,eng,3.96,20034
22914448,The Dead Key,D.M. Pulley,eng,3.79,18773
7863423,"Simply Irresistible (Lucky Harbor, #1)",Jill Shalvis,eng,3.92,27319
16247792,"Gabriel's Redemption (Gabriel's Inferno, #3)",Sylvain Reynard,eng,4.23,28331
5989573,"Scott Pilgrim, Volume 5: Scott Pilgrim Vs. the Universe",Bryan Lee O'Malley,eng,4.33,24936
213233,Better: A Surgeon's Notes on Performance,Atul Gawande,en-US,4.19,17109
15748335,"Leave Me Breathless (Ross Siblings, #3)",Cherrie Lynn,en-GB,4.26,31188
19095025,"Play (Stage Dive, #2)",Kylie Scott,eng,4.33,22231
6441654,"Twilight and Philosophy: Vampires, Vegetarians, and the Pursuit of Immortality","Rebecca Housel, J. Jeremy Wisnewski, William Irwin",en-US,4.39,18027
49176,Games People Play,Eric Berne,en-US,3.81,17035
18966322,"Mitosis (The Reckoners, #1.5)",Brandon Sanderson,eng,3.87,17250
7186,La Dame aux Camélias,"Alexandre Dumas fils, David Coward",eng,3.97,13562
11942639,The Wedding Dress,Rachel Hauck,en-US,3.83,16310
206309,Fish: A Proven Way to Boost Morale and Improve Results,"Stephen C. Lundin, Harry Paul, John Christensen, Kenneth H. Blanchard",eng,3.92,19405
49250,"D-Day, June 6, 1944: The Battle for the Normandy Beaches",Stephen E. Ambrose,eng,4.25,17875
7981456,A Long Walk to Water: Based on a True Story,Linda Sue Park,eng,4.23,21593
8811139,"Light (Gone, #6)",Michael  Grant,eng,4.4,23730
28477789,Stuck-Up Suit,"Vi Keeland, Penelope Ward",eng,4.14,22609
189147,"To Your Scattered Bodies Go (Riverworld, #1)",Philip José Farmer,eng,3.94,22741
114132,Midnight Bayou,Nora Roberts,eng,3.96,25476
12967,Winter's Tale,Mark Helprin,en-US,3.5,19932
106646,The Doomsday Conspiracy,Sidney Sheldon,eng,3.59,17093
201175,"Rapture in Death (In Death, #4)","J.D. Robb, Susan Ericksen",,4.26,26184
161744,Common Sense,Thomas Paine,eng,3.97,16864
54529,Falling Leaves: The Memoir of an Unwanted Chinese Daughter,Adeline Yen Mah,eng,3.88,19598
3338544,رحلتي من الشك إلى الإيمان,مصطفى محمود,ara,4.03,16854
13416236,"Whispers at Moonrise (Shadow Falls, #4)",C.C. Hunter,eng,4.38,28430
7148931,"The 4-Hour Body: An Uncommon Guide to Rapid Fat-Loss, Incredible Sex, and Becoming Superhuman",Timothy Ferriss,en-US,3.76,15007
58314,The Elementary Particles,"Michel Houellebecq, Frank Wynne",eng,3.78,13577
17314410,"Beauty from Surrender (Beauty, #2)",Georgia Cates,eng,4.13,31623
224410,Dracula (Marvel Illustrated),"Roy Thomas, Dick Giordano, Mark D. Beazley, Bram Stoker",,3.93,14660
207266,"The Adventures of Captain Underpants (Captain Underpants, #1)",Dav Pilkey,eng,3.84,22535
13435889,"How Children Succeed: Grit, Curiosity, and the Hidden Power of Character",Paul Tough,eng,3.91,16402
149049,The Fountains of Paradise,Arthur C. Clarke,eng,3.96,20012
98920,The Bastard of Istanbul,Elif Shafak,eng,3.79,14215
17237214,Two Boys Kissing,David Levithan,eng,4.11,24587
5171894,"The Doomsday Key (Sigma Force, #6)",James Rollins,en-US,4.16,19510
21726,The Ruins,Scott B. Smith,en-US,3.5,21613
336245,"A Dangerous Path (Warriors, #5)",Erin Hunter,eng,4.42,26126
543339,"Dances with Wolves (Dances with Wolves, #1)",Michael Blake,eng,4.19,19133
153779,"Bloodhound (Beka Cooper, #2)",Tamora Pierce,eng,4.26,29414
6122735,"The Night Angel Trilogy (Night Angel, #1-3)",Brent Weeks,eng,4.42,17523
426025,A Rose for Emily and Other Stories,William Faulkner,eng,4.06,22629
5883777,The Holy Bible: English Standard Version,Anonymous,eng,4.66,17863
321545,"A Morbid Taste for Bones (Chronicles of Brother Cadfael, #1)",Ellis Peters,en-US,3.99,23590
233389,The Lives of the Artists,"Giorgio Vasari, Julia Conway Bondanella, Peter Bondanella",eng,3.78,18288
84139,"Unleash the Night (Dark Hunter, #8; Were-Hunter, #2)",Sherrilyn Kenyon,en-US,4.34,32491
4935682,"Syren (Septimus Heap, #5)",Angie Sage,eng,4.1,25245
5558786,"Metro 2033 (METRO, #1)","Dmitry Glukhovsky, M. David Drevs",ger,3.98,15858
5396496,The Slap,Christos Tsiolkas,eng,3.16,18037
207781,"The Art Spirit: Notes, Articles, Fragments of Letters and Talks to Students, Bearing on the Concept and Technique of Picture Making, the Study of Art (Icon Editions)","Robert Henri, Forbes Watson, Margery A. Ryerson",eng,3.87,16333
17171909,"Brilliance (Brilliance Saga, #1)",Marcus Sakey,eng,3.95,11235
26583370,Life and Other Near-Death Experiences,Camille Pagán,en-GB,3.82,19073
9799,The Fortress of Solitude,Jonathan Lethem,eng,3.87,15100
379316,The Darkest Evening of the Year,Dean Koontz,eng,3.71,21297
18077769,"Authority (Southern Reach, #2)",Jeff VanderMeer,eng,3.55,18430
277190,"The Wrath of Mulgarath (The Spiderwick Chronicles, #5)","Holly Black, Tony DiTerlizzi",en-US,3.92,28129
11101772,The Scrapbook of Frankie Pratt,Caroline Preston,eng,3.72,20508
251762,Bee Season,Myla Goldberg,eng,3.55,21160
182012,"Indelible (Grant County, #4)",Karin Slaughter,eng,4.19,20930
236208,Night Chills,Dean Koontz,en-US,3.86,20424
29254,Be Here Now,"Ram Dass, Richard Alpert",en-US,4.27,18275
6530,"Trace (Kay Scarpetta, #13)",Patricia Cornwell,eng,3.76,23287
1279686,"Genghis: Birth of an Empire (Conqueror, #1)",Conn Iggulden,en-US,4.34,16498
291354,"The Ruby Knight (The Elenium, #2)",David Eddings,eng,3.96,24586
32638,The Thief of Always,Clive Barker,eng,4.18,19799
715791,"Kiss of Crimson (Midnight Breed, #2)",Lara Adrian,en-US,4.17,31897
2653622,"The Keepsake (Rizzoli & Isles, #7)",Tess Gerritsen,en-US,4.09,21829
17660462,The Everything Store: Jeff Bezos and the Age of Amazon,Brad Stone,eng,4.06,20539
25564446,"The Air He Breathes (Elements, #1)",Brittainy C. Cherry,,4.2,22217
3585344,Kiss of a Demon King (Immortals After Dark #7),Kresley Cole,eng,4.35,31111
478951,"The Bonehunters (Malazan Book of the Fallen, #6)",Steven Erikson,eng,4.42,20359
16119079,"Forever My Girl (The Beaumont Series, #1)",Heidi McLaughlin,eng,4.04,32853
22341276,"The Glass Magician (The Paper Magician Trilogy, #2)",Charlie N. Holmberg,,3.87,13650
10098912,Chanakya's Chant,Ashwin Sanghi,eng,3.68,15474
12467,The Naked and the Dead,Norman Mailer,eng,3.94,18912
35100,Battle Cry of Freedom,James M. McPherson,eng,4.32,19132
646056,The Little Mermaid,"Michael Teitelbaum, Sue DiCicco",,4.36,21994
86424,Lifeguard,"James Patterson, Andrew Gross",,3.76,20053
7783920,Because of Mr. Terupt,Rob Buyea,eng,4.34,20632
37739,Blubber,Judy Blume,en-GB,3.78,25402
7954556,"One Grave at a Time (Night Huntress, #6)",Jeaniene Frost,eng,4.25,34506
9897164,"Apollyon (Covenant, #4)",Jennifer L. Armentrout,eng,4.4,31942
6202661,"I Heart New York (I Heart, #1)",Lindsey Kelk,en-US,3.84,19491
2213324,"Airhead (Airhead, #1)",Meg Cabot,eng,3.77,32457
25190,"Beauty's Release (Sleeping Beauty, #3)","A.N. Roquelaure, Anne Rice",eng,3.71,22424
3389671,"Jessica's Guide to Dating on the Dark Side (Jessica, #1)",Beth Fantaskey,en-US,3.85,32763
26596,"Complete Poems, 1904-1962",E.E. Cummings,eng,4.35,18662
1635,Execution: The Discipline of Getting Things Done,"Larry Bossidy, Ram Charan, Charles Burck",en-US,3.83,18065
20663702,Smoke Gets in Your Eyes: And Other Lessons from the Crematory,Caitlin Doughty,eng,4.04,10979
7096123,"The Rembrandt Affair (Gabriel Allon, #10)",Daniel Silva,eng,4.26,18957
15730101,The Call of Cthulhu,H.P. Lovecraft,eng,4.05,17199
373915,20th Century Ghosts,"Joe Hill, Christopher Golden",en-US,3.95,21987
6819,Ghostwritten,David Mitchell,eng,4.06,17900
21219083,The One That Got Away,Simon Wood,eng,3.77,17367
8709528,"The Ruby Circle (Bloodlines, #6)",Richelle Mead,eng,4.22,29260
5983694,Where the Mountain Meets the Moon,Grace Lin,eng,4.24,24371
125190,"Swallows and Amazons (Swallows and Amazons, #1)",Arthur Ransome,eng,3.98,21716
9442157,"Rock Hard (Sinners on Tour, #2)",Olivia Cunning,eng,4.11,35676
20525628,How to Build a Girl,Caitlin Moran,eng,3.69,16981
1407874,"Sang Pemimpi (Tetralogi Laskar Pelangi, #2)",Andrea Hirata,ind,4.09,12998
28116,The Know-It-All: One Man's Humble Quest to Become the Smartest Person in the World,A.J. Jacobs,eng,3.77,22226
15811495,"Touch & Go (Tessa Leoni, #2)",Lisa Gardner,eng,4.05,19016
126807,The Double Bind,Chris Bohjalian,eng,3.62,22067
9751378,Summer Rental,Mary Kay Andrews,en-US,3.78,20723
23553419,The Ice Twins,S.K. Tremayne,eng,3.68,16718
17899696,"The Edge of Always (The Edge of Never, #2)",J.A. Redmerski,eng,4.02,17532
2873,The Virgin Blue,Tracy Chevalier,eng,3.65,23484
15797397,Salt Sugar Fat: How the Food Giants Hooked Us,Michael Moss,eng,3.98,18542
225038,"Half Magic (Tales of Magic, #1)","Edward Eager, N.M. Bodecker",en-US,3.94,28580
7090785,"Dawn of the Dreadfuls (Pride and Prejudice and Zombies, #0.5)","Steve Hockensmith, Jane Austen, Patrick Arrasmith",eng,3.47,20207
7180727,"Live to Tell (Detective D.D. Warren, #4)",Lisa Gardner,eng,4.18,21984
825081,Lilly's Purple Plastic Purse,Kevin Henkes,,4.2,24247
368916,"84, Charing Cross Road",Helene Hanff,eng,4.19,26899
5153799,"Father Mine (Black Dagger Brotherhood, #6.5)",J.R. Ward,eng,4.51,32178
14572,Peace Is Every Step: The Path of Mindfulness in Everyday Life,"Thich Nhat Hanh, Arnold Kotler, Dalai Lama XIV",eng,4.34,19152
6686671,"Electric Daisy, Vol. 1 (Dengeki Daisy, #1)",Kyousuke Motomi,ind,4.3,20880
29868610,Scrappy Little Nobody,Anna Kendrick,eng,3.91,28719
24429934,The Einstein Prophecy,Robert Masello,en-US,3.58,19019
7307795,"Started Early, Took My Dog (Jackson Brodie, #4)",Kate Atkinson,eng,3.89,21662
107032,Batman: A Death in the Family,"Jim Starlin, Jim Aparo, Mike DeCarlo",eng,4.05,19765
16085517,TransAtlantic,Colum McCann,eng,3.81,18065
6871616,"Eternal Kiss of Darkness (Night Huntress World, #2)",Jeaniene Frost,en-GB,4.21,31967
129117,"The Spellman Files (The Spellmans, #1)",Lisa Lutz,eng,3.88,23788
32626,Books of Blood: Volumes One to Three (Books of Blood #1-3),Clive Barker,eng,4.16,20228
294046,"The Judas Strain (Sigma Force, #4)",James Rollins,eng,4.15,20976
33333,Searching for God Knows What,Donald Miller,en-US,3.92,19383
30122,The Missing Piece,Shel Silverstein,,4.27,21207
56842,Fatherland,Robert   Harris,eng,3.96,18917
7132363,"Freedom™ (Daemon, #2)",Daniel Suarez,en-US,4.27,12456
92508,The Bridge of San Luis Rey,Thornton Wilder,en-US,3.8,22003
1772910,White Nights,Fyodor Dostoyevsky,eng,4.05,13405
5215879,"Skin Trade (Anita Blake, Vampire Hunter #17)",Laurell K. Hamilton,en-US,3.9,29261
481749,Jesus the Christ,James E. Talmage,,4.63,17179
1693617,Disney's the Lion King,Don Ferguson,en-US,4.49,19553
31168,Shirley,"Charlotte Brontë, Lucasta Miller, collaborative, Jessica Cox",,3.71,22562
114129,"Born in Ice (Born In Trilogy, #2)",Nora Roberts,en-US,4.13,26219
9569,Villa Incognito,Tom Robbins,,3.65,14206
22237161,The Sellout,Paul Beatty,eng,3.8,21733
21325,"Fables, Vol. 4: March of the Wooden Soldiers","Bill Willingham, Mark Buckingham, Craig Hamilton, Steve Leialoha, P. Craig Russell",eng,4.29,23624
28077464,Night School,"Lee Child, Dick Hill",eng,3.96,11181
9578677,"The Silent Girl (Rizzoli & Isles, #9)",Tess Gerritsen,en-US,4.13,21444
11301,Horton Hatches the Egg,Dr. Seuss,eng,4.14,29676
17733861,"A Shade of Blood (A Shade of Vampire, #2)",Bella Forrest,eng,4.01,24757
15827066,Beyond Belief: My Secret Life Inside Scientology and My Harrowing Escape,"Jenna Miscavige Hill, Lisa Pulitzer",eng,3.72,12643
73945,Apology,"Plato, James J. Helm",eng,4.15,18261
102953,"Preacher, Volume 3: Proud Americans","Garth Ennis, Steve Dillon, Penn Jillette",eng,4.27,19451
12880428,"The Wolf Gift (The Wolf Gift Chronicles, #1)",Anne Rice,eng,3.52,19008
867650,The Little Red Hen (Little Golden Book),"Diane Muldrow, J.P. Miller",,4.2,22932
10875239,Lethal,Sandra Brown,,4.04,20353
3974,The Terror,Dan Simmons,eng,4.0,21225
773606,Madeline's Rescue,Ludwig Bemelmans,eng,4.24,24495
6694937,"Game Change: Obama and the Clintons, McCain and Palin, and the Race of a Lifetime","John Heilemann, Mark Halperin",,4.1,16800
659622,"Garden of Shadows (Dollanganger, #5)",V.C. Andrews,eng,3.88,23139
10599805,"A Perfect Blood (The Hollows, #10)",Kim Harrison,en-US,4.38,26455
124524,Joni: An Unforgettable Story,"Joni Eareckson Tada, Joe Musser",en-US,4.23,20191
93768,"War of the Twins (Dragonlance: Legends, #2)","Margaret Weis, Tracy Hickman",eng,4.11,21559
7856305,"Cross Fire (Alex Cross, #17)",James Patterson,eng,4.04,20407
148821,Brunelleschi's Dome: How a Renaissance Genius Reinvented Architecture,Ross King,en-US,3.84,17931
582533,Creative Visualization: Use the Power of Your Imagination to Create What You Want in Your Life,Shakti Gawain,eng,4.13,17811
40329,"Metro Girl (Alex Barnaby, #1)",Janet Evanovich,eng,3.6,27115
25454883,"Never Never: Part Three (Never Never, #3)","Colleen Hoover, Tarryn Fisher",en-GB,3.48,26749
9565045,"Second Grave on the Left (Charley Davidson, #2)",Darynda Jones,en-US,4.29,30926
33609,Katherine,"Anya Seton, Philippa Gregory",eng,4.18,22577
828387,A Short History of Tractors in Ukrainian,Marina Lewycka,en-US,3.37,18204
22693182,Where They Found Her,Kimberly McCreight,eng,3.83,19429
125925,"Industrial Magic (Women of the Otherworld, #4)",Kelley Armstrong,en-US,4.12,27521
74256,"Le Petit Nicolas (Le petit Nicolas, #1)","René Goscinny, Jean-Jacques Sempé",fre,4.13,24796
18867685,"The Atlantis Plague (The Origin Mystery, #2)",A.G. Riddle,eng,3.88,7905
42512,We Were Soldiers Once... and Young: Ia Drang - The Battle that Changed the War in Vietnam,"Harold G. Moore, Joseph L. Galloway",eng,4.29,18688
92367,Whiteout,Ken Follett,en-US,3.54,18791
568236,A Distant Mirror:  The Calamitous 14th Century,Barbara W. Tuchman,eng,4.11,21776
28899,Heat,Mike Lupica,en-US,3.97,16579
900,The Game: Penetrating the Secret Society of Pickup Artists,Neil Strauss,en-US,3.73,16698
64864,"N is for Noose (Kinsey Millhone, #14)",Sue Grafton,eng,3.97,24658
8476248,Just Like Heaven (Smythe-Smith Quartet #1),Julia Quinn,en-GB,3.93,14300
6443349,"Percy Jackson and the Olympians Boxed Set (Percy Jackson and the Olympians, #1-5)","Rick Riordan, Tk",,4.57,19555
11720382,"Catch Me (Detective D.D. Warren, #6)",Lisa Gardner,eng,4.17,21486
233044,"The Shop on Blossom Street (Blossom Street, #1)",Debbie Macomber,eng,4.04,22861
239102,"Starless Night (Forgotten Realms: Legacy of the Drow, #2; Legend of Drizzt, #8)",R.A. Salvatore,en-GB,4.12,18305
93788,"Night Fall (John Corey, #3)",Nelson DeMille,eng,4.07,18761
8967,"Trials of Death (Cirque Du Freak, #5)",Darren Shan,,4.25,22157
7144426,"The Bourne Objective (Jason Bourne, #8)","Eric Van Lustbader, Robert Ludlum",eng,4.07,16294
27252717,"The Score (Off-Campus, #3)",Elle Kennedy,eng,4.27,32709
289644,"Even Now (Lost Love, #1)",Karen Kingsbury,en-US,4.26,18120
3121162,Testimony,Anita Shreve,en-US,3.54,21977
11544421,"Magic Rises (Kate Daniels, #6)",Ilona Andrews,eng,4.49,29556
9970042,"Whispers Under Ground (Peter Grant, #3)",Ben Aaronovitch,eng,4.16,15946
18453095,"Unlucky 13 (Women’s Murder Club, #13)","James Patterson, Maxine Paetro",eng,3.94,16005
99610,The Best Laid Plans,Sidney Sheldon,eng,3.66,17173
2855034,Nation,Terry Pratchett,en-US,4.05,22466
114162,"Secrets of a Summer Night (Wallflowers, #1)",Lisa Kleypas,eng,4.05,33026
456028,"Red: The Heroic Rescue (The Circle, #2)",Ted Dekker,eng,4.3,19896
10680329,"A Trick of the Light (Chief Inspector Armand Gamache, #7)",Louise Penny,eng,4.29,20932
17455585,"White Hot Kiss (The Dark Elements, #1)",Jennifer L. Armentrout,eng,4.28,27848
1717890,Pandora Hearts 1巻,"Jun Mochizuki, 望月淳",jpn,4.2,19222
32769,At the Mountains of Madness and Other Tales of Terror,H.P. Lovecraft,en-US,4.25,19586
6340016,Lit,Mary Karr,eng,3.88,17964
465904,"Dragonsdawn (Pern, #9)",Anne McCaffrey,,4.17,25824
6596547,Mockingbird,Kathryn Erskine,eng,4.18,21138
13489517,28 حرف,أحمد حلمي,ara,3.1,15708
107195,I Kissed Dating Goodbye,Joshua Harris,,3.61,17121
903,"The Egypt Game (Game, #1)",Zilpha Keatley Snyder,eng,3.81,26657
277397,Ellen Foster,Kaye Gibbons,eng,3.75,23327
22904,The Complete Stories,"Franz Kafka, Nahum N. Glatzer, John Updike, Willa Muir, Edwin Muir, Tania Stern, James Stern, Ernst Kaiser, Eithne Wilkins",eng,4.34,18314
1059680,Veganomicon: The Ultimate Vegan Cookbook,"Isa Chandra Moskowitz, Terry Hope Romero",,3.98,19359
260025,"Test of the Twins (Dragonlance: Legends, #3)","Margaret Weis, Tracy Hickman",eng,4.16,21047
48467,Wise Blood,Flannery O'Connor,en-US,3.88,18053
220826,Kürk Mantolu Madonna,Sabahattin Ali,tur,4.49,19806
187124,"Running with the Demon (Word & Void, #1)",Terry Brooks,eng,3.95,21209
223838,In His Steps,Charles M. Sheldon,,4.15,18254
10790516,Lothaire (Immortals After Dark #12),Kresley Cole,eng,4.43,30304
515905,"Knuffle Bunny Too: A Case of Mistaken Identity (Knuffle Bunny, #2)",Mo Willems,en-US,4.28,23396
2260637,"The Whole Truth (A. Shaw, #1)",David Baldacci,eng,4.0,19171
2659997,"Stolen Innocence: My Story of Growing Up in a Polygamous Sect, Becoming a Teenage Bride, and Breaking Free of Warren Jeffs","Elissa Wall, Lisa Pulitzer",,3.89,19468
11178225,Out of the Easy,Ruta Sepetys,eng,4.05,25913
2182780,Batman: The Man Who Laughs,"Ed Brubaker, Doug Mahnke, Patrick Zircher, Aaron Sowd, Steve Bird",eng,4.09,16933
273511,"Midnight (Warriors: The New Prophecy, #1)",Erin Hunter,eng,4.26,24650
18176747,The Hard Thing About Hard Things: Building a Business When There Are No Easy Answers,Ben Horowitz,eng,4.2,19492
11051889,"The Fallen Star (Fallen Star, #1)",Jessica Sorensen,,3.91,19786
228990,"The Illearth War (The Chronicles of Thomas Covenant the Unbeliever, #2)",Stephen R. Donaldson,,3.99,20039
2063563,My Booky Wook,Russell Brand,en-GB,3.42,16553
18527947,"Shadow Spell (The Cousins O'Dwyer Trilogy, #2)",Nora Roberts,en-US,4.0,17155
10909804,Just My Type: A Book About Fonts,Simon Garfield,en-US,3.79,22046
3492020,"Promises in Death (In Death, #28)",J.D. Robb,eng,4.4,24115
23534,Love Is a Dog from Hell,Charles Bukowski,eng,4.16,19471
19161852,"The Fifth Season (The Broken Earth, #1)",N.K. Jemisin,eng,4.31,20185
13568322,The Zombie Room,R.D. Ronald,eng,3.61,14302
67931,The Analyst,John Katzenbach,eng,4.12,11685
2113260,Shades of Grey,Jasper Fforde,eng,4.14,22788
33569,"That Was Then, This Is Now",S.E. Hinton,en-US,3.89,22946
6164358,"The Mysterious Benedict Society and the Prisoner's Dilemma (The Mysterious Benedict Society, #3)","Trenton Lee Stewart, Del Roy",,4.28,23448
10149142,The Family Fang,Kevin    Wilson,en-US,3.6,18214
10907,The Pursuit of Happyness,Chris Gardner,,4.17,18492
7147831,Min kamp 1 (Min kamp #1),Karl Ove Knausgård,nor,4.08,7886
8517008,"A Red Herring Without Mustard (Flavia de Luce, #3)",Alan Bradley,eng,4.07,26160
18728,No Ordinary Time: Franklin and Eleanor Roosevelt: The Home Front in World War II,Doris Kearns Goodwin,eng,4.2,26004
414298,Straight Man,Richard Russo,eng,4.02,19358
10739,The Moviegoer,Walker Percy,en-CA,3.7,18655
87346,The Cherry Orchard,"Anton Chekhov, Tom    Murphy",eng,3.68,18914
4835838,"11 Birthdays (Willow Falls, #1)",Wendy Mass,eng,4.18,22339
7329,Unfinished Tales of Númenor and Middle-Earth,"J.R.R. Tolkien, Christopher Tolkien",,3.93,18402
9461872,"Sisterhood Everlasting (Sisterhood, #5)",Ann Brashares,eng,3.9,25849
349090,Infinity Welcomes Careful Drivers (Red Dwarf #1),Grant Naylor,eng,4.03,19773
33459,Coyote Blue,Christopher Moore,en-US,3.75,19901
2501455,فوضى الحواس,"أحلام مستغانمي, Ahlam Mosteghanemi",ara,3.83,16337
87665,Orthodoxy,G.K. Chesterton,eng,4.23,18303
426625,Fancy Nancy,"Jane O'Connor, Robin Preiss Glasser",,4.15,21619
3692,The Heart of the Matter,Graham Greene,eng,3.98,19149
21535019,"The Long Haul (Diary of a Wimpy Kid, #9)",Jeff Kinney,eng,4.33,21822
169871,"Talking to Dragons (Enchanted Forest Chronicles, #4)","Patricia C. Wrede, Peter de Sève",en-US,4.19,27948
2029176,Sail,"James Patterson, Howard Roughan",eng,3.8,20932
23301545,The Sleeper and the Spindle,"Neil Gaiman, Chris Riddell",eng,3.9,20889
18114142,A Fall of Marigolds,Susan Meissner,,4.04,17015
18750,"Beauty's Punishment (Sleeping Beauty, #2)","A.N. Roquelaure, Anne Rice",en-US,3.62,20867
285011,"The Negotiator (O'Malley, #1)",Dee Henderson,eng,4.32,20278
13041934,Can Love Happen Twice?,Ravinder Singh,eng,3.31,15668
3124249,"A Lion Among Men (The Wicked Years, #3)","Gregory Maguire, Douglas Smith",en-US,3.29,21794
43908,"Shadow of a Dark Queen (The Serpentwar Saga, #1)",Raymond E. Feist,eng,4.02,20847
11466,This Boy's Life,Tobias Wolff,eng,3.98,19981
3993839,"Patient Zero (Joe Ledger, #1)",Jonathan Maberry,en-US,3.98,19852
545951,Death Comes for the Archbishop,Willa Cather,eng,3.88,21343
7942786,"Fair Game (Alpha & Omega, #3)",Patricia Briggs,en-US,4.34,28322
17312201,"The Son of Sobek (Percy Jackson & Kane Chronicles Crossover, #1)",Rick Riordan,eng,4.26,21691
52823,Tartuffe,"Molière, Martin Sorrell",eng,3.66,21061
4701550,Passion Unleashed (Demonica #3),Larissa Ione,eng,4.32,28493
1896346,"High School Debut, Vol. 01 (High School Debut, #1)",Kazune Kawahara,en-GB,4.11,21210
10400407,في ديسمبر تنتهي كل الأحلام,أثير عبدالله النشمي,ara,3.33,16479
386234,Just for You (Little Critter),Mercer Mayer,eng,4.25,22965
294047,Amazonia,James Rollins,eng,4.11,20410
46674,Feeling Good: The New Mood Therapy,David D. Burns,en-US,3.95,17065
114184,Blue Smoke,Nora Roberts,eng,3.97,24366
6528,"Predator (Kay Scarpetta, #14)",Patricia Cornwell,en-US,3.67,21668
720298,Codependent No More: How to Stop Controlling Others and Start Caring for Yourself,Melody Beattie,,4.13,18340
254308,Oblomov,"Ivan Goncharov, Stephen Pearl, Galya Diment",eng,4.0,18458
198332,"Inca Gold (Dirk Pitt, #12)",Clive Cussler,eng,3.96,20297
18167006,Delicious!,Ruth Reichl,eng,3.75,17657
6496815,NurtureShock: New Thinking About Children,"Po Bronson, Ashley Merryman",en-US,4.04,17310
1849,"Wild Fire (John Corey, #4)",Nelson DeMille,en-US,3.99,18529
154423,Two Little Girls in Blue,Mary Higgins Clark,en-US,3.85,20727
589979,"Daughter of the Empire (The Empire Trilogy, #1)","Raymond E. Feist, Janny Wurts",eng,4.24,24055
688191,"Everlost (Skinjacker, #1)",Neal Shusterman,eng,3.94,24506
8534799,Dreams of a Dark Warrior (Immortals After Dark #11),Kresley Cole,en-US,4.39,28315
7824997,"Theodore Boone: Kid Lawyer (Theodore Boone, #1)","John Grisham, Richard Thomas",eng,3.72,19284
34072,"Jimmy Corrigan, the Smartest Kid on Earth",Chris Ware,,4.1,17128
39980,"A Year Down Yonder (A Long Way from Chicago, #2)",Richard Peck,eng,4.1,23310
16163690,"Own the Wind (Chaos, #1)",Kristen Ashley,eng,4.22,38673
4516,Marina,Carlos Ruiz Zafón,spa,3.99,18260
7135858,My Name Is Memory,Ann Brashares,eng,3.7,23498
15054,Written on the Body,Jeanette Winterson,en-US,4.08,18203
7849341,"Tiger's Voyage (The Tiger Saga, #3)",Colleen Houck,eng,4.35,24495
605015,"Dead and Alive (Dean Koontz's Frankenstein, #3)",Dean Koontz,eng,4.01,18310
4591,Genome: the Autobiography of a Species in 23 Chapters,Matt Ridley,en-US,4.02,17684
53580,The Going-To-Bed Book,Sandra Boynton,en-US,4.22,21078
112675,"Knocked Out by My Nunga-Nungas (Confessions of Georgia Nicolson, #3)",Louise Rennison,en-US,3.97,24077
27526,"Desecration (Left Behind, #9)","Tim LaHaye, Jerry B. Jenkins",en-US,4.0,19562
18114068,Redeployment,Phil Klay,eng,3.98,15597
6512140,Going Bovine,Libba Bray,eng,3.65,26259
25807,The Postman Always Rings Twice,James M. Cain,eng,3.81,19416
6555517,"The Dead-Tossed Waves (The Forest of Hands and Teeth, #2)",Carrie Ryan,en-US,3.91,26347
9530,Shadow Divers,Robert Kurson,eng,4.26,16917
8293938,Moon Over Manifest,Clare Vanderpool,eng,4.02,23298
77103,The Glass Palace,Amitav Ghosh,eng,3.94,16535
10710392,Chopsticks,"Jessica Anthony, Rodrigo Corral",eng,3.72,18375
21853628,Every Fifteen Minutes,Lisa Scottoline,en-CA,3.72,16765
16279856,"The Eye of Minds (The Mortality Doctrine, #1)",James Dashner,eng,3.85,22637
140278,"4:50 from Paddington (Miss Marple, #8)",Agatha Christie,eng,3.92,23416
74036,"Ceremony in Death (In Death, #5)",J.D. Robb,eng,4.26,25093
18373214,"Cockroaches (Harry Hole, #2)","Jo Nesbø, Don Bartlett",eng,3.71,14717
140078,"Grave Surprise (Harper Connelly, #2)",Charlaine Harris,en-US,3.88,27905
3304,"City of the Beasts (Eagle and Jaguar, #1)","Isabel Allende, Margaret Sayers Peden",eng,3.69,15497
2364284,أولاد حارتنا,"Naguib Mahfouz, نجيب محفوظ",ara,4.1,14860
68497,"The Scar (Bas-Lag, #2)",China Miéville,eng,4.15,20745
23225,"Haunted (The Mediator, #5)",Meg Cabot,eng,4.15,29460
28553,"Dragondrums (Harper Hall, #3)",Anne McCaffrey,eng,4.04,25473
9545064,The Story of Beautiful Girl,Rachel Simon,,3.92,19655
18646,"Galileo's Daughter: A Historical Memoir of Science, Faith and Love",Dava Sobel,en-US,3.74,21260
42692,Mila 18,Leon Uris,eng,4.27,19323
11391817,Drawing from Memory,Allen Say,eng,3.81,21137
1330324,"Sea of Poppies (Ibis Trilogy, #1)",Amitav Ghosh,eng,3.93,15499
99245,Nightfall,"Isaac Asimov, Robert Silverberg",eng,4.01,21683
18005,How I Became a Pirate,"Melinda Long, David Shannon",eng,4.07,21554
99208,"The Monkey Wrench Gang (Monkey Wrench Gang, #1)",Edward Abbey,en-US,4.08,15513
6323821,Last Night in Twisted River,John Irving,eng,3.74,18441
10115852,"Love Wins: A Book About Heaven, Hell, and the Fate of Every Person Who Ever Lived",Rob Bell,eng,3.54,17668
9376345,"Bite Club (The Morganville Vampires, #10)",Rachel Caine,eng,4.23,25064
78970,A Matter of Honor,Jeffrey Archer,,3.9,16502
469901,Mr. Perfect,Linda Howard,eng,4.07,24753
16093188,"Up to Me (The Bad Boys, #2)",M. Leighton,eng,4.12,30597
16124019,"Waking Up Married (Waking Up, #1)",Mira Lyn Kelly,en-US,3.53,23812
1225261,No Time for Goodbye (No Time For Goodbye #1),Linwood Barclay,eng,4.0,17413
207802,"Ida B. . . and Her Plans to Maximize Fun, Avoid Disaster, and (Possibly) Save the World",Katherine Hannigan,eng,3.86,20551
4703450,"The Dragon Keeper (Rain Wild Chronicles, #1)",Robin Hobb,eng,3.93,19620
210404,A Sand County Almanac and Sketches Here and There,Aldo Leopold,,4.24,16792
895886,Lassie Come-Home,"Eric Knight, Marguerite Kirmse",,4.16,19100
178788,"The China Study: The Most Comprehensive Study of Nutrition Ever Conducted And the Startling Implications for Diet, Weight Loss, And Long-term Health","T. Colin Campbell, Thomas M. Campbell II",en-GB,4.21,16485
1013383,The Gruffalo,"Julia Donaldson, Axel Scheffler",eng,4.47,19609
359,"The Salmon of Doubt (Dirk Gently, #3)",Douglas Adams,eng,3.92,20177
250024,The City and the Stars,Arthur C. Clarke,eng,4.08,19032
18667307,"Tokyo Ghoul, tome 1 (Tokyo Ghoul, #1)","Sui Ishida, 石田 スイ",fre,4.43,43490
352262,"How to Train Your Dragon (How to Train Your Dragon, #1)",Cressida Cowell,en-US,3.85,23042
6753,Brief Interviews with Hideous Men,David Foster Wallace,eng,3.88,15555
170619,All Around the Town,Mary Higgins Clark,,3.94,20029
4758093,"L.A. Candy (L.A. Candy, #1)",Lauren Conrad,en-US,3.36,21910
6618272,The Siren,Kiera Cass,eng,3.78,21740
43993,The Quiet Game,Greg Iles,eng,4.17,16853
22680,American Sphinx: The Character of Thomas Jefferson,Joseph J. Ellis,eng,3.9,17375
11777020,Headhunters,"Jo Nesbø, Don Bartlett",eng,3.78,16509
93793,"The Messenger (Gabriel Allon, #6)",Daniel Silva,eng,4.18,16974
243598,The Sheltering Sky,Paul Bowles,eng,3.92,16494
22910900,The Rest of Us Just Live Here,Patrick Ness,eng,3.76,23412
1933181,The Lady Elizabeth,Alison Weir,eng,3.97,20345
16131193,The Astronaut Wives Club,Lily Koppel,eng,3.26,17837
184419,The Man Who Was Thursday: A Nightmare,"G.K. Chesterton, Jonathan Lethem",eng,3.85,17481
764903,Cheaper by the Dozen,"Frank B. Gilbreth Jr., Ernestine Gilbreth Carey",eng,3.99,26266
2198274,The Monster of Florence,"Douglas Preston, Mario Spezi",en-US,3.72,21548
112525,Winter's Bone,Daniel Woodrell,eng,3.92,18306
30243,"Seduced by Moonlight (Merry Gentry, #3)",Laurell K. Hamilton,eng,4.05,26388
1297150,"Sword Song (The Saxon Stories, #4)",Bernard Cornwell,en-US,4.28,17106
1734639,Deceptively Delicious: Simple Secrets to Get Your Kids Eating Good Food,Jessica Seinfeld,en-US,3.39,17837
228534,The Weight of Water,Anita Shreve,eng,3.62,21394
16062210,"Music of the Heart (Runaway Train, #1)",Katie Ashley,eng,4.0,32013
41951,Scarlet Feather,Maeve Binchy,eng,3.93,20948
16070018,"Truth (Consequences, #2)",Aleatha Romig,eng,4.38,25472
34503,"The Last Hero (Discworld, #27; Rincewind #7)","Terry Pratchett, Paul Kidby",eng,4.15,22537
83539,Fantastic Voyage,Isaac Asimov,,3.89,20415
11472,We Wish to Inform You That Tomorrow We Will Be Killed with Our Families,Philip Gourevitch,en-US,4.3,18716
12611073,The Harbinger: The Ancient Mystery that Holds the Secret of America's Future,Jonathan Cahn,,3.93,15063
16248078,"The English Girl (Gabriel Allon, #13)",Daniel Silva,eng,4.08,15292
8296140,Clara and Mr. Tiffany,Susan Vreeland,,3.71,23459
18295852,The Geography of You and Me,Jennifer E. Smith,eng,3.68,22368
7991200,"Angel (Angel, #1)",L.A. Weatherly,eng,3.89,22262
11254850,"Seeds of Rebellion (Beyonders, #2)",Brandon Mull,eng,4.25,20291
82751,Chinese Cinderella: The True Story of an Unwanted Daughter,Adeline Yen Mah,en-US,4.04,21410
14785,"Chosen Prey (Lucas Davenport, #12)",John Sandford,en-US,4.23,20176
8320534,Raymond E. Feist's Magician Master,"Bryan J.L. Glass, Tim Seeley, Hugo Petrus, Raymond E. Feist",,4.43,18430
31140847,Bossman,Vi Keeland,eng,4.25,24354
2880715,The Black Dagger Brotherhood: An Insider's Guide,J.R. Ward,eng,4.32,26144
6120349,"Locke & Key, Vol. 2: Head Games","Joe Hill, Gabriel Rodríguez",eng,4.36,22505
91247,"Ramona and Her Father (Ramona, #4)","Beverly Cleary, Alan Tiegreen",eng,4.02,22181
49596,The Secret Adversary (Tommy and Tuppence #1),Agatha Christie,eng,3.82,20457
53413,Hopscotch,"Julio Cortázar, Gregory Rabassa",eng,4.25,10309
9635495,"Fallen (Will Trent, #5)",Karin Slaughter,eng,4.23,19777
25689074,"Stars Above (The Lunar Chronicles, #4.5)",Marissa Meyer,eng,4.27,29333
1207904,Clapton: The Autobiography,Eric Clapton,en-US,3.81,16369
647,No Logo,Naomi Klein,en-US,3.86,18792
43927,No Second Chance,Harlan Coben,eng,4.05,18799
7748,Fear and Loathing on the Campaign Trail '72,Hunter S. Thompson,en-US,4.1,15306
764434,Shroud for a Nightingale (Adam Dalgliesh #4),P.D. James,eng,4.04,18044
21853633,"First Frost (Waverley Family, #2)",Sarah Addison Allen,eng,3.95,20936
223380,Stories of Your Life and Others,Ted Chiang,eng,4.27,16252
53926,Travesuras de la niña mala,Mario Vargas Llosa,spa,4.04,11707
6449290,The Girl Who Fell from the Sky,Heidi W. Durrow,en-US,3.6,19139
4031,Lunar Park,Bret Easton Ellis,,3.6,16431
32523,"Hide (Detective D.D. Warren, #2)",Lisa Gardner,eng,4.14,21892
969177,Ayat-Ayat Cinta,Habiburrahman El-Shirazy,ind,3.81,12345
29519514,"Broken Prince (The Royals, #2)",Erin Watt,eng,4.11,21901
16054811,Manuscript Found in Accra,"Paulo Coelho, Margaret Jull Costa",en-US,3.8,14318
9296438,Save Me,Lisa Scottoline,,3.63,20168
52640,Weaveworld,Clive Barker,eng,4.13,19251
170650,"Loves Music, Loves to Dance",Mary Higgins Clark,eng,3.89,21880
215542,"The Rivers of Zadaa (Pendragon, #6)",D.J. MacHale,eng,4.19,20264
11227040,"Sweet Dreams (Colorado Mountain, #2)",Kristen Ashley,en-GB,4.42,34766
133486,Nicholas and Alexandra,Robert K. Massie,eng,4.25,17709
12275680,"Wicked Business (Lizzy & Diesel, #2)",Janet Evanovich,eng,3.76,24162
16054808,Escape from Mr. Lemoncello's Library (Mr. Lemoncello's Library #1),Chris Grabenstein,eng,4.13,21376
17208,Friday,Robert A. Heinlein,eng,3.82,21388
6926176,"Her Mother's Hope (Marta's Legacy, #1)",Francine Rivers,en-US,4.28,18257
97860,Tuesday,David Wiesner,,4.17,21366
19707,"Red Rabbit (Jack Ryan Universe, #3)",Tom Clancy,eng,3.64,19287
13986,"Arrows of the Queen (Heralds of Valdemar, #1)",Mercedes Lackey,en-US,4.16,26844
424,Slouching Towards Bethlehem,Joan Didion,,4.24,17787
43917,"Rise of a Merchant Prince (The Serpentwar Saga, #2)",Raymond E. Feist,,4.02,20661
7285498,"Angelfire (Angelfire, #1)",Courtney Allison Moulton,en-US,3.93,27704
12070846,Mile 81,Stephen King,eng,3.62,14213
446,The Brooklyn Follies,Paul Auster,eng,3.81,15635
277191,"The Ironwood Tree (The Spiderwick Chronicles, #4)","Holly Black, Tony DiTerlizzi",eng,3.92,27293
159582,The Yearling,Marjorie Kinnan Rawlings,eng,3.99,21797
13561164,"Dare You To (Pushing the Limits, #2)",Katie McGarry,eng,4.18,32490
6952423,I Am Ozzy,"Ozzy Osbourne, Chris Ayres",en-US,4.05,16922
11077,The Sex Lives of Cannibals: Adrift in the Equatorial Pacific,J. Maarten Troost,eng,3.87,16954
10445208,"Touch of Power (Healer, #1)",Maria V. Snyder,en-US,4.17,29747
5158,A Virtuous Woman,Kaye Gibbons,eng,3.67,21311
59819,"Tears of the Moon (Gallaghers of Ardmore / Irish Trilogy, #2)",Nora Roberts,en-US,4.19,24613
8968,"The Vampire Prince (Cirque Du Freak, #6)",Darren Shan,,4.23,20877
291356,"The Sapphire Rose (The Elenium, #3)",David Eddings,eng,3.98,23232
24452249,Did You Ever Have a Family,Bill Clegg,eng,3.81,17129
33813,The Gold Coast,Nelson DeMille,,4.06,18616
781844,On Death and Dying,Elisabeth Kübler-Ross,eng,4.15,17937
23346918,"14th Deadly Sin (Women’s Murder Club, #14)","James Patterson, Maxine Paetro",eng,3.99,12823
827412,"It Happened One Autumn (Wallflowers, #2)",Lisa Kleypas,eng,4.15,30993
2833172,"Scarpetta (Kay Scarpetta, #16)",Patricia Cornwell,en-US,3.72,21975
21681,"Darkness, Take My Hand (Kenzie & Gennaro, #2)",Dennis Lehane,eng,4.17,19019
239103,"Siege of Darkness (Forgotten Realms: Legacy of the Drow, #3; Legend of Drizzt, #9)",R.A. Salvatore,en-US,4.15,17410
9917945,"Perfect (Impulse, #2)",Ellen Hopkins,en-US,4.35,21089
17201095,"Play with Me (With Me in Seattle, #3)",Kristen Proby,eng,4.33,32132
268604,"Portrait in Death (In Death, #16)",J.D. Robb,eng,4.37,24958
17316075,"Second Chance Boyfriend (One Week Girlfriend, #2)",Monica  Murphy,eng,4.06,30299
184040,"Y: The Last Man, Vol. 4: Safeword (Y: The Last Man, #4)","Brian K. Vaughan, Pia Guerra, Goran Parlov, José Marzán Jr.",eng,4.25,22207
18668066,The Collector,Nora Roberts,eng,3.92,15888
8088,Sunshine,Robin McKinley,en-US,3.85,27918
64857,"D is for Deadbeat (Kinsey Millhone, #4)",Sue Grafton,eng,3.85,26075
10846336,Salvage the Bones,Jesmyn Ward,eng,3.81,18505
22611920,"The Hook Up (Game On, #1)",Kristen Callihan,eng,4.04,27915
14069,"Throne of Jade (Temeraire, #2)",Naomi Novik,eng,3.89,23015
2368,Mornings on Horseback,David McCullough,en-US,4.1,18321
79426,"Y: The Last Man, Vol. 7: Paper Dolls (Y: The Last Man, #7)","Brian K. Vaughan, Pia Guerra, Goran Sudžuka, José Marzán Jr.",eng,4.25,22220
92160,London,Edward Rutherfurd,en-US,4.06,18902
16116760,"Silence (Silence, #1)",Natasha Preston,en-US,3.93,13042
20309175,My True Love Gave to Me: Twelve Holiday Stories,"Stephanie Perkins, Holly Black, Ally Carter, Matt de la Pena, Gayle Forman, Jenny Han, David Levithan, Kelly Link, Myra McEntire, Rainbow Rowell, Laini Taylor, Kiersten White",eng,3.73,22480
20509356,"Sand Omnibus (Sand, #1-5)",Hugh Howey,eng,3.96,14612
18616975,"Off to Be the Wizard (Magic 2.0, #1)",Scott  Meyer,eng,3.98,12885
659388,Nobody's Fool,Richard Russo,eng,4.12,18392
66370,Rage,"Richard Bachman, Stephen King",eng,3.8,21746
28407,"Germinal (Les Rougon-Macquart, #13)","Émile Zola, Roger Pearson",eng,4.09,19325
13573795,"Ceaseless (Existence Trilogy, #3)",Abbi Glines,eng,4.2,27823
11076177,The Cat's Table,Michael Ondaatje,eng,3.59,16631
76740,The Demolished Man,Alfred Bester,eng,3.99,20685
9578590,"Lost in Time (Blue Bloods, #6)",Melissa de la Cruz,eng,4.05,23154
199786,"Ninth Key (The Mediator, #2)",Meg Cabot,eng,4.07,29922
693172,Twilight Eyes,Dean Koontz,,3.86,20694
25644437,"Find Her (Detective D.D. Warren, #8)",Lisa Gardner,eng,4.12,15957
16122034,"Frigid (Frigid, #1)","J. Lynn, Jennifer L. Armentrout",eng,3.79,32611
16532,Of Love and Shadows,"Isabel Allende, Margaret Sayers Peden",eng,3.96,15919
6202556,"The Evolution of Calpurnia Tate (Calpurnia Tate, #1)",Jacqueline Kelly,en-US,3.97,22291
3678651,"Bad Girls Don't Die (Bad Girls Don't Die, #1)",Katie Alender,eng,4.07,18862
41707,"Atlantis Found (Dirk Pitt, #15)",Clive Cussler,eng,3.96,19102
4070095,Asterios Polyp,David Mazzucchelli,eng,4.19,19635
651260,"Domes of Fire (The Tamuli, #1)",David Eddings,,3.98,22206
138397,"The Walking Dead, Vol. 04: The Heart's Desire","Robert Kirkman, Charlie Adlard, Cliff Rathburn",eng,4.23,21488
6277410,"The Stonekeeper's Curse (Amulet, #2)",Kazu Kibuishi,eng,4.33,21461
13066,Sick Puppy,Carl Hiaasen,eng,3.88,18248
24818,The Days Are Just Packed: A Calvin and Hobbes Collection,Bill Watterson,en-US,4.68,19143
3253215,"An Illustrated Life: Drawing Inspiration From The Private Sketchbooks Of Artists, Illustrators And Designers",Danny Gregory,,3.72,15601
13154933,"Odd Apocalypse (Odd Thomas, #5)",Dean Koontz,eng,3.93,16063
80369,Discipline and Punish: The Birth of the Prison,"Michel Foucault, Alan Sheridan, Thomas Mathiesen, Walter Seitter, Drago Braco Rotar",eng,4.21,16892
215631,Pay It Forward,Catherine Ryan Hyde,eng,4.15,18220
40168,The Creative License: Giving Yourself Permission to Be The Artist You Truly Are,Danny Gregory,,3.93,18139
569346,"Full Moon o Sagashite, Vol. 1","Arina Tanemura, Tomo Kimura",eng,4.06,19443
68531,"The Archer's Tale (The Grail Quest, #1)",Bernard Cornwell,eng,4.12,16032
12535,Plan B: Further Thoughts on Faith,Anne Lamott,,4.05,18056
62212,In the Company of the Courtesan,Sarah Dunant,eng,3.76,19614
13630171,"The Skull Throne (Demon Cycle, #4)",Peter V. Brett,eng,4.14,15946
84133,"Devil May Cry (Dark-Hunter, #11)",Sherrilyn Kenyon,eng,4.32,30249
30002998,Two By Two,Nicholas Sparks,eng,3.9,27691
96081,Sea Glass,Anita Shreve,eng,3.65,19585
248470,"River Secrets (The Books of Bayern, #3)",Shannon Hale,,4.03,27399
18404285,"Be Careful What You Wish For (The Clifton Chronicles, #4)",Jeffrey Archer,eng,4.04,13714
12925063,"Inescapable (The Premonition, #1)",Amy A. Bartol,eng,4.05,25001
6918909,"Illusions (Wings, #3)",Aprilynne Pike,en-US,4.12,26291
333907,Fatal Vision,Joe McGinniss,eng,4.1,18395
1491906,Gang Leader for a Day: A Rogue Sociologist Takes to the Streets,Sudhir Venkatesh,,4.01,15387
43915,Magician: Apprentice  (Raymond E. Feist's Magician: Apprentice #1),"Raymond E. Feist, Michael Avon Oeming, Bryan J.L. Glass, Ryan Stegman",eng,4.44,17782
183554,Developing the Leader Within You,John C. Maxwell,,4.18,15817
100933,"That Hideous Strength (Space Trilogy, #3)",C.S. Lewis,en-GB,3.87,19866
18652002,The Bees,Laline Paull,eng,3.67,15848
2458340,Ape House,Sara Gruen,eng,3.46,21093
18884,Polgara the Sorceress (Malloreon),"David Eddings, Leigh Eddings",,4.07,22802
22674105,China Rich Girlfriend (Crazy Rich Asians #2),Kevin Kwan,eng,3.74,17708
216304,A Woman After God's Own Heart,Elizabeth George,eng,4.29,16200
206195,"State of the Union (Scot Harvath, #3)",Brad Thor,eng,4.2,16466
15793186,The Good House,Ann Leary,en-GB,3.66,16490
14362,"Bless Me, Ultima",Rudolfo Anaya,en-US,3.74,18380
9913,Glamorama,Bret Easton Ellis,eng,3.47,14947
169211,"F is for Fugitive (Kinsey Millhone, #6)",Sue Grafton,eng,3.9,24842
2033352,"The Redeemer (Harry Hole, #6)",Jo Nesbø,dan,4.07,9337
61264,Silk,Alessandro Baricco,en-US,3.82,14555
7963208,A Secret Kept,Tatiana de Rosnay,eng,3.33,19079
27530,"The Remnant (Left Behind, #10)","Tim LaHaye, Jerry B. Jenkins",en-US,4.01,18785
9804,The Baron in the Trees,"Italo Calvino, Archibald Colquhoun",eng,4.06,13221
11450360,"Twilight: The Graphic Novel, Vol. 2  (Twilight: The Graphic Novel, #2)","Stephenie Meyer, Young Kim",en-US,4.26,19795
18468559,"Raw (RAW Family, #1)",Belle Aurora,eng,4.23,19180
5367,"The Great Book of Amber (The Chronicles of Amber, #1-10)",Roger Zelazny,eng,4.31,20748
7519472,The Darkest Lie (Lords of the Underworld #6),Gena Showalter,eng,4.32,27343
68453,"Czas pogardy (Saga o Wiedźminie, #4)",Andrzej Sapkowski,pol,4.32,11551
11382346,"That Boy (That Boy, #1)",Jillian Dodd,eng,3.96,20981
12384157,The Dressmaker,Kate Alcott,eng,3.44,20464
16006,"Paradise (Second Opportunities, #1)",Judith McNaught,eng,4.32,24363
525995,Jumanji,Chris Van Allsburg,en-US,4.03,21961
341735,Replay,Ken Grimwood,en-US,4.16,18019
9827912,Incognito: The Secret Lives of the Brain,David Eagleman,eng,3.98,11957
22543,Death by Black Hole - And Other Cosmic Quandaries,Neil deGrasse Tyson,eng,4.11,9815
133445,The Edible Woman,Margaret Atwood,,3.67,21440
17977,The Ancestor's Tale: A Pilgrimage to the Dawn of Evolution,Richard Dawkins,en-US,4.13,16775
18584855,Heartless,Marissa Meyer,eng,4.06,33348
128092,"The Pigman (The Pigman, #1)",Paul Zindel,eng,3.58,21278
39026,"Deep Storm (Jeremy Logan, #1)",Lincoln Child,eng,3.87,18413
9397967,"Abandon (Abandon, #1)",Meg Cabot,eng,3.71,30934
97898,"The Full Cupboard of Life (No. 1 Ladies' Detective Agency, #5)",Alexander McCall Smith,eng,4.02,23089
263179,"How to Marry a Millionaire Vampire (Love at Stake, #1)",Kerrelyn Sparks,eng,3.85,27854
105548,The Foot Book: Dr. Seuss's Wacky Book of Opposites (Bright and Early Board Books),Dr. Seuss,eng,3.99,22268
17831616,"Beautiful Bitch (Beautiful Bastard, #1.5)",Christina Lauren,en-US,3.94,31616
1166131,"The Recruit (Cherub, #1)",Robert Muchamore,eng,4.22,19679
327242,Anatomy for the Artist,Sarah Simblet,en-US,3.97,17000
38412,Fermat's Enigma: The Epic Quest to Solve the World's Greatest Mathematical Problem,Simon Singh,eng,4.22,15738
161361,"The Christmas Box (The Christmas Box, #1)",Richard Paul Evans,eng,3.95,18869
8046350,"My Blood Approves (My Blood Approves, #1)",Amanda Hocking,eng,3.83,21707
18341046,"Until November (Until, #1)",Aurora Rose Reynolds,eng,4.16,33606
49011,The Bloody Chamber and Other Stories,Angela Carter,eng,4.02,20438
86856,A Cook's Tour: Global Adventures in Extreme Cuisines,Anthony Bourdain,eng,3.97,16719
19797,The Power of Art,Simon Schama,en-US,3.87,13423
20257122,"Finding Me: A Decade of Darkness, a Life Reclaimed - A Memoir of the Cleveland Kidnappings","Michelle Knight, Michelle Burford",eng,4.12,12653
98405,"Born in Shame (Born In Trilogy, #3)",Nora Roberts,en-GB,4.07,24398
7797874,"Return to Paradise (Leaving Paradise, #2)",Simone Elkeles,eng,4.05,29043
18336965,My Heart and Other Black Holes,Jasmine Warga,eng,4.02,22311
22693211,Girl in a Band,Kim Gordon,eng,3.58,14491
2272813,"Ninth Grade Slays (The Chronicles of Vladimir Tod, #2)",Heather Brewer,en-US,4.14,20198
6526,"Book of the Dead (Kay Scarpetta, #15)",Patricia Cornwell,en-US,3.63,20962
588138,The Hero With a Thousand Faces,Joseph Campbell,eng,4.24,17920
7713965,"Bad Blood (Virgil Flowers, #4)",John Sandford,eng,4.21,18504
8964,"Jesus Freaks: Stories of Those Who Stood for Jesus, the Ultimate Jesus Freaks (Jesus Freaks, #1)","D.C. Talk, The Voice of the Martyrs",eng,4.2,17602
15811496,Cooked: A Natural History of Transformation,Michael Pollan,eng,3.98,16078
47956,Daughter of the Blood (The Black Jewels #1),Anne Bishop,eng,4.12,25432
9265891,"The Lost Gate (Mither Mages, #1)",Orson Scott Card,en-US,3.82,18235
18142329,"Police (Harry Hole, #10)","Jo Nesbø, Don Bartlett",eng,4.22,14495
31342,"Vittorio, The Vampire (New Tales of the Vampires, #2)",Anne Rice,eng,3.5,21402
568592,"Fushigi Yûgi: The Mysterious Play, Vol. 1: Priestess","Yuu Watase, Yuji Oniki",eng,4.08,18060
1951125,"The Lace Reader (The Lace Reader, #1)",Brunonia Barry,eng,3.46,20534
43818,Anne Rice's The Tale of the Body Thief (A Graphic Novel),"Faye Perozich, Travis Moore, Michael Halbleib, Daerick Gröss, Anne Rice",eng,4.07,20511
52873,The Lone Ranger and Tonto Fistfight in Heaven,Sherman Alexie,en-US,4.09,18793
30226,"A Stroke of Midnight (Merry Gentry, #4)",Laurell K. Hamilton,en-US,4.06,26783
31176886,The Chemist,Stephenie Meyer,eng,3.69,25188
139254,"Empress Orchid (Empress Orchid, #1)",Anchee Min,en-US,3.87,17318
6359434,And Another Thing...,Eoin Colfer,eng,3.53,19685
181116,"Monday Mourning (Temperance Brennan, #7)",Kathy Reichs,en-US,4.02,22505
17231976,"Damaged (Damaged, #1)",H.M. Ward,eng,3.93,26073
444381,"The Princess and the Goblin  (Princess Irene and Curdie, #1)","George MacDonald, Arthur Hughes",eng,4.0,21200
9606002,"The Preacher (Patrik Hedström, #2)","Camilla Läckberg, Steven T. Murray",,3.76,15851
310272,There's a Wocket in My Pocket!,Dr. Seuss,en-GB,4.02,23852
64955,Midnight,Dean Koontz,,3.81,19838
1402668,The Gatecrasher,Madeleine Wickham,en-GB,3.24,18306
822,"The Confusion (The Baroque Cycle, #2)",Neal Stephenson,en-US,4.24,17381
11275323,"Raising Steam (Discworld, #40, Moist von Lipwig #3 )",Terry Pratchett,eng,3.93,17613
17165932,"Independent Study (The Testing, #2)",Joelle Charbonneau,eng,3.97,20593
24940998,"X (Kinsey Millhone, #24)",Sue Grafton,eng,3.88,13353
13821,Lord of Light,"Roger Zelazny, Sönmez Güven",en-US,4.1,20227
194755,Esio Trot,"Roald Dahl, Quentin Blake",eng,3.74,22062
102461,"Hellboy, Vol. 3: The Chained Coffin and Others (Hellboy, #3)",Mike Mignola,eng,4.21,16485
21727,A Simple Plan,Scott B. Smith,,3.91,18628
3188186,"Run for Your Life (Michael Bennett, #2)","James Patterson, Michael Ledwidge",eng,4.0,19848
428,Play It as It Lays,"Joan Didion, David Thomson",eng,3.86,17411
125926,"Dime Store Magic (Women of the Otherworld, #3)",Kelley Armstrong,eng,4.07,26456
77504,"Blue Mars (Mars Trilogy, #3)",Kim Stanley Robinson,eng,3.92,19500
4006,The Valkyries,"Paulo Coelho, Alan R. Clarke",eng,3.3,14364
19561922,"The Long Way Home (Chief Inspector Armand Gamache, #10)",Louise Penny,eng,4.06,16625
6665671,Please Ignore Vera Dietz,A.S. King,eng,3.91,21728
256598,"Curse of the Bane (The Last Apprentice / Wardstone Chronicles, #2)","Joseph Delaney, Patrick  Arrasmith",,4.1,18513
395851,"The Struggle (The Vampire Diaries, #2)",L.J. Smith,eng,3.5,23840
112755,"The Dark Highlander (Highlander, #5)",Karen Marie Moning,eng,4.31,27639
112752,"The Immortal Highlander (Highlander, #6)",Karen Marie Moning,eng,4.34,27065
25307,"No god but God: The Origins, Evolution and Future of Islam",Reza Aslan,eng,4.13,15410
216377,"VALIS (VALIS Trilogy, #1)",Philip K. Dick,eng,3.94,17305
457264,The Second Sex,"Simone de Beauvoir, H.M. Parshley, Deirdre Bair",eng,4.09,18648
15703770,"The Runaway King (The Ascendance Trilogy, #2)",Jennifer A. Nielsen,eng,4.23,24032
28481,"Dragon Wing (The Death Gate Cycle, #1)","Margaret Weis, Tracy Hickman",en-US,3.93,20720
4987,Jailbird,Kurt Vonnegut Jr.,eng,3.81,15643
156532,"Y: The Last Man, Vol. 9: Motherland (Y: The Last Man, #9)","Brian K. Vaughan, Pia Guerra, Goran Sudžuka, José Marzán Jr.",eng,4.27,20511
3973,"Ilium (Ilium, #1)",Dan Simmons,eng,4.01,19242
22554204,"Lumberjanes, Vol. 1: Beware the Kitten Holy","Noelle Stevenson, Grace Ellis, Shannon Waters, Shannon Watters, Brooke A. Allen, Faith Hicks, Kat Leyh, Brooke Allen, Carolyn Nowak, Various, Carey Pietsch",eng,3.94,30604
923950,The Highly Sensitive Person: How to Thrive When the World Overwhelms You,Elaine N. Aron,eng,3.87,19447
1774836,The Palace of Illusions,Chitra Banerjee Divakaruni,en-US,4.11,16304
147602,The First American: The Life and Times of Benjamin Franklin,H.W. Brands,eng,4.09,15323
136638,"Dance of Death (Pendergast, #6; Diogenes, #2)","Douglas Preston, Lincoln Child",eng,4.16,19812
6393972,"This World We Live In (Last Survivors, #3)",Susan Beth Pfeffer,en-US,3.81,23711
1493253,"Hunter x Hunter, Vol. 01 (Hunter x Hunter, #1)","Yoshihiro Togashi, 冨樫 義博",eng,4.43,18244
132778,"Vengeance in Death (In Death, #6)",J.D. Robb,eng,4.34,24839
77773,"To Say Nothing of the Dog (Oxford Time Travel, #2)",Connie Willis,eng,4.13,23197
7646805,"The Gift (Witch & Wizard, #2)","James Patterson, Ned Rust",,3.78,17070
7679,The Terminal Man,Michael Crichton,eng,3.34,19072
18337259,"A Game of Thrones: Comic Book, Issue 1","Daniel Abraham, George R.R. Martin, Tommy Patterson",eng,4.65,18667
6087756,"White Cat (Curse Workers, #1)",Holly Black,eng,3.81,29444
11437,Where I'm Calling From: New and Selected Stories,Raymond Carver,en-US,4.42,16617
26999,"Something Rotten (Thursday Next, #4)",Jasper Fforde,eng,4.15,24526
8318666,"The Land of Painted Caves (Earth's Children, #6)",Jean M. Auel,eng,3.24,19300
534255,Autobiography of a Face,Lucy Grealy,en-GB,3.96,18982
22465597,Vanishing Girls,Lauren Oliver,en-CA,3.59,19508
141019,Snow White and the Seven Dwarfs (Little Golden Book),Walt Disney Company,,4.18,20021
7355137,"Darke (Septimus Heap, #6)","Angie Sage, Mark Zug",eng,4.23,21322
7528717,The Wimpy Kid Movie Diary (Diary of a Wimpy Kid),Jeff Kinney,en-US,4.16,15956
80616,The Thin Man,Dashiell Hammett,eng,3.97,20535
178813,Trading Up,Candace Bushnell,eng,3.2,15604
234489,"The Uplift War (The Uplift Saga, #3)",David Brin,en-US,4.06,20217
13881,"Rage of a Demon King (The Serpentwar Saga, #3)",Raymond E. Feist,en-US,4.02,19206
395182,Lucky Jim,"Kingsley Amis, David Lodge",eng,3.79,17448
21721,"A Faint Cold Fear (Grant County, #3)",Karin Slaughter,en-US,4.12,18827
23846013,"The Rose Society (The Young Elites, #2)",Marie Lu,eng,4.11,27655
276342,Angel Falls,Kristin Hannah,,3.9,17886
5168517,Waiting For You,Susane Colasanti,eng,3.84,20236
18775365,The Short and Tragic Life of Robert Peace: A Brilliant Young Man Who Left Newark for the Ivy League,Jeff Hobbs,eng,4.13,14451
298137,Mao's Last Dancer,Li Cunxin,,4.12,16340
5422154,"The Neighbor (Detective D.D. Warren, #3)",Lisa Gardner,eng,4.08,19985
2202230,"Y: The Last Man, Vol. 10: Whys and Wherefores (Y: The Last Man, #10)","Brian K. Vaughan, Pia Guerra, José Marzán Jr.",eng,4.34,19916
840278,"Eon (The Way, #1)",Greg Bear,en-US,3.86,18373
25776122,The Summer Before the War,Helen Simonson,eng,3.79,17350
612188,"Memories, Dreams, Reflections","C.G. Jung, Aniela Jaffé, Richard Winston, Clara Winston",eng,4.19,16810
7121598,"Bullet (Anita Blake, Vampire Hunter #19)",Laurell K. Hamilton,en-US,3.82,25388
8533018,"The Scottish Prisoner (Lord John Grey, #3)",Diana Gabaldon,eng,4.19,17459
199785,"Reunion (The Mediator, #3)",Meg Cabot,eng,4.09,28944
10706934,بيكاسو وستاربكس,ياسر حارب,ara,3.55,16117
26101,Laughable Loves,"Milan Kundera, Suzanne Rappaport",eng,3.86,12984
110387,"The Secret Diaries of Miss Miranda Cheever (Bevelstoke, #1)",Julia Quinn,eng,3.93,25533
89959,The Constitution of the United States of America,Founding Fathers,,4.54,16863
103902,Gustav Klimt: 1862-1918,Gilles Néret,,4.12,15611
31072,Under the Volcano,Malcolm Lowry,eng,3.8,15832
20894857,Sleep Tight,Rachel Abbott,eng,3.98,10894
824734,"Dinosaurs Before Dark (Magic Tree House, #1)","Mary Pope Osborne, Salvatore Murdocca",eng,3.87,22533
20417,Have Space Suit—Will Travel,Robert A. Heinlein,eng,3.89,20260
43049,The Sea Wolf,Jack London,eng,4.01,16488
23224,"Darkest Hour (The Mediator, #4)",Meg Cabot,eng,4.16,28104
10767466,Hark! A Vagrant,Kate Beaton,eng,4.27,20587
16059,The Dive From Clausen's Pier,Ann Packer,eng,3.41,18445
53061,Death in Venice,"Thomas Mann, Michael Henry Heim, Michael Cunningham",eng,3.73,17168
206731,The Tibetan Book of Living and Dying,"Sogyal Rinpoche, Andrew Harvey",,4.22,17170
7973,Enchantment,Orson Scott Card,,3.89,21889
175516,The Fall of the House of Usher,Edgar Allan Poe,eng,3.92,26468
4415692,"The Soldiers of Halla (Pendragon, #10)",D.J. MacHale,en-US,4.27,19502
301022,"The Boyfriend List: 15 Guys, 11 Shrink Appointments, 4 Ceramic Frogs and Me, Ruby Oliver (Ruby Oliver, #1)",E. Lockhart,en-US,3.49,22687
5872,"Regeneration (Regeneration, #1)",Pat Barker,en-GB,4.03,17126
18668485,"The Initiate (Divergent, #0.2)",Veronica Roth,eng,4.2,15505
133729,Lucky Man,Michael J. Fox,eng,4.06,16862
17645,The Penelopiad,Margaret Atwood,en-US,3.66,21731
6390031,The Improbable Adventures of Sherlock Holmes,"John Joseph Adams, Robert J. Sawyer, Stephen King, Michael Moorcock, Sharyn McCrumb, Stephen Baxter, Anne Perry, Barbara Hambly, Tanith Lee, Neil Gaiman, Rob Rogers, Naomi Novik, Anthony Burgess, Dominic Green, Laurie R. King, Barbara Roden, Peter Tremayne, Tim Lebbon, Bradley H. Sinor, Edward D. Hoch, Vonda N. McIntyre, Darrell Schweitzer, Mary Robinette Kowal, H.Paul Jeffers, Geoffrey A. Landis, Amy Myers, Tony Pi, Chris Roberson, Mark Valentine",eng,4.37,16405
192341,The Starter Wife,Gigi Levangie Grazer,,3.51,17173
167010,"Fables, Vol. 2: Animal Farm","Bill Willingham, Mark Buckingham, Steve Leialoha, James Jean",eng,4.12,23951
464260,The Fire Next Time,"James     Baldwin, Kıvanç Güney",eng,4.45,19816
191117,Don't Let the Pigeon Stay Up Late!,Mo Willems,en-US,4.35,25532
22358,We3,"Grant Morrison, Frank Quitely",eng,3.95,18822
93731,"Princess in Pink (The Princess Diaries, #5)",Meg Cabot,eng,3.69,27057
2051840,"The Coffin Club (Vampire Kisses, #5)",Ellen Schreiber,eng,4.06,22257
11376,Main Street,Sinclair Lewis,eng,3.75,19040
20829994,Percy Jackson's Greek Gods (A Percy Jackson and the Olympians Guide),"Rick Riordan, John Rocco",eng,4.51,24718
16178,"Dairy Queen (Dairy Queen, #1)",Catherine Gilbert Murdock,eng,3.73,23306
10756240,Telegraph Avenue,Michael Chabon,eng,3.36,15614
5764902,"Undone (Will Trent, #3)",Karin Slaughter,eng,4.24,17871
23014670,The Book of Speculation,Erika Swyler,eng,3.59,17345
6726595,"Flirt (Anita Blake, Vampire Hunter #18)",Laurell K. Hamilton,en-US,3.7,26325
59825,"Inner Harbor (Chesapeake Bay Saga, #3)",Nora Roberts,eng,4.16,23833
6559316,"Bite Me (A Love Story, #3)",Christopher Moore,en-US,3.85,20914
228765,Zen of Seeing: Seeing/Drawing as Meditation,Frederick Franck,,3.92,14748
147843,"Green Rider (Green Rider, #1)",Kristen Britain,eng,4.09,24006
61942,"The Dragonriders of Pern (Dragonriders of Pern, #1-3)",Anne McCaffrey,,4.22,18896
18079683,"Boy, Snow, Bird",Helen Oyeyemi,eng,3.34,17667
64860,"E is for Evidence (Kinsey Millhone, #5)",Sue Grafton,,3.88,24206
9628743,"The Social Animal: The Hidden Sources of Love, Character, and Achievement",David  Brooks,eng,3.83,15378
7140754,Solar,Ian McEwan,eng,3.23,17333
61539,The Structure of Scientific Revolutions,Thomas S. Kuhn,eng,3.98,15950
44001,Small Island,Andrea Levy,en-US,3.89,17205
28220985,"A Great Reckoning (Chief Inspector Armand Gamache, #12)",Louise Penny,eng,4.46,13563
43327,The Sky is Falling,Sidney Sheldon,eng,3.54,15345
255127,The Fifth Discipline: The Art & Practice of The Learning Organization,Peter M. Senge,,3.93,20935
30672,Darkness at Noon,"Arthur Koestler, Daphne Hardy",eng,4.06,16818
8341567,"The Perfect Play (Play by Play, #1)",Jaci Burton,en-US,3.93,31260
763047,Straight Talking,Jane Green,,3.63,17917
112292,"Dauntless (The Lost Fleet, #1)",Jack Campbell,,3.93,19074
61886,"The Curse of Chalion (World of the Five Gods, #1)",Lois McMaster Bujold,eng,4.16,21007
80534,Me & Emma,Elizabeth Flock,,3.9,16975
114187,"Chesapeake Blue (Chesapeake Bay Saga, #4)",Nora Roberts,en-US,4.17,23925
6472451,Ash,Malinda Lo,en-US,3.62,14513
6489529,"The Burning Land (The Saxon Stories, #5)",Bernard Cornwell,eng,4.29,15373
199687,"Second Helpings (Jessica Darling, #2)",Megan McCafferty,eng,4.08,23180
134360,Diane Arbus: Monograph,"Diane Arbus, Stan Grossfeld, Doon Arbus, Marvin Israel",,4.0,14769
253106,"The Earth, My Butt, and Other Big Round Things",Carolyn Mackler,eng,3.77,21129
12194,Lord Jim,Joseph Conrad,eng,3.61,19113
225545,A Color of His Own,Leo Lionni,,4.25,17617
79257,Don't Panic: The Official Hitchhiker's Guide to the Galaxy Companion,Neil Gaiman,eng,4.31,18015
542752,"Things Not Seen (Things, #1)",Andrew Clements,en-GB,3.88,21478
19747756,House,"Frank E. Peretti, Ted Dekker",eng,3.6,17813
13638125,"Vicious (Villains, #1)","V.E. Schwab, Victoria Schwab",eng,4.25,23613
41706,"Raise the Titanic! (Dirk Pitt, #4)",Clive Cussler,eng,3.96,18945
45432,The Supernaturalist,Eoin Colfer,en-US,3.85,23010
199782,"Queen of Babble in the Big City (Queen of Babble, #2)",Meg Cabot,eng,3.77,24000
420404,Yertle the Turtle and Other Stories,Dr. Seuss,eng,4.13,24972
13628812,The Rent Collector,Camron Wright,eng,4.23,16153
19661,Family Matters,Rohinton Mistry,eng,3.99,16790
132900,The Happiest Baby on the Block: The New Way to Calm Crying and Help Your Newborn Baby Sleep Longer,Harvey Karp,eng,3.92,13035
20803962,"Until You (Fall Away, #1.5)","Penelope Douglas, Nelson Hobbs",,4.36,16757
6765740,Perahu Kertas,Dee Lestari,ind,3.94,13927
1025250,Schooled,Gordon Korman,en-US,3.82,20411
13193855,It Starts with Food: Discover the Whole30 and Change Your Life in Unexpected Ways,"Dallas Hartwig, Melissa Hartwig",en-US,4.09,13643
430968,Merle's Door: Lessons from a Freethinking Dog,Ted Kerasote,en-US,4.18,14953
141372,"Brian's Winter (Brian's Saga, #3)",Gary Paulsen,en-US,3.98,16861
11208,How the García Girls Lost Their Accents ,Julia Alvarez,eng,3.62,15231
17558817,"Be with Me (Wait for You, #2)","J. Lynn, Jennifer L. Armentrout",eng,4.15,32046
372319,"Jo's Boys (Little Women, #3)",Louisa May Alcott,eng,3.8,23877
29430007,Home (Myron Bolitar #11),Harlan Coben,eng,4.2,12183
38502,Notes of a Dirty Old Man,Charles Bukowski,eng,3.99,15443
13505130,"The Absent One (Department Q, #2)","Jussi Adler-Olsen, K.E. Semmel",eng,3.85,13479
16171272,The Good Lord Bird,James McBride,eng,3.75,14538
24963,"Greenwitch (The Dark Is Rising, #3)",Susan Cooper,eng,4.0,21364
30065,"The Walking Dead, Vol. 05: The Best Defense","Robert Kirkman, Charlie Adlard, Cliff Rathburn",en-GB,4.3,19431
321645,"Kissed by an Angel/The Power of Love/Soulmates (Kissed by an Angel, #1-3)",Elizabeth Chandler,eng,4.08,21813
18053782,"Take a Chance (Rosemary Beach, #7; Chance, #1)",Abbi Glines,eng,4.15,30690
9975779,"Portrait of a Spy (Gabriel Allon, #11)",Daniel Silva,eng,4.24,16744
501124,"One Good Turn (Jackson Brodie, #2)",Kate Atkinson,en-US,3.79,19384
768878,"Abarat (Abarat, #1)",Clive Barker,en-US,4.08,20460
35816,"2061: Odyssey Three (Space Odyssey, #3)",Arthur C. Clarke,eng,3.52,17843
84525,What Got You Here Won't Get You There: How Successful People Become Even More Successful,"Marshall Goldsmith, Mark Reiter",,3.94,14545
7187395,"The Walk (The Walk, #1)",Richard Paul Evans,en-US,4.12,16224
6619499,"Afterlife (Evernight, #4)",Claudia Gray,en-US,3.8,23780
411527,Slam,Nick Hornby,en-US,3.27,17393
9943270,"Dark Triumph (His Fair Assassin, #2)",Robin LaFevers,eng,4.15,28133
18263725,The Crossover,Kwame Alexander,eng,4.22,21249
1464757,"Edensor (Tetralogi Laskar Pelangi, #3)",Andrea Hirata,ind,4.06,11719
139087,The Line of Beauty,Alan Hollinghurst,eng,3.7,15844
9792287,The Rose Garden,Susanna Kearsley,eng,4.01,18553
65684,Monster,Frank E. Peretti,en-US,3.8,17583
93795,"The English Assassin (Gabriel Allon, #2)",Daniel Silva,en-US,4.12,16810
24475,Chuck Klosterman IV: A Decade of Curious People and Dangerous Ideas,Chuck Klosterman,en-US,3.85,13892
48019,The Effective Executive: The Definitive Guide to Getting the Right Things Done (Harperbusiness Essentials),Peter F. Drucker,,4.11,16326
23093359,"The Wicked + The Divine, Vol. 1: The Faust Act","Kieron Gillen, Jamie McKelvie, Matt Wilson, Clayton Cowles",eng,3.9,25138
17797381,Innocence,Dean Koontz,eng,3.69,13482
988950,"Dark of the Moon (Virgil Flowers, #1)",John Sandford,en-US,4.0,18708
343614,The Law of Attraction: The Basics of the Teachings of Abraham,"Esther Hicks, Jerry Hicks",,4.15,13358
16150831,"In The Afterlight (The Darkest Minds, #3)",Alexandra Bracken,eng,4.36,25788
12637490,"Goddess Interrupted (Goddess Test, #2)",Aimee Carter,eng,4.02,26286
280277,"Lucinda's Secret (The Spiderwick Chronicles, #3)","Holly Black, Tony DiTerlizzi",eng,3.87,25217
568476,"Henry Huggins (Henry Huggins, #1)","Beverly Cleary, Tracy Dockray",eng,3.97,21823
906541,Bedtime for Frances,"Russell Hoban, Garth Williams",eng,4.14,22865
328802,Totto-chan: The Little Girl at the Window,"Tetsuko Kuroyanagi, Chihiro Iwasaki, Dorothy Britton",eng,4.3,13859
22055283,"Half the World (Shattered Sea, #2)",Joe Abercrombie,eng,4.2,12396
10669,When Genius Failed: The Rise and Fall of Long-Term Capital Management,Roger Lowenstein,en-US,4.16,15619
44905,Writing Down the Bones: Freeing the Writer Within,Natalie Goldberg,eng,4.17,18477
8963,"Hunters of the Dusk (Cirque Du Freak, #7)",Darren Shan,,4.17,19326
28695,"City of Golden Shadow (Otherland, #1)",Tad Williams,eng,3.9,19334
140097,"An Ice Cold Grave (Harper Connelly, #3)",Charlaine Harris,eng,3.95,26178
337058,Jacob Have I Loved,Katherine Paterson,eng,3.64,24920
7134201,The Postcard Killers,"James Patterson, Liza Marklund",eng,3.78,18542
8230409,"Kamisama Kiss, Vol. 1","Julietta Suzuki, Tomo Kimura",eng,4.38,20569
23587984,"Maybe Not (Maybe, #1.5)",Colleen Hoover,en-US,4.14,26102
147801,"Black Water (Pendragon, #5)",D.J. MacHale,eng,4.16,19634
121648,"Five Little Pigs (Hercule Poirot, #24)",Agatha Christie,eng,3.95,19618
9265453,Embassytown,China Miéville,eng,3.86,17388
15752,By the Light of the Moon,Dean Koontz,,3.84,19276
3581,"Sherlock Holmes: The Complete Novels and Stories, Volume I",Arthur Conan Doyle,eng,4.45,17950
246225,"Strong Poison (Lord Peter Wimsey, #6)",Dorothy L. Sayers,eng,4.14,18578
77281,The Far Side Gallery,Gary Larson,eng,4.42,20022
13581990,"The Eternity Cure (Blood of Eden, #2)",Julie Kagawa,eng,4.26,27278
238125,"Holiday in Death (In Death, #7)",J.D. Robb,eng,4.31,24511
16090981,"Thief (Love Me with Lies, #3)",Tarryn Fisher,eng,4.4,28533
166562,Between a Rock and a Hard Place,Aron Ralston,en-US,3.82,14350
618177,"Legend (The Drenai Saga, #1)",David Gemmell,en-US,4.25,18260
11737313,"Three Times Lucky (Tupelo Landing, #1)",Sheila Turnage,eng,4.01,17797
23223,"Every Boy's Got One (Boy, #3)",Meg Cabot,en-GB,3.77,19771
231585,Small Sacrifices: A True Story of Passion and Murder,Ann Rule,eng,4.2,17384
25430584,The Guest Room,Chris Bohjalian,eng,3.68,14635
8044557,All My Friends Are Dead,"Avery Monsen, Jory John",eng,4.24,19423
617526,"The Six Sacred Stones (Jack West Jr, #2)",Matthew Reilly,eng,4.16,17064
534733,"Rising Tides (Chesapeake Bay Saga, #2)",Nora Roberts,en-US,4.16,23604
2879,"Bleach, Volume 15",Tite Kubo,eng,4.41,17078
35488,Cash,"Johnny Cash, Patrick   Carr",en-US,4.08,15113
115130,A Stranger In The Mirror,Sidney Sheldon,eng,3.61,15606
13067,Flush,Carl Hiaasen,en-US,3.86,20076
781787,Out of Africa,"Isak Dinesen, Karen Blixen",eng,3.96,21687
57951,"The Watchman (Elvis Cole, #11; Joe Pike, #1)",Robert Crais,en-US,4.1,17637
13530973,Antifragile: Things That Gain from Disorder,Nassim Nicholas Taleb,eng,4.04,16184
16122163,"From Ashes (From Ashes, #1)",Molly McAdams,en-GB,4.13,11196
13259270,Free Will,Sam Harris,eng,3.83,15647
24529123,This Is Where It Ends,Marieke Nijkamp,eng,3.63,23764
793399,"Stray (Shifters, #1)",Rachel Vincent,eng,3.79,29063
2285777,A Summer Affair,Elin Hilderbrand,,3.66,19033
13262061,Liar & Spy,Rebecca Stead,eng,3.81,18990
7993,"Mariel of Redwall (Redwall, #4)","Brian Jacques, Gary Chalk",,3.96,21214
5752,The Blank Slate: The Modern Denial of Human Nature,Steven Pinker,eng,4.07,15647
866136,The Dreaming Void,Peter F. Hamilton,en-US,4.18,16181
5135798,"Being Nikki (Airhead, #2)",Meg Cabot,eng,3.87,25531
104837,Antony and Cleopatra,"William Shakespeare, Cynthia Marshall, Barbara A. Mowat, Paul Werstine",eng,3.67,20594
303472,"Among the Impostors (Shadow Children, #2)",Margaret Peterson Haddix,en-US,4.05,21629
7775611,"Thirst No. 3: The Eternal Dawn (Thirst, #3)",Christopher Pike,en-US,4.14,17343
169331,Addicted,Zane,eng,4.26,13677
10677277,"Article 5 (Article 5, #1)",Kristen Simmons,en-US,3.78,23732
28212,"And the Band Played On: Politics, People, and the AIDS Epidemic","Randy Shilts, William Greider",,4.37,16769
17930773,"Found in You (Fixed, #2)",Laurelin Paige,eng,4.27,27097
1928873,"Midnight Rising (Midnight Breed, #4)",Lara Adrian,eng,4.23,26597
21719,"Kisscut (Grant County, #2)",Karin Slaughter,eng,4.12,18833
11266880,It Chooses You,"Miranda July, Brigitte Sire",eng,3.88,16044
50275,Last Exit to Brooklyn,"Hubert Selby Jr., Gilbert Sorrentino",eng,3.94,15491
53969,The Feast of the Goat,"Mario Vargas Llosa, Edith Grossman",eng,4.22,10961
318404,"Drums, Girls & Dangerous Pie (Drums, Girls & Dangerous Pie, #1)",Jordan Sonnenblick,eng,4.25,18551
21412400,The First Bad Man,Miranda July,eng,3.58,15560
28698,"To Green Angel Tower, Part 2 (Memory, Sorrow, and Thorn, #3; Part 2)",Tad Williams,eng,4.19,18356
17204860,"Jet (Marked Men, #2)",Jay Crownover,eng,4.09,32332
3656,The Sea,John Banville,eng,3.49,16558
18656055,Invisible,"James Patterson, David Ellis",eng,4.05,14518
32434,Mr. Murder,Dean Koontz,eng,3.72,19904
6933876,"Changeless (Parasol Protectorate, #2)",Gail Carriger,eng,4.0,30703
185253,The Magic of Recluce (The Saga of Recluce #1),L.E. Modesitt Jr.,eng,3.84,18879
71771,"The Bastard (Kent Family Chronicles, #1)",John Jakes,en-GB,4.09,18287
13330370,"The Last Policeman (The Last Policeman, #1)",Ben H. Winters,eng,3.76,14725
93269,Earth Abides,George R. Stewart,eng,3.96,17200
136636,Thunderhead,"Douglas Preston, Lincoln Child",eng,4.09,19704
8966,"Allies of the Night (Cirque du Freak, #8)",Darren Shan,,4.19,18649
9637479,"Dragon Bound (Elder Races, #1)",Thea Harrison,eng,4.13,29920
77395,"Rainbow Valley (Anne of Green Gables, #7)",L.M. Montgomery,eng,4.0,27353
10574,The Colorado Kid (Hard Case Crime #13),Stephen King,eng,3.28,19406
351064,The Monkey's Paw (Oxford Bookworms),"Diane Mowat, W.W. Jacobs",eng,3.85,18113
6554,Darkness,John Saul,,3.92,17338
260791,The Pursuit of Holiness,"Jerry Bridges, Foster W. Cline, Jim Fay",eng,4.28,14574
674220,"Again the Magic (Wallflowers, #0)",Lisa Kleypas,eng,4.05,24978
104219,Low Country,Anne Rivers Siddons,eng,3.96,16364
7558747,Revolution,Jennifer Donnelly,eng,4.02,20607
60229,Halo: The Fall of Reach,Eric S. Nylund,eng,4.25,14525
13241659,"Ever After (The Hollows, #11)",Kim Harrison,eng,4.45,22312
455764,Audrey Rose,Frank De Felitta,,3.86,17688
28251002,The Nix,Nathan  Hill,eng,4.12,20807
9436632,"Vanish (Firelight, #2)",Sophie Jordan,en-US,3.95,25947
24494,The Calvin and Hobbes Lazy Sunday Book,Bill Watterson,eng,4.66,18641
48037,Carmilla,J. Sheridan Le Fanu,eng,3.83,21582
47619,"Drowned Wednesday (The Keys to the Kingdom, #3)",Garth Nix,en-US,3.85,21267
82434,Saving Francesca,Melina Marchetta,eng,3.97,24398
13345975,"Avoiding Commitment (Avoiding, #1)",K.A. Linde,eng,3.85,28253
13521399,"Confessions of a Murder Suspect (Confessions, #1)","James Patterson, Maxine Paetro",eng,3.89,19223
156529,"Y: The Last Man, Vol. 6: Girl on Girl (Y: The Last Man, #6)","Brian K. Vaughan, Pia Guerra, Goran Sudžuka, José Marzán Jr.",eng,4.21,20974
2017056,Skeletons at the Feast,Chris Bohjalian,,3.99,18706
643962,"L is for Lawless (Kinsey Millhone, #12)",Sue Grafton,,3.91,22383
69392,Milkweed,Jerry Spinelli,eng,4.0,19461
181601,If You Give a Pig a Party,"Laura Joffe Numeroff, Felicia Bond",,4.22,18297
22326,"Virtual Light (Bridge, #1)",William Gibson,eng,3.84,16273
6404621,American on Purpose: The Improbable Adventures of an Unlikely Patriot,Craig Ferguson,eng,3.96,17033
3240483,Always Looking Up: The Adventures of an Incurable Optimist,Michael J. Fox,en-US,3.82,17181
6584134,"Nine Rules to Break When Romancing a Rake (Love By Numbers, #1)",Sarah MacLean,en-US,4.08,27201
12888599,The Lifeboat,Charlotte Rogan,eng,3.2,18260
538845,Quo Vadis,"Henryk Sienkiewicz, W.S. Kuniczak",eng,4.13,18466
16068780,"The Jewel (The Lone City, #1)",Amy Ewing,eng,3.86,21247
312043,"The Fire Within (The Last Dragon Chronicles, #1)",Chris d'Lacey,eng,3.76,22634
13815,"Servant of the Empire (The Empire Trilogy, #2)","Raymond E. Feist, Janny Wurts",eng,4.27,20016
2195309,"The Hollow (Sign of Seven, #2)",Nora Roberts,en-US,4.11,23983
770038,Is Your Mama a Llama?,"Deborah Guarino, Steven Kellogg",,4.16,19267
22540125,"After We Collided (After, #2)",Anna Todd,eng,3.73,16338
13331184,"Heads in Beds: A Reckless Memoir of Hotels, Hustles, and So-Called Hospitality",Jacob Tomsky,,3.54,16181
38855,Confederates in the Attic: Dispatches from the Unfinished Civil War,Tony Horwitz,eng,4.08,16792
12924261,"This Book Is Full of Spiders: Seriously, Dude, Don't Touch It (John Dies at the End, #2)",David Wong,en-US,4.26,15031
342637,Dali: The Paintings,"Robert Descharnes, Gilles Néret",,4.17,14600
144791,"Seven Deadly Wonders (Jack West Jr, #1)",Matthew Reilly,eng,4.08,15374
7202825,"Unleashed (Ross Siblings, #1)",Cherrie Lynn,eng,3.89,27833
30224,"Mistral's Kiss (Merry Gentry, #5)",Laurell K. Hamilton,en-US,4.03,25340
1044141,The 8th Habit: From Effectiveness to Greatness,Stephen R. Covey,en-US,3.99,13765
4497978,Desire Unchained (Demonica #2),Larissa Ione,eng,4.25,26939
21323,Cold Fire / Hideaway / The Key to Midnight,"Dean Koontz, Leigh Nichols",eng,4.16,17581
7617119,"I Am Not A Serial Killer (John Cleaver, #1)",Dan Wells,eng,3.77,18878
23492613,Eight Hundred Grapes,Laura Dave,,3.58,14135
84022,"Welcome to the World, Baby Girl! (Elmwood Springs, #1)",Fannie Flagg,eng,3.84,18307
23966,Filth,Irvine Welsh,eng,3.76,16162
47076,The Girls,Lori Lansens,eng,3.79,16201
28686830,"Turbo Twenty-Three (Stephanie Plum, #23)",Janet Evanovich,eng,3.75,15021
30347,The Alibi,Sandra Brown,eng,4.03,17729
12408149,A Land More Kind Than Home,Wiley Cash,eng,3.84,15318
233722,"Kristy's Great Idea (The Baby-Sitters Club, #1)",Ann M. Martin,eng,3.94,21952
12107920,"Shatterproof (The 39 Clues: Cahills vs. Vespers, #4)",Roland Smith,,4.17,17887
17704902,Five Days at Memorial: Life and Death in a Storm-Ravaged Hospital,Sheri  Fink,eng,3.87,15344
52415,"The Fifth Woman (Kurt Wallander, #6)","Henning Mankell, Steven T. Murray",eng,4.02,16094
2845287,The Wordy Shipmates,Sarah Vowell,en-US,3.66,17541
780581,Bel-Ami,"Guy de Maupassant, Douglas Parmée",eng,3.81,17016
30043,A River Runs Through It and Other Stories,Norman Maclean,eng,4.17,16501
10836813,The Time in Between,"María Dueñas, Daniel Hahn",eng,4.04,10166
5198,Paradise,Toni Morrison,eng,3.77,17524
22325,Idoru (Bridge #2),William Gibson,eng,3.78,16099
15803757,"The Best Man (Blue Heron, #1)",Kristan Higgins,eng,3.93,18998
47520,"Castle in the Air (Howl's Moving Castle, #2)",Diana Wynne Jones,,3.93,22964
10706120,"A King's Ransom (The 39 Clues: Cahills vs. Vespers, #2)",Jude Watson,eng,4.14,18168
7054123,The Poisoner's Handbook: Murder and the Birth of Forensic Medicine in Jazz Age New York,Deborah Blum,en-US,4.0,18997
27083865,RoomHate,Penelope Ward,eng,4.07,21136
2954411,Living Dead Girl,Elizabeth Scott,en-US,3.83,22014
159964,The Dhammapada,"Anonymous, Ananda Maitreya, Thich Nhat Hanh, Balangoda Ananda Maitreya Maitreya",eng,4.29,12639
13412515,"Law Man (Dream Man, #3)",Kristen Ashley,en-US,4.33,33220
128754,"Deadly Decisions (Temperance Brennan, #3)",Kathy Reichs,en-US,3.93,21646
23317538,Rising Strong,Brené Brown,en-GB,4.19,22022
13642963,"Speaking from Among the Bones (Flavia de Luce, #5)",Alan Bradley,eng,4.17,21892
5551522,Swimsuit,"James Patterson, Maxine Paetro",eng,3.63,18462
56634,Through Gates of Splendor,Elisabeth Elliot,en-US,4.38,16487
15832316,"Dirty Red (Love Me with Lies, #2)",Tarryn Fisher,eng,4.22,26888
20958632,The Darkest Part of the Forest,Holly Black,eng,3.91,22992
73095,"Dream a Little Dream (Chicago Stars, #4)",Susan Elizabeth Phillips,en-US,4.18,24117
2508854,تاكسي: حواديت المشاوير,"خالد الخميسي, Khaled Al Khamissi",ara,3.68,11981
51113,The Samurai's Garden,Gail Tsukiyama,en-US,4.12,17024
25883848,The Hating Game,Sally   Thorne,eng,4.24,21426
23746004,Black-Eyed Susans,Julia Heaberlin,eng,3.78,14886
17673307,"Neanderthal Seeks Human (Knitting in the City, #1)",Penny Reid,eng,3.96,29612
9918083,"Goliath (Leviathan, #3)","Scott Westerfeld, Keith Thompson",eng,4.25,23911
824763,"Reborn! Vol. 01: Reborn Arrives! (Reborn!, #1)","Akira Amano, JN Productions, Frances E. Wall",,4.22,15102
12922320,"Criminal (Will Trent, #6)",Karin Slaughter,eng,4.21,18592
19687,"The Bear and the Dragon (Jack Ryan Universe, #11)",Tom Clancy,en-US,3.79,18399
17707605,"W is for Wasted (Kinsey Millhone, #23)",Sue Grafton,eng,3.86,17357
101249,I'm Just Here for the Food: Food + Heat = Cooking,Alton Brown,en-US,4.21,15870
42909,All Things Wise and Wonderful,James Herriot,,4.39,20524
84135,Sins of the Night (Dark-Hunter #7),Sherrilyn Kenyon,eng,4.18,28341
10345937,"Shades of Earth (Across the Universe, #3)",Beth Revis,eng,4.11,24612
13661,"Tehanu (Earthsea Cycle, #4)",Ursula K. Le Guin,eng,3.89,19503
13517455,"Reboot (Reboot, #1)",Amy Tintera,eng,3.92,23300
25065629,Hunger Makes Me a Modern Girl,Carrie Brownstein,eng,3.88,17102
13533740,Thomas Jefferson: The Art of Power,Jon Meacham,eng,3.99,18546
16360,"Murder in Mesopotamia (Hercule Poirot, #14)",Agatha Christie,eng,3.86,21207
12013,"Excession (Culture, #5)",Iain M. Banks,en-US,4.19,16330
5175,"What Looks Like Crazy on an Ordinary Day (Idlewild, #1)",Pearl Cleage,eng,3.7,17853
257990,"G is for Gumshoe (Kinsey Millhone, #7)",Sue Grafton,eng,3.9,22311
17333431,"King and Maxwell (Sean King & Michelle Maxwell, #6)",David Baldacci,eng,4.03,14491
21027,Love's Executioner and Other Tales of Psychotherapy,Irvin D. Yalom,,4.18,14013
3342764,"The Magician's Apprentice (Black Magician, #0.5)",Trudi Canavan,eng,3.94,17128
459064,"Reaper's Gale (The Malazan Book of the Fallen, #7)",Steven Erikson,eng,4.34,16539
17324,The Visitation,Frank E. Peretti,,3.91,16142
7202841,"Locke & Key, Vol. 3: Crown of Shadows","Joe Hill, Gabriel Rodríguez",en-US,4.41,19683
180463,Leadership and Self-Deception: Getting Out of the Box,The Arbinger Institute,,4.11,13531
112518,"The Garden of Rama (Rama, #3)","Arthur C. Clarke, Gentry Lee",eng,3.76,16389
1756703,"Blue-Eyed Devil (Travises, #2)",Lisa Kleypas,en-US,4.21,25508
133394,Our Man in Havana,Graham Greene,eng,3.94,15460
10889279,Batman: The Black Mirror,"Scott Snyder, Jock, Francesco Francavilla, Jared K. Fletcher, Sal Cipriano, David   Baron",eng,4.29,15625
9682816,Kill Me If You Can,"James Patterson, Marshall Karp",eng,4.0,16879
8952,"Killers of the Dawn (Cirque Du Freak, #9)",Darren Shan,,4.22,18194
906560,Tramp for the Lord,Corrie ten Boom,,4.47,16680
826583,If You Take a Mouse to the Movies,"Laura Joffe Numeroff, Felicia Bond",,4.16,17938
1406197,"A Lick of Frost (Merry Gentry, #6)","Laurell K. Hamilton, Laural Merlington",eng,4.12,24148
40289,The Abyss,"Orson Scott Card, James Cameron",eng,4.06,16318
8694522,"The Witch's Daughter (The Witch's Daughter, #1)",Paula Brackston,en-US,3.54,17694
25573977,The Readers of Broken Wheel Recommend,"Katarina Bivald, Alice Menzies",eng,3.56,14571
13083008,"Live by Night (Coughlin, #2)",Dennis Lehane,eng,3.89,14275
12908877,"Until I Die (Revenants, #2)",Amy Plum,en-US,4.17,24203
11256979,The Magic of Reality: How We Know What's Really True,"Richard Dawkins, Dave McKean",en-US,4.04,14511
35332,"Remember (Redemption, #2)","Karen Kingsbury, Gary Smalley",eng,4.41,16303
13521299,"Alex Cross, Run (Alex Cross, #20)",James Patterson,,4.03,14434
3106441,Stuff White People Like: A Definitive Guide to the Unique Taste of Millions,Christian Lander,en-US,3.76,15888
18754961,"Blood Magick (The Cousins O'Dwyer Trilogy, #3)",Nora Roberts,eng,4.06,14167
687215,"The Power That Preserves (The Chronicles of Thomas Covenant the Unbeliever, #3)",Stephen R. Donaldson,eng,3.99,18594
6539596,The Brightest Star in the Sky,Marian Keyes,en-GB,3.65,17413
8428195,Entwined,Heather Dixon,en-US,3.87,28950
12867423,"Girl Walks into a Bar . . .: Comedy Calamities, Dating Disasters, and a Midlife Miracle",Rachel Dratch,,3.57,16604
23875,El coronel no tiene quien le escriba,Gabriel García Márquez,spa,3.71,13206
6194,Waiting for the Barbarians,J.M. Coetzee,eng,3.94,14830
769212,The Last Seven Months of Anne Frank,Willy Lindwer,,4.34,15096
21856367,"The Innovators: How a Group of  Hackers, Geniuses and Geeks Created the Digital Revolution",Walter Isaacson,eng,4.03,14890
316558,Kabul Beauty School: An American Woman Goes Behind the Veil,Deborah Rodriguez,eng,3.63,17002
4630,To Have and Have Not,Ernest Hemingway,eng,3.57,16074
5062,Jackdaws,Ken Follett,eng,3.91,17489
18363068,حبيبتي بكماء,محمد السالم,ara,3.3,12690
116257,"The System of the World (The Baroque Cycle, #3)",Neal Stephenson,en-US,4.3,16106
147243,"Touching Spirit Bear (Spirit Bear, #1)",Ben Mikaelsen,eng,3.85,17706
15803141,The Flamethrowers,Rachel Kushner,eng,3.46,13225
13125234,"Twice Tempted (Night Prince, #2)",Jeaniene Frost,en-GB,4.3,26598
13547241,Unorthodox: The Scandalous Rejection of My Hasidic Roots,Deborah Feldman,eng,3.67,8516
18172471,"The Selection Stories: The Prince & The Guard (The Selection, #0.5, 2.5)",Kiera Cass,eng,4.03,23695
6474550,Crush It!: Why Now Is the Time to Cash In on Your Passion,Gary Vaynerchuk,en-US,3.85,17271
89190,Redemption Ark,Alastair Reynolds,eng,4.13,16484
1178039,"The Venetian Betrayal (Cotton Malone, #3)",Steve Berry,en-US,3.94,18403
142080,"Collected Poems, 1909-1962",T.S. Eliot,eng,4.29,17192
219919,The Robe,Lloyd C. Douglas,en-US,4.2,18903
1603923,Beauty and the Beast,"Walt Disney Company, Ellen Titlebaum",,4.39,14811
16158508,The Yonahlossee Riding Camp for Girls,Anton DiSclafani,eng,3.34,15769
19286623,"Lead (Stage Dive, #3)",Kylie Scott,eng,4.32,29239
862350,"No Humans Involved (Women of the Otherworld, #7)",Kelley Armstrong,eng,4.2,23191
298568,"Night of the Soul Stealer (The Last Apprentice / Wardstone Chronicles, #3)","Joseph Delaney, Patrick  Arrasmith",,4.12,18279
56465,The Gift of Fear: Survival Signals That Protect Us from Violence,Gavin de Becker,,4.19,14609
7124475,"Endless Summer (The Boys Next Door, #1-2)",Jennifer Echols,eng,4.02,18438
8229399,"Big Nate Strikes Again (Big Nate Novels, #2)",Lincoln Peirce,en-US,4.23,20480
27821486,Don't You Cry,Mary Kubica,,3.57,17399
49245,"His Needs, Her Needs: Building an Affair-Proof Marriage",Willard F. Harley Jr.,eng,4.11,15008
31313,"Dance of the Gods (Circle Trilogy, #2)",Nora Roberts,eng,4.13,23060
7129598,"Nevermore (Nevermore, #1)",Kelly Creagh,en-US,3.87,24570
45967,The Blind Owl,"Sadegh Hedayat, D.P. Costello",en-US,3.99,5168
6871646,Pete the Cat: I Love My White Shoes,"Eric Litwin, James Dean",en-US,4.41,19122
7640705,"The Ring of Solomon (Bartimaeus, #0.5)","Jonathan Stroud, Simon  Jones",eng,4.19,18809
125553,"Welcome to Dead House (Goosebumps, #1)",R.L. Stine,en-US,3.82,19171
142900,The Master Butchers Singing Club,Louise Erdrich,,4.02,16821
400924,"Chronicles of the Black Company (The Chronicles of the Black Company, #1-3)",Glen Cook,en-US,4.2,16663
22522202,"Until Friday Night (The Field Party, #1)",Abbi Glines,eng,4.01,20813
5179,Mother of Pearl,Melinda Haynes,en-US,3.67,17378
25814512,Everyone Brave is Forgiven,Chris Cleave,eng,3.8,16183
7682,The Great Train Robbery,Michael Crichton,,3.84,17309
59889,Safe Harbour,Danielle Steel,,4.04,16205
297134,The Things We Do for Love,Kristin Hannah,en-GB,4.05,16190
13927,"Son of the Shadows (Sevenwaters, #2)",Juliet Marillier,eng,4.32,21544
41689,The Key to Rebecca,Ken Follett,eng,3.86,16616
9581001,"Hard Bitten (Chicagoland Vampires, #4)",Chloe Neill,en-US,4.17,28656
120231,Barefoot Contessa Family Style: Easy Ideas and Recipes That Make Everyone Feel Like Family,"Ina Garten, Maura McEvoy",eng,4.26,16134
18331807,"Vain (The Seven Deadly, #1)",Fisher Amelie,eng,4.25,10427
32767,At the Mountains of Madness,"H.P. Lovecraft, China Miéville, S.T. Joshi",eng,3.93,16637
17781,"Heart of the Sea (Gallaghers of Ardmore / Irish Trilogy, #3)",Nora Roberts,en-US,4.14,22274
3373198,"Veil of Midnight (Midnight Breed, #5)",Lara Adrian,eng,4.26,25116
98807,Subterranean,James Rollins,eng,4.01,17425
39045,I Don't Know How She Does It,Allison Pearson,en-US,3.3,15456
102958,"Preacher, Volume 9: Alamo","Garth Ennis, Steve Dillon",eng,4.33,17930
22733729,"The Long Way to a Small, Angry Planet (Wayfarers, #1)",Becky  Chambers,eng,4.18,12969
17961,Collected Fictions,"Jorge Luis Borges, Andrew Hurley",eng,4.58,16474
266607,Valiant (Modern Faerie Tales #2),Holly Black,eng,3.92,26108
270521,The Russia House,John le Carré,,3.9,17293
6905534,"Raised by Wolves (Raised by Wolves, #1)",Jennifer Lynn Barnes,eng,3.94,24936
43924,Promise Me (Myron Bolitar #8),Harlan Coben,eng,3.96,18168
6934395,"Midnight (The Vampire Diaries: The Return, #3)",L.J. Smith,en-US,3.78,20566
84146,"Dark Side of the Moon (Dark-Hunter #9, Were-Hunter #3)",Sherrilyn Kenyon,en-US,4.15,27311
522525,"Mistakes Were Made (But Not by Me): Why We Justify Foolish Beliefs, Bad Decisions, and Hurtful Acts","Carol Tavris, Elliot Aronson",en-US,3.99,15249
13765729,Abducted (Lizzy Gardner #1),T.R. Ragan,eng,3.94,8828
10577,Roadwork,"Richard Bachman, Stephen King",en-US,3.59,18479
198331,"Valhalla Rising (Dirk Pitt, #16)",Clive Cussler,en-US,3.92,17260
49234,The Third Chimpanzee: The Evolution and Future of the Human Animal,Jared Diamond,eng,4.04,15362
2830067,The Given Day (Coughlin #1),Dennis Lehane,en-US,4.03,16528
760168,Just Me in the Tub (Mercer Mayer's Little Critter),"Gina Mayer, Mercer Mayer",,4.24,17335
16096514,"Crush (Crash, #3)",Nicole  Williams,en-US,4.24,26188
8429687,"Deadline (Newsflesh Trilogy, #2)",Mira Grant,en-US,4.1,18636
3675828,Long Lost  (Myron Bolitar #9),Harlan Coben,eng,3.94,17996
21722,"Faithless (Grant County, #5)",Karin Slaughter,en-US,4.11,16833
142292,My Stroke of Insight: A Brain Scientist's Personal Journey,Jill Bolte Taylor,en-US,3.86,14734
138395,"The Walking Dead, Vol. 06: This Sorrowful Life","Robert Kirkman, Charlie Adlard, Cliff Rathburn",eng,4.32,18655
3300,Inés of My Soul,"Isabel Allende, Margaret Sayers Peden",en-US,3.9,13539
32442,Cold Fire,Dean Koontz,,3.75,18343
18295858,Frog Music,Emma Donoghue,eng,3.13,16412
15888,An Instance of the Fingerpost,Iain Pears,eng,3.93,17604
1499340,5 cm,Donny Dhirgantoro,ind,3.84,12527
61329,Crossing the Chasm: Marketing and Selling High-Tech Products to Mainstream Customers,"Geoffrey A. Moore, Regis McKenna",en-US,4.0,14329
1881621,"Shugo Chara!, Vol. 1: Who Do You Want to Be? (Shugo Chara!, #1)",Peach-Pit,,4.11,17351
43926,The Innocent,Harlan Coben,eng,3.95,18125
76688,Robots and Empire (Robot #4),Isaac Asimov,eng,4.17,18462
5130,Island,Aldous Huxley,eng,3.87,14440
1662160,Your Inner Fish: A Journey into the 3.5-Billion-Year History of the Human Body,Neil Shubin,,3.97,14784
123933,No Exit,Jean-Paul Sartre,eng,4.13,16533
324748,The Dip: A Little Book That Teaches You When to Quit (and When to Stick),Seth Godin,,3.83,15009
11566956,Are You My Mother?,Alison Bechdel,eng,3.66,18618
1433337,ABNKKBSNPLAKo?! (Mga Kwentong Chalk ni Bob Ong),Bob Ong,fil,4.2,14481
10762697,The Farseer Trilogy (Farseer Trilogy #1-3),Robin Hobb,eng,4.33,14303
152695,The Blue Bistro,Elin Hilderbrand,en-US,4.0,16398
12043770,"Third Grave Dead Ahead (Charley Davidson, #3)",Darynda Jones,eng,4.39,15137
28635,Identity,"Milan Kundera, Linda Asher",eng,3.68,11735
21569527,"The Heart of Betrayal (The Remnant Chronicles, #2)",Mary E. Pearson,eng,4.32,24104
4373,First They Killed My Father: A Daughter of Cambodia Remembers,Loung Ung,en-US,4.29,17459
11166889,The Funhouse,"Owen  West, Dean Koontz",eng,3.6,18424
36076,The Speed of Trust: The One Thing that Changes Everything,Stephen M.R. Covey,en-US,3.97,13708
43342,You Belong To Me,Mary Higgins Clark,en-US,3.85,19131
43255,Not Without My Daughter,Betty Mahmoody,eng,4.04,16650
759900,"The Killing Hour (Quincy & Rainie, #4)",Lisa Gardner,en-US,4.16,17948
96977,"Castle Roogna (Xanth, #3)",Piers Anthony,eng,3.87,19867
571555,While My Pretty One Sleeps,Mary Higgins Clark,eng,3.88,18846
178599,Arsenic and Old Lace,Joseph Kesselring,,4.14,20473
263171,"Dance with a Vampire (Vampire Kisses, #4)",Ellen Schreiber,eng,4.01,22119
529626,Sometimes a Great Notion,Ken Kesey,,4.24,15502
58890,"Tris's Book (Circle of Magic, #2)",Tamora Pierce,eng,4.07,24511
7785194,The Moral Landscape: How Science Can Determine Human Values,Sam Harris,en-US,3.9,14300
11450591,The Mill River Recluse,Darcie Chan,eng,3.55,15821
3381,Hey Nostradamus!,Douglas Coupland,eng,3.72,14645
10836,Che Guevara: A Revolutionary Life,Jon Lee Anderson,eng,4.1,13516
24766,"The Secret Hour (Midnighters, #1)",Scott Westerfeld,eng,3.8,23933
15745371,"Chosen at Nightfall (Shadow Falls, #5)",C.C. Hunter,en-CA,4.37,22968
587666,Like the Flowing River ,Paulo Coelho,eng,3.93,12708
1113545,"The Candy Shop War (The Candy Shop War, #1)",Brandon Mull,,4.03,19619
11915,"Broken (Women of the Otherworld, #6)",Kelley Armstrong,eng,4.19,24319
3112850,"Lament: The Faerie Queen's Deception (Books of Faerie, #1)",Maggie Stiefvater,eng,3.69,26116
417780,Why Mosquitoes Buzz in People's Ears,"Verna Aardema, Leo Dillon, Diane Dillon",,4.01,20639
21064599,"Shopaholic to the Stars (Shopaholic, #7)",Sophie Kinsella,eng,3.24,15414
114133,High Noon,Nora Roberts,eng,3.94,20698
17557913,The Farm,Tom Rob Smith,eng,3.53,13407
18528190,Men Explain Things to Me,Rebecca Solnit,eng,3.93,17918
17201104,"Rock with Me (With Me in Seattle, #4)",Kristen Proby,eng,4.3,28709
7128341,"The Prince of Mist (Niebla, #1)","Carlos Ruiz Zafón, Lucia Graves",eng,3.66,14381
1409344,Driving Miss Daisy,Alfred Uhry,eng,4.24,16829
22457201,"Hardpressed (Hacker, #2)",Meredith Wild,eng,4.27,7383
172691,"Conspiracy in Death (In Death, #8)",J.D. Robb,eng,4.35,22149
7053,"In the Company of Cheerful Ladies (No. 1 Ladies' Detective Agency, #6)",Alexander McCall Smith,eng,4.07,19839
8296,"The First Four Years  (Little House, #9)","Laura Ingalls Wilder, Garth Williams",eng,3.88,24180
9293020,The Elephant Tree,R.D. Ronald,eng,3.52,15421
128757,"Bones to Ashes (Temperance Brennan, #10)",Kathy Reichs,eng,3.92,19942
19351490,Grimm's Fairy Tales,"Jacob Grimm, Wilhelm Grimm, منى الخميسي",eng,4.14,5873
262731,The Definitive Book of Body Language,"Allan Pease, Barbara Pease",eng,3.97,13328
11262424,"Between the Lines (Between the Lines, #1)",Tammara Webber,eng,3.71,25991
72659,Never Cry Wolf,Farley Mowat,eng,4.19,17045
8437913,"Tick Tock (Michael Bennett, #4)","James Patterson, Michael Ledwidge",eng,4.03,17189
6340471,Cleopatra's Daughter,Michelle Moran,eng,4.11,16532
281350,"Grave Secrets (Temperance Brennan, #5)",Kathy Reichs,en-US,3.98,21460
16280678,"Shattered (The Iron Druid Chronicles, #7)",Kevin Hearne,eng,4.28,15133
2102600,"Zoe's Tale (Old Man's War, #4)",John Scalzi,eng,3.73,15971
206197,"The First Commandment (Scot Harvath, #6)",Brad Thor,eng,4.22,14833
5289,Complete Works of Oscar Wilde,"Oscar Wilde, Merlin Holland",eng,4.45,10835
24019,The New Best Recipe,"Cook's Illustrated Magazine, John Burgoyne, Carl Tremblay",,4.2,15971
23308084,"The Rose & the Dagger (The Wrath & the Dawn, #2)",Renee Ahdieh,eng,4.2,26503
23164927,The Fold,Peter Clines,eng,3.82,13519
24586590,The Nature of the Beast (Chief Inspector Armand Gamache #11),Louise Penny,eng,4.21,14695
56157,The Proper Care and Feeding of Husbands,Laura C. Schlessinger,,3.71,13465
4789801,"Green: The Beginning and the End (The Circle, #0)",Ted Dekker,eng,4.03,17315
7352220,"Black Butler, Vol. 3 (Black Butler, #3)",Yana Toboso,ind,4.53,16682
16043804,"The Crown Tower (The Riyria Chronicles, #1)",Michael J. Sullivan,eng,4.31,17352
8477057,Daytripper,"Fábio Moon, Gabriel Bá, Craig Thompson, Dave Stewart, Sean Konot",eng,4.31,17679
6357022,"Club Shadowlands (Masters of the Shadowlands, #1)",Cherise Sinclair,eng,3.99,22733
6282753,The Museum of Innocence,"Orhan Pamuk, Maureen Freely",eng,3.69,12685
28815371,The Mothers,Brit Bennett,eng,3.87,19784
406373,Faust,"Johann Wolfgang von Goethe, Walter Kaufmann",eng,3.97,15864
16172634,"Faking It (Losing It, #2)",Cora Carmack,eng,3.96,27707
106131,"Charlie Bone and the Castle of Mirrors (The Children of the Red King, #4)",Jenny Nimmo,,3.89,20101
12667194,"Accordance (Significance, #2)",Shelly Crane,eng,4.28,25037
8130839,Bloodrose (Nightshade #3; Nightshade World #6),Andrea Cremer,eng,4.06,23874
16297,"Cards on the Table (Hercule Poirot, #15)",Agatha Christie,eng,3.9,19577
13547289,"Tales from a Not-So-Smart Miss Know-It-All (Dork Diaries, #5)",Rachel Renée Russell,eng,4.42,13648
89551,"Ramona and Her Mother (Ramona, #5)",Beverly Cleary,eng,4.08,20053
16363,"Appointment with Death (Hercule Poirot, #19)",Agatha Christie,eng,3.84,20793
73064,"Natural Born Charmer (Chicago Stars, #7)",Susan Elizabeth Phillips,en-US,4.15,25474
30852,The Woman Warrior,Maxine Hong Kingston,en-US,3.72,17781
327194,Three Little Kittens,"Masha, Marie Simchow Stern",eng,4.28,18327
38503,Tales of Ordinary Madness,Charles Bukowski,eng,4.0,13995
18115061,"Before Jamaica Lane (On Dublin Street, #3)",Samantha Young,eng,4.35,13447
478894,"The Sword of Shannara Trilogy (Shannara, #1-3)",Terry Brooks,,3.94,15172
23492661,Maybe in Another Life,Taylor Jenkins Reid,,3.74,17138
15802944,"Carry On, Warrior: Thoughts on Life Unarmed",Glennon Doyle Melton,eng,4.18,12986
736131,The Valley of Fear,"Arthur Conan Doyle, David Timson",eng,3.98,15399
3094593,"The Pagan Stone (Sign of Seven, #3)",Nora Roberts,en-US,4.14,22863
9748274,A Tale of Two Cities / Great Expectations,Charles Dickens,en-US,3.98,14912
44644,Principle-Centered Leadership,Stephen R. Covey,en-US,4.07,13079
2570856,"Monster Hunter International (Monster Hunter International, #1)",Larry Correia,eng,4.04,16552
11431896,"The Bitter Kingdom (Fire and Thorns, #3)",Rae Carson,eng,4.23,24420
19674,"The Teeth of the Tiger (Jack Ryan Universe, #12)",Tom Clancy,eng,3.61,15746
61958,"Moreta: Dragonlady of Pern (Pern, #7)",Anne McCaffrey,eng,3.97,21117
437885,Frosty the Snowman (Frosty the Snowman),Diane Muldrow,,4.34,17540
102957,"Preacher, Volume 6: War in the Sun","Garth Ennis, Steve Dillon, Peter Snejbjerg",eng,4.34,16531
40158,"The Queen of Attolia (The Queen's Thief, #2)",Megan Whalen Turner,,4.23,23813
16842,A Single Man,Christopher Isherwood,eng,4.11,14554
13529055,Mortality,Christopher Hitchens,eng,4.12,14248
312050,"Icefire (The Last Dragon Chronicles, #2)",Chris d'Lacey,eng,3.9,19795
30831912,Norse Mythology,Neil Gaiman,eng,4.12,22266
49251,Citizen Soldiers: The U. S. Army from the Normandy Beaches to the Bulge to the Surrender of Germany,Stephen E. Ambrose,,4.19,16322
107774,Honor's Splendour,Julie Garwood,eng,4.22,21926
10757771,Shut Out,Kody Keplinger,en-US,3.76,23723
16102880,"Bad Rep (Bad Rep, #1)",A. Meredith Walters,en-GB,3.91,24287
59813,"Valley of Silence (Circle Trilogy, #3)",Nora Roberts,en-GB,4.2,20800
207034,"The Prophet of Yonwood (Book of Ember, #3)",Jeanne DuPrau,en-US,3.25,22237
20800147,"Hope to Die (Alex Cross, #22)",James Patterson,eng,4.14,10005
6294553,"Deep Kiss of Winter (Includes: Immortals After Dark, #8; Alien Huntress, #3.5)","Kresley Cole, Gena Showalter",en-US,4.23,23875
15944406,Doll Bones,"Holly Black, Eliza Wheeler",eng,3.7,17414
11057626,"Red Mist (Kay Scarpetta, #19)",Patricia Cornwell,eng,3.75,16396
11277218,"I Am Half-Sick of Shadows (Flavia de Luce, #4)",Alan Bradley,en-US,4.09,21288
12881141,"Wild Man (Dream Man, #2)",Kristen Ashley,en-GB,4.21,32541
23129410,Welcome to Night Vale,"Joseph Fink, Jeffrey Cranor",eng,3.87,17781
299384,Sleeping Beauty: a Little Golden Book (Disney Princess),"Michael Teitelbaum, Walt Disney Company",eng,4.32,16654
110385,"An Offer From a Gentleman (Bridgertons, #3)",Julia Quinn,en-US,4.08,17402
18304322,"Dumplin' (Dumplin', #1)",Julie   Murphy,eng,3.87,22176
23533039,Ancillary Mercy (Imperial Radch #3),Ann Leckie,eng,4.2,12776
8038219,The Darkest Surrender  (Lords of the Underworld #8),Gena Showalter,eng,4.42,24515
11563,Danse Macabre,Stephen King,eng,3.62,18700
15762657,"Seducing Cinderella (Fighting for Love, #1)",Gina L. Maxwell,eng,3.94,21617
28184,"Blue Shoes and Happiness (No. 1 Ladies' Detective Agency, #7)",Alexander McCall Smith,eng,4.06,20246
104734,The Vagina Monologues,"Eve Ensler, Gloria Steinem",,3.86,17935
31244,Our Mutual Friend,Charles Dickens,eng,4.07,18599
531262,A Handful of Dust,Evelyn Waugh,en-US,3.92,17370
95608,Leota's Garden,Francine Rivers,eng,4.07,15039
6532496,Not My Daughter,Barbara Delinsky,,3.77,17109
50618,The Book of Illusions,Paul Auster,eng,3.89,13583
112756,"To Tame a Highland Warrior (Highlander, #2)",Karen Marie Moning,eng,4.14,24710
171020,A Mango-Shaped Space,Wendy Mass,eng,4.22,20661
41950,Quentins,Maeve Binchy,,3.88,18150
304,Daniel Deronda,"George Eliot, Edmund White",eng,3.82,17723
27161845,Here's to Us,Elin Hilderbrand,eng,3.73,14840
7203690,"Chasing Perfect (Fool's Gold, #1)",Susan Mallery,eng,3.89,18437
97632,The Debutante Divorcee,Plum Sykes,en-US,3.46,15030
265205,Life Application Study Bible: NIV,"Anonymous, Ronald A. Beers, Ronald A. Beers",eng,4.67,13614
39028,"The Wheel of Darkness (Pendergast, #8)","Douglas Preston, Lincoln Child",en-US,3.92,18413
25733990,"Sleeping Giants (Themis Files, #1)",Sylvain Neuvel,eng,3.84,19371
15795628,Blackmoore,Julianne Donaldson,eng,4.17,17497
47720,The Sandman: Endless Nights,"Neil Gaiman, Barron Storey, Bill Sienkiewicz, Glenn Fabry, Dave McKean, P. Craig Russell, Milo Manara, Miguelanxo Prado, Frank Quitely, Todd Klein",eng,4.34,20416
202292,The First Wives Club,Olivia Goldsmith,eng,3.87,17219
250729,The Vanishing Act of Esme Lennox,Maggie O'Farrell,eng,3.82,16675
550720,The Night Watch,Sarah Waters,en-US,3.67,13798
21853645,"Mightier Than the Sword (The Clifton Chronicles, #5)",Jeffrey Archer,eng,4.09,10257
31331,"Blood Canticle (The Vampire Chronicles, #10)",Anne Rice,en-GB,3.71,17359
13060,Nature Girl,Carl Hiaasen,eng,3.61,17216
11553,Boy's Life,Robert McCammon,eng,4.32,15752
20563,Adam Bede,"George Eliot, Joanna Trollope, Hugh Osborne",,3.77,17777
16235,Sister of My Heart,Chitra Banerjee Divakaruni,eng,3.97,14434
3181564,The Housekeeper and the Professor,"Yōko Ogawa, Stephen Snyder",eng,3.94,16865
102525,"H is for Homicide (Kinsey Millhone, #8)",Sue Grafton,eng,3.89,21635
221059,JPod,Douglas Coupland,en-US,3.7,13347
32437,The Face,Dean Koontz,eng,3.69,17267
2714607,The Ascent of Money: A Financial History of the World,Niall Ferguson,en-US,3.88,15286
20697471,Food: A Love Story,Jim Gaffigan,eng,3.69,16304
18079527,The Impossible Knife of Memory,Laurie Halse Anderson,eng,3.93,20992
19164,"Purgatorio (The Divine Comedy, #2)","Dante Alighieri, Robert M. Durling",ita,4.01,13740
7277715,"Deliver Us from Evil (A. Shaw, #2)",David Baldacci,en-US,3.98,15947
13586743,One Last Thing Before I Go,Jonathan Tropper,,3.75,13763
6609549,"By the Time You Read This, I'll Be Dead","Julie Anne Peters, C.J. Bott",,3.89,18722
15801668,The Girls of Atomic City: The Untold Story of the Women Who Helped Win World War II,Denise Kiernan,eng,3.66,15644
21340,"City of Night (Dean Koontz's Frankenstein, #2)","Dean Koontz, Ed Gorman, John Bedford Lloyd",,3.97,15838
215540,"The Quillan Games (Pendragon, #7)",D.J. MacHale,eng,4.19,18296
6820,number9dream,David Mitchell,,3.92,13726
3384,Girlfriend in a Coma,Douglas Coupland,eng,3.61,14576
92227,"The Green Mile, Part 1: The Two Dead Girls",Stephen King,eng,4.49,21917
16200,Ella Minnow Pea: A Novel in Letters,Mark Dunn,eng,3.84,19819
938544,"Toll the Hounds (The Malazan Book of the Fallen, #8)",Steven Erikson,en-US,4.33,15942
1430213,The Bone Garden ,Tess Gerritsen,eng,4.02,16883
994156,"Supernova: Ksatria, Puteri, dan Bintang Jatuh",Dee Lestari,ind,3.83,10344
23019294,A Head Full of Ghosts,Paul Tremblay,eng,3.82,14101
22889767,Better Than Before: Mastering the Habits of Our Everyday Lives,Gretchen Rubin,en-GB,3.81,16550
18210706,"Broken Homes (Peter Grant, #4)",Ben Aaronovitch,eng,4.16,10958
169959,"The King's Buccaneer (Krondor's Sons, #2)",Raymond E. Feist,en-US,3.99,17084
16248114,Maya's Notebook,"Isabel Allende, Anne McLean",eng,3.8,12529
6609764,"One Crazy Summer (Gaither Sisters, #1)",Rita Williams-Garcia,eng,3.95,18913
7011403,"Dragon Haven (Rain Wild Chronicles, #2)",Robin Hobb,en-US,4.06,15807
18035,"Right Ho, Jeeves (Jeeves, #6)",P.G. Wodehouse,eng,4.31,8234
3359940,"If You're Reading This, It's Too Late (Secret, #2)","Pseudonymous Bosch, Gilbert Ford",en-US,4.23,18310
296942,"Moonrise (Warriors: The New Prophecy, #2)",Erin Hunter,en-US,4.31,21311
1316382,The Wednesday Letters,Jason F. Wright,en-US,3.61,16776
6371117,"Betrayals (Strange Angels, #2)","Lili St. Crow, Lilith Saintcrow",en-US,4.08,24309
13134,You've Been Warned,"James Patterson, Howard Roughan",eng,3.52,16311
444347,"Chasing Vermeer (Chasing Vermeer, #1)","Blue Balliett, Brett Helquist",en-US,3.71,22167
53834,The Jesus I Never Knew,Philip Yancey,en-US,4.18,14955
80630,Turning Angel,Greg Iles,eng,4.11,15669
7743783,"The Unidentified Redhead (Redhead, #1)",Alice Clayton,eng,4.04,24859
7905977,"The Adventures of Ook and Gluk, Kung-Fu Cavemen from the Future","Dav Pilkey, George Beard, Harold Hutchins",en-US,4.13,14512
20413,A Child's Garden of Verses,"Robert Louis Stevenson, Tasha Tudor",eng,4.3,20354
9914,The Informers,Bret Easton Ellis,en-GB,3.39,12898
22054340,"The Queen (The Selection, #0.4)",Kiera Cass,eng,3.93,22362
7202829,"The Devil Colony (Sigma Force, #7)",James Rollins,eng,4.17,16101
7469664,"The Walking Dead, Vol. 12: Life Among Them","Robert Kirkman, Charlie Adlard",eng,4.34,16558
20587777,"Some Luck (Last Hundred Years: A Family Saga, #1)",Jane Smiley,eng,3.61,12644
72657,Pedagogy of the Oppressed,"Paulo Freire, Myra Bergman Ramos, Donaldo Macedo, Richard Shaull",eng,4.25,16401
17262540,"William Shakespeare's Star Wars: Verily, A New Hope (William Shakespeare's Star Wars, #4)",Ian Doescher,eng,3.94,14806
26085,Identity Crisis,"Brad Meltzer, Rags Morales, Michael Bair, Joss Whedon",eng,4.03,16744
10866624,"Unspoken (The Lynburn Legacy, #1)",Sarah Rees Brennan,eng,3.85,22927
112520,"Rama II (Rama, #2)","Arthur C. Clarke, Gentry Lee",fre,3.66,15350
28859,The Gospel According to Jesus Christ,José Saramago,eng,4.26,11301
13477819,"Who Could That Be at This Hour? (All the Wrong Questions, #1)","Lemony Snicket, Seth",en-US,3.83,17497
11765920,"The Calling (Darkness Rising, #2)",Kelley Armstrong,eng,4.1,25930
10450750,Avatar: The Last Airbender: The Lost Adventures,"Bryan Konietzko, Michael Dante DiMartino, Aaron Ehasz, Alison Wilgus, Amy Kim Ganter, Brian Ralph, Corey Lewis, Dave Roman, Elsa Garagarza, Ethan Spaulding, Frank Pittarese, Gurihiru, J. Torres, Joaquim Dos Santos, Johane Matte, John O'Bryan, Joshua Hamilton, Justin Ridge, Kaite Mattila, May Chan, Rawles Marie Lumumba, Reagan Lodge, Tim Hedrick, Tom McWeeney",en-US,4.41,14288
18819296,Hidden,Catherine McKenzie,eng,3.44,13574
7911,Five Little Peppers and How They Grew,Margaret Sidney,eng,4.03,19780
3697927,"Princess of the Midnight Ball (The Princesses of Westfalin Trilogy, #1)",Jessica Day George,eng,3.92,26804
8239301,الطنطورية,"Radwa Ashour, رضوى عاشور",ara,4.32,13931
334818,Miss Rumphius,Barbara Cooney,eng,4.45,20403
762563,Ball Four,Jim Bouton,eng,3.99,12805
21329,"Fables, Vol. 3: Storybook Love","Bill Willingham, Mark Buckingham, Steve Leialoha, James Jean",eng,4.15,24730
56899,Aura,Carlos Fuentes,eng,3.8,11788
31312,The Dance Of Anger: A Woman's Guide to Changing the Patterns of Intimate Relationships,Harriet Lerner,en-US,4.02,14640
900892,A Random Walk Down Wall Street,Burton G. Malkiel,eng,4.05,12774
7129588,Forget You,Jennifer Echols,eng,3.79,24334
16152943,"Wanted (Wanted, #1)",Kelly Elliott,en-US,3.98,22039
21796,Marathon Man,William Goldman,eng,4.11,15659
3870943,The Apothecary's Daughter,Julie Klassen,eng,3.79,15782
16047244,"Rock the Heart (Black Falcon, #1)",Michelle A. Valentine,eng,4.01,28776
76659,"Bearing an Hourglass (Incarnations of Immortality, #2)",Piers Anthony,en-US,3.94,18817
65217,The Five Chinese Brothers,"Claire Huchet Bishop, Kurt Wiese",eng,4.18,20189
9712492,"Providence (Providence, #1)",Jamie McGuire,eng,4.0,23568
15447,"The Source of Magic (Xanth, #2)",Piers Anthony,,3.86,19149
94804,"Days with Frog and Toad (Frog and Toad, #4)",Arnold Lobel,eng,4.24,15912
40470,"Cities of the Plain (The Border Trilogy, #3)",Cormac McCarthy,,4.07,14638
9305362,"Captive Prince (Captive Prince, #1)",C.S. Pacat,eng,3.98,23580
40159,"The King of Attolia (The Queen's Thief, #3)",Megan Whalen Turner,eng,4.37,22724
953260,"Disney after Dark (Kingdom Keepers, #1)","Ridley Pearson, David Frankland",,3.91,18193
5548,What Do You Care What Other People Think?,Richard Feynman,eng,4.28,14948
7146335,Skippy Dies,Paul Murray,eng,3.72,14619
77735,"The Honor of the Queen (Honor Harrington, #2)",David Weber,,4.21,17274
805023,"My Sweet Audrina (Audrina, #1)",V.C. Andrews,,3.92,18549
22027459,"The Atlantis World (The Origin Mystery, #3)",A.G. Riddle,eng,3.93,9240
8635145,"Embrace (The Violet Eden Chapters, #1)",Jessica Shirvington,eng,4.01,19343
192892,"Unnatural Death (Lord Peter Wimsey, #3)",Dorothy L. Sayers,eng,4.11,17742
92250,"Angels in America, Part One: Millennium Approaches",Tony Kushner,en-US,4.27,16814
1617875,My Best Friend's Girl,Dorothy Koomson,,4.02,14811
330721,"Dreaming of You (The Gamblers, #2)",Lisa Kleypas,en-US,4.22,24790
8725,Comfort Me with Apples: More Adventures at the Table,Ruth Reichl,eng,4.02,16021
138134,The Complete Poems,John Keats,eng,4.24,17101
129621,"Almost Heaven (Sequels, #3)",Judith McNaught,eng,4.33,19921
823411,Three Day Road,Joseph Boyden,eng,4.31,14563
30005,Red Harvest,Dashiell Hammett,eng,4.0,15636
17860217,"Trust in Me (Wait for You, #1.5)","J. Lynn, Jennifer L. Armentrout",eng,4.27,27675
204041,"Naruto, Vol. 11: Impassioned Efforts (Naruto, #11)","Masashi Kishimoto, Frances Wall",eng,4.5,15214
9509289,One Summer,David Baldacci,en-US,3.72,16767
350684,"Whitney, My Love (Westmoreland, #2)",Judith McNaught,eng,4.19,23290
785454,Train to Pakistan,Khushwant Singh,en-US,3.85,12439
8407173,Jasper Jones,Craig Silvey,eng,4.06,12680
1963638,The Untethered Soul: The Journey Beyond Yourself,Michael A. Singer,,4.27,14688
20893314,A Brief History of Seven Killings,Marlon James,eng,3.86,13578
6373717,Hold Still,Nina LaCour,en-US,3.99,16238
107772,The Prize,Julie Garwood,eng,4.22,21157
13525938,The Middlesteins,Jami Attenberg,eng,3.42,15075
18736925,Capital in the Twenty-First Century,"Thomas Piketty, Arthur Goldhammer",eng,4.01,13045
202146,Flyboys: A True Story of Courage,James D. Bradley,,4.15,14011
782854,Eloise ,"Kay Thompson, Hilary Knight",eng,4.2,19765
13555073,"The Screaming Staircase (Lockwood & Co., #1)",Jonathan Stroud,eng,4.19,15446
18594633,Summer House with Swimming Pool,Herman Koch,eng,3.39,10230
110090,True History of the Kelly Gang,Peter Carey,en-US,3.8,14347
702539,"Get Shorty (Chili Palmer, #1)",Elmore Leonard,eng,3.95,15747
17302495,"One Tiny Lie (Ten Tiny Breaths, #2)",K.A. Tucker,eng,4.3,27048
113441,The Day of the Locust,"Nathanael West, Alfred Kazin",eng,3.78,15798
98685,Genius: The Life and Science of Richard Feynman,James Gleick,eng,4.16,14853
4618728,Honolulu,Alan Brennert,,4.02,15663
172764,Full Moon Rising (Riley Jenson Guardian #1),Keri Arthur,eng,3.89,25813
107821,Bridge of Sighs,Richard Russo,,3.79,17013
116054,Winter Solstice,Rosamunde Pilcher,eng,4.15,15426
13580951,"United We Spy (Gallagher Girls, #6)",Ally Carter,eng,4.44,22902
6571723,"The Morganville Vampires, Volume 1 (The Morganville Vampires, #1-2)",Rachel Caine,eng,4.36,17329
107664,"Raven's Gate (The Gatekeepers, #1)",Anthony Horowitz,,3.9,18247
20575425,Wolf in White Van,John Darnielle,eng,3.72,14618
91203,Three Comrades,Erich Maria Remarque,eng,4.48,14321
7817785,"Bloody Valentine (Blue Bloods, #5.5)",Melissa de la Cruz,en-US,3.98,19903
5160,The Heart of a Woman,Maya Angelou,eng,4.19,15962
1876770,"Chrzest ognia (Saga o Wiedźminie, #5)",Andrzej Sapkowski,pol,4.36,10840
6266907,"Alex Cross's Trial (Alex Cross, #15)","James Patterson, Richard DiLallo",eng,3.92,17655
2118114,Sway: The Irresistible Pull of Irrational Behavior,"Ori Brafman, Rom Brafman",en-US,3.75,14464
423156,King of the Wind: The Story of the Godolphin Arabian,"Marguerite Henry, Wesley Dennis",eng,4.19,20089
18774981,Waking Up: A Guide to Spirituality Without Religion,Sam Harris,eng,3.87,13778
43037,"The Call of the Wild, White Fang and Other Stories",Jack London,eng,3.97,16717
95784,The Rape of Nanking,Iris Chang,eng,4.08,16875
4005310,Why Evolution Is True,Jerry A. Coyne,,4.15,14637
1627,Brokeback Mountain,Annie Proulx,en-US,3.93,19871
73080,"Nobody's Baby But Mine (Chicago Stars, #3)",Susan Elizabeth Phillips,eng,4.06,26468
17934416,Keep Quiet,Lisa Scottoline,eng,3.76,13556
78985,Sons of Fortune,Jeffrey Archer,eng,3.83,13731
48318,The Solitaire Mystery: A Novel About Family and Destiny,"Jostein Gaarder, Sarah Jane Hails",eng,4.16,11085
15843166,You Are a Badass: How to Stop Doubting Your Greatness and Start Living an Awesome Life,Jen Sincero,,4.04,28346
6104943,Rumour Has It,Jill Mansell,eng,3.83,15669
32429,Dragon Tears,Dean Koontz,,3.72,17573
7937744,Surface Detail (Culture #9),Iain M. Banks,eng,4.22,15651
7785207,"The Mating  (Law of the Lycans, #2)",Nicky Charles,eng,4.02,20109
330947,"The Gates of Rome (Emperor, #1)",Conn Iggulden,eng,4.16,14370
20299683,"Rat Queens, Vol. 1: Sass & Sorcery","Kurtis J. Wiebe, Roc Upchurch",eng,4.2,24959
81903,"Curtain (Hercule Poirot, #39)",Agatha Christie,eng,4.05,18358
77161,"Grass for His Pillow (Tales of the Otori, #2)",Lian Hearn,,4.01,15140
2798094,"Swallowing Darkness (Merry Gentry, #7)",Laurell K. Hamilton,en-US,4.13,23079
21420473,"The Fixed Trilogy (Fixed, #1-3)",Laurelin Paige,eng,4.35,17396
18774020,California,Edan Lepucki,eng,3.22,14870
116295,Guards! Guards!: The Play,"Stephen Briggs, Terry Pratchett",en-GB,4.35,15096
197512,The Pigeon Finds a Hot Dog!,Mo Willems,en-US,4.35,20510
25131600,"Aftermath (Star Wars: Aftermath, #1)",Chuck Wendig,eng,3.15,11207
263148,"Vampireville (Vampire Kisses, #3)",Ellen Schreiber,en-GB,3.92,21676
16349,"Hercule Poirot's Christmas (Hercule Poirot, #20)",Agatha Christie,eng,3.9,17971
15808287,Mrs. Lincoln's Dressmaker,Jennifer Chiaverini,eng,3.41,16366
545425,الرحيق المختوم,Safiy al-Rahman al-Mubarakfuri,ara,4.57,10558
12547098,The Baker's Daughter,Sarah McCoy,eng,3.94,12752
21849362,"The Shadows (Black Dagger Brotherhood, #13)",J.R. Ward,en-US,4.29,20668
920143,Little Red Riding Hood,"Trina Schart Hyman, Johann Grimm, Wilhelm Grimm",eng,4.11,19224
153865,"Captain Underpants and the Attack of the Talking Toilets (Captain Underpants, #2)",Dav Pilkey,en-GB,3.99,25873
12204857,Ghost Boy,"Martin Pistorius, Megan Lloyd Davies",eng,3.96,10303
18077875,Essentialism: The Disciplined Pursuit of Less,Greg McKeown,eng,3.99,16137
16188,"Wideacre  (The Wideacre Trilogy, #1)",Philippa Gregory,eng,3.28,17469
6670,The Magic Finger (Young Puffin Developing Reader),"Roald Dahl, Quentin Blake",eng,3.66,19018
15717721,"If I Were You (Inside Out, #1)",Lisa Renee Jones,eng,4.14,21313
16079228,"Beautifully Damaged (Beautifully Damaged, #1)",L.A. Fiore,eng,3.99,21543
16053316,"Wethering the Storm (The Storm, #2)",Samantha Towle,eng,4.33,26962
30658,Meditations on First Philosophy,"René Descartes, Donald A. Cress",eng,3.69,14811
17491,"The Enchanted Wood (The Faraway Tree, #1)",Enid Blyton,eng,4.24,16470
17286162,"Forever Black (Forever, #1)",Sandi Lynn,eng,3.99,27102
16204,Daisy Miller,Henry James,,3.36,17118
11866694,Arcadia,Lauren Groff,eng,3.65,14622
57605,Pat the Bunny,Dorothy Kunhardt,,4.06,19187
25279165,The Swans of Fifth Avenue,Melanie Benjamin,eng,3.58,13735
229145,"Cardcaptor Sakura, Vol. 1 (Cardcaptor Sakura, #1)","CLAMP, Maria Simpson",eng,4.3,17547
23217,"Size 14 Is Not Fat Either (Heather Wells, #2)",Meg Cabot,eng,3.83,24045
12072362,The Pioneer Woman Cooks: Food from My Frontier ,Ree Drummond,eng,4.31,19153
12706435,"Defiance (Significance, #3)",Shelly Crane,eng,4.31,22767
232577,Gorillas in the Mist,Dian Fossey,en-US,4.16,16551
7663,A Case of Need,"Jeffery Hudson, Michael Crichton",en-US,3.6,14109
16045140,The Love Affairs of Nathaniel P.,Adelle Waldman,en-CA,3.3,12598
16096873,"Revealed (House of Night, #11)","P.C. Cast, Kristin Cast",eng,3.81,17282
28959148,We're All Damaged,Matthew Norman,eng,3.85,16377
6115138,"Sworn to Silence (Kate Burkholder, #1)",Linda Castillo,eng,4.0,17862
12119529,"Magic Breaks (Kate Daniels, #7)",Ilona Andrews,eng,4.52,22583
79649,The Seagull,"Anton Chekhov, Michael Frayn",eng,3.92,15997
7717482,"1Q84 BOOK 3 (1Q84, #3)","Haruki Murakami, 村上 春樹",jpn,3.86,10317
93723,"Boy Meets Girl (Boy, #2)",Meg Cabot,eng,3.82,21851
402015,"Dancing in My Nuddy-Pants (Confessions of Georgia Nicolson, #4)",Louise Rennison,eng,4.01,18451
348,The Door Into Summer,Robert A. Heinlein,eng,4.0,15298
316445,Luna,Julie Anne Peters,en-US,3.86,17859
14280,Runaway,Alice Munro,eng,3.98,13389
886066,"Matter (Culture, #8)",Iain M. Banks,eng,4.03,15438
17825503,Leo,Mia Sheridan,eng,4.06,24793
3103,Maurice,E.M. Forster,eng,4.02,16301
10402992,"New York to Dallas (In Death, #33)","J.D. Robb, Susan Ericksen",eng,4.42,17108
52350,The Stepford Wives,Ira Levin,eng,3.71,17382
161156,The Longest Day,Cornelius Ryan,eng,4.31,14949
6426,Motor Mouth (Alex Barnaby #2),Janet Evanovich,en-US,3.66,20983
215541,"The Reality Bug (Pendragon, #4)",D.J. MacHale,eng,4.15,19049
6528034,True Blue,David Baldacci,eng,3.84,15757
317504,"Mistress of the Empire (The Empire Trilogy, #3)","Raymond E. Feist, Janny Wurts",en-US,4.29,18392
11410430,Defiance (Defiance #1),C.J. Redwine,eng,3.69,22745
20706316,"Winter Street (Winter, #1)",Elin Hilderbrand,eng,3.67,14411
233637,The Hidden Staircase (Nancy Drew #2),"Carolyn Keene, Mildred Benson",en-US,3.94,24872
369110,Captains and the Kings,Taylor Caldwell,eng,4.11,14980
13390528,"The Fallen Angel (Gabriel Allon, #12)",Daniel Silva,eng,4.17,13939
1317181,"Harry Potter and the Order of the Phoenix (Harry Potter, #5, Part 1)",J.K. Rowling,,4.56,16249
97862,"One Tuesday Morning (9/11, #1)",Karen Kingsbury,eng,4.41,14904
8935153,"Hit List (Anita Blake, Vampire Hunter #20)",Laurell K. Hamilton,eng,3.92,21516
34508,Interesting Times: The Play,"Stephen Briggs, Terry Pratchett",eng,4.1,19216
29367958,The Wall of Winnipeg and Me,Mariana Zapata,eng,4.34,29197
170632,Let Me Call You Sweetheart,Mary Higgins Clark,eng,3.84,17472
487445,The Onion Field,Joseph Wambaugh,,4.13,15558
106128,"Break No Bones (Temperance Brennan, #9)",Kathy Reichs,en-US,3.95,19413
10865206,"The Willpower Instinct: How Self-Control Works, Why It Matters, and What You Can Do to Get More of It",Kelly McGonigal,eng,4.11,15318
279561,"Broken Angels (Takeshi Kovacs, #2)",Richard K. Morgan,eng,4.0,15544
21720,"Beyond Reach (Grant County, #6)",Karin Slaughter,eng,4.19,15359
9647532,Fuzzy Nation,John Scalzi,en-US,4.1,17114
643974,"I is for Innocent (Kinsey Millhone, #9)",Sue Grafton,en-US,3.9,21756
5809,V.,Thomas Pynchon,fre,3.97,13485
989313,Heart of Darkness and Selected Short Fiction,"Joseph Conrad, A. Michael Matin",en-US,3.75,18873
472025,Why I Am Not a Christian and Other Essays on Religion and Related Subjects,"Bertrand Russell, Paul  Edwards",eng,4.03,13678
23422,The Art of Travel,Alain de Botton,,3.81,13100
608216,"The Summer Garden (The Bronze Horseman, #3)",Paullina Simons,eng,4.13,15737
25066591,"Cross Justice (Alex Cross, #23)",James Patterson,,4.22,8634
326272,عقاید یک دلقک,"Heinrich Böll, محمد اسماعیل‌زاده",per,4.05,4225
18209468,The Weight of Blood,Laura McHugh,eng,3.73,15533
110396,"When He was Wicked (Bridgertons, #6)",Julia Quinn,eng,4.03,24085
10852027,"V is for Vengeance (Kinsey Millhone, #22)",Sue Grafton,en-US,3.93,18402
303460,"Among the Betrayed (Shadow Children, #3)",Margaret Peterson Haddix,en-US,4.06,19964
22322,"Spook Country (Blue Ant, #2)",William Gibson,en-US,3.66,14855
534289,The I Ching or Book of Changes,"Anonymous, Richard Wilhelm, Cary F. Baynes, C.G. Jung",eng,4.18,12781
153492,"The 39 Steps (Richard Hannay, #1)",John Buchan,,3.6,12704
10252302,Blue Nights,Joan Didion,eng,3.75,15852
48484,"Blindsight (Firefall, #1)",Peter Watts,eng,3.99,14583
17674991,Paddle Your Own Canoe: One Man's Fundamentals for Delicious Living,Nick Offerman,eng,3.64,13627
7619398,"American Vampire, Vol. 1","Scott Snyder, Stephen King, Rafael Albuquerque",eng,3.98,17578
3080212,"Heat Lightning (Virgil Flowers, #2)",John Sandford,eng,4.16,16507
16619,Democracy in America ,"Alexis de Tocqueville, Isaac Kramnick, Gerald Bevan",eng,3.99,15917
43932,Drop Shot (Myron Bolitar #2),Harlan Coben,eng,3.92,17128
8951,"The Lake of Souls (Cirque Du Freak, #10)",Darren Shan,,4.19,16803
16081754,"Find You in the Dark (Find You in the Dark, #1)",A. Meredith Walters,eng,3.98,24615
4313522,The School of Essential Ingredients,Erica Bauermeister,en-US,3.78,16853
13281637,"Intuition (The Premonition, #2)",Amy A. Bartol,en-US,4.29,18472
3276012,Azincourt,Bernard Cornwell,en-GB,4.11,14098
30512,Paddy Clarke Ha Ha Ha,Roddy Doyle,,3.75,15044
77699,Dinner at the Homesick Restaurant,Anne Tyler,eng,3.82,17203
787660,"Heaven (Casteel, #1)",V.C. Andrews,eng,4.01,17289
47881,"Charlie Bone and the Hidden King (The Children of the Red King, #5)",Jenny Nimmo,,3.98,18899
18825,Money,Martin Amis,en-GB,3.71,14703
216131,"Secret Prey (Lucas Davenport, #9)",John Sandford,en-GB,4.25,16964
34871,The Complete Clive Barker's The Great And Secret Show,"Chris Ryall, Gabriel Rodríguez, Clive Barker",eng,4.21,15599
754713,His Last Bow: 8 Stories,Arthur Conan Doyle,eng,4.27,20057
761575,House Atreides (Prelude to Dune #1),"Brian Herbert, Kevin J. Anderson",eng,3.69,16739
244572,"Charmed Life (Chrestomanci, #1)",Diana Wynne Jones,eng,3.95,21896
229432,The Pickwick Papers,Charles Dickens,eng,3.82,17080
2615008,Netherland,Joseph O'Neill,eng,3.4,13314
75020,The Romanov Prophecy,Steve Berry,eng,3.9,17052
6660747,Ecstasy Unveiled (Demonica #4),Larissa Ione,eng,4.36,23366
1096390,The Uncommon Reader,Alan Bennett,eng,3.82,16957
22911,Amerika,"Franz Kafka, بهرام مقدادی",eng,3.73,14500
831829,"30 Days of Night, Vol. 1","Steve Niles, Ben Templesmith",,3.81,15532
197459,"Sunset (Warriors: The New Prophecy, #6)",Erin Hunter,en-US,4.35,20148
9666241,النبطي,"يوسف زيدان, Youssef Ziedan",ara,3.43,11218
11045709,When She Woke,Hillary Jordan,eng,3.67,19553
300226,The Naked Face,Sidney Sheldon,eng,3.51,13862
93726,"Princess in Training (The Princess Diaries, #6)",Meg Cabot,,3.7,23199
1566053,The Portable Atheist: Essential Readings for the Nonbeliever,"Christopher Hitchens, Titus Lucretius Carus, Omar Khayyám, Thomas Hobbes, Baruch Spinoza, David Hume, James Boswell, Percy Bysshe Shelley, George Eliot, Charles Darwin, Leslie Stephen, Anatole France, Mark Twain, Joseph Conrad, Thomas Hardy, Emma Goldman, H.P. Lovecraft, Carl Van Doren, H.L. Mencken, Sigmund Freud, Albert Einstein, George Orwell, John Betjeman, Chapman Cohen, Bertrand Russell, Philip Larkin, Martin Gardner, Carl Sagan, John Updike, John Leslie Mackie, Michael Shermer, A.J. Ayer, Daniel C. Dennett, Charles Templeton, Richard Dawkins, Victor J. Stenger, Elizabeth S.  Anderson, Penn Jillette, Ian McEwan, Steven Weinberg, Salman Rushdie, Ibn Warraq, Sam Harris, A.C. Grayling, Ayaan Hirsi Ali, John Stuart Mill, Karl Marx",eng,4.02,14209
7715664,Sin Undone (Demonica #5),Larissa Ione,eng,4.35,22815
10238,The Tao of Physics: An Exploration of the Parallels between Modern Physics and Eastern Mysticism,Fritjof Capra,eng,3.96,12576
16114861,"Unbeautifully (Undeniable, #2)",Madeline Sheehan,eng,4.38,26701
26158341,The Girl With No Past,Kathryn Croft,en-US,3.59,15572
18077752,"Acceptance (Southern Reach, #3)",Jeff VanderMeer,eng,3.58,13765
12958487,"Lady Luck (Colorado Mountain, #3)",Kristen Ashley,eng,4.44,28620
6609714,"The Lonely Hearts Club (The Lonely Hearts Club, #1)",Elizabeth Eulberg,eng,3.83,18208
107776,"Ransom (Highlands' Lairds, #2)",Julie Garwood,en-US,4.33,22116
16316,"The Big Four (Hercule Poirot, #5)",Agatha Christie,eng,3.6,17820
16424,"Peril at End House (Hercule Poirot, #8)",Agatha Christie,eng,3.89,19463
23346719,Disclaimer,Renée Knight,eng,3.58,11329
15743078,"The Divergent Series 2-Book Collection (Divergent, #1-2)",Veronica Roth,eng,4.56,12490
10314376,The Prague Cemetery,"Umberto Eco, Richard Dixon",en-US,3.39,11974
7176578,Beatrice and Virgil,Yann Martel,eng,3.13,15076
885744,"Shaman King, Vol. 1: A Shaman in Tokyo",Hiroyuki Takei,eng,4.14,14043
187049,"From the Two Rivers: The Eye of the World, Part 1 (Wheel of time, #1-1)",Robert Jordan,eng,4.26,13686
33426,Hyperspace,Michio Kaku,eng,4.11,13941
835623,How the Mind Works,Steven Pinker,eng,3.97,13516
17925397,"A Castle of Sand (A Shade of Vampire, #3)",Bella Forrest,eng,4.1,18998
8139321,"Leaving (Bailey Flanigan, #1)",Karen Kingsbury,en-US,4.22,13616
3763,"Live and Let Die (James Bond, #2)",Ian Fleming,eng,3.62,14230
11873368,The World of the Hunger Games (Hunger Games Trilogy),Kate Egan,en-US,4.48,15060
584637,Utilitarianism,"John Stuart Mill, George Sher",eng,3.65,14699
11861815,"Winger (Winger, #1)",Andrew  Smith,eng,4.08,18596
25142924,The Magic Strings of Frankie Presto,Mitch Albom,eng,4.32,15701
23157777,"Fool's Quest  (The Fitz and The Fool, #2)",Robin Hobb,eng,4.53,12374
127515,Invasion of the Body Snatchers,Jack Finney,eng,3.88,14700
824508,Smack,Melvin Burgess,en-US,3.87,11971
22381892,Killing Patton: The Strange Death of World War II's Most Audacious General,"Bill O'Reilly, Martin Dugard",eng,4.08,13706
8686068,The Devotion of Suspect X,"Keigo Higashino, Alexander O. Smith",,4.05,12336
227778,"Charlie Bone and the Time Twister (The Children of the Red King, #2)",Jenny Nimmo,,3.88,18374
23965,Porno,Irvine Welsh,,3.78,13049
106129,"Charlie Bone and the Invisible Boy (The Children of the Red King, #3)",Jenny Nimmo,eng,3.89,19080
13603717,"First Shift: Legacy (Shift, #1)",Hugh Howey,eng,4.21,15136
6455256,"Worst Case (Michael Bennett, #3)","James Patterson, Michael Ledwidge",eng,4.0,16461
93797,The Unlikely Spy,Daniel Silva,eng,4.22,14928
5111039,"Royal Blood (Vampire Kisses, #6)",Ellen Schreiber,eng,4.09,20049
15018,"Conversations With God: An Uncommon Dialogue, Book 3",Neale Donald Walsch,eng,4.18,12301
24728470,M Train,Patti Smith,eng,3.94,15634
91440,Love Medicine,Louise Erdrich,en-US,3.98,15351
7932146,"The Inner Circle (Culper Ring, #1)",Brad Meltzer,eng,3.76,14706
669570,"Dragon Slippers (Dragon Slippers, #1)",Jessica Day George,en-US,4.22,20916
26025989,The Princess Diarist,Carrie Fisher,eng,3.66,18655
8447255,"The Crippled God (The Malazan Book of the Fallen, #10)",Steven Erikson,eng,4.44,14472
13545345,"Tales from a Not-So-Graceful Ice Princess (Dork Diaries, #4)",Rachel Renée Russell,,4.38,13618
7124095,"Gone (Wake, #3)",Lisa McMann,eng,3.72,24393
105703,Pride of Baghdad,"Brian K. Vaughan, Niko Henrichon",eng,3.88,17203
23929479,Soumission,Michel Houellebecq,fre,3.63,6967
1897,Eiger Dreams: Ventures Among Men and Mountains,Jon Krakauer,,3.97,14010
29397,"Woken Furies (Takeshi Kovacs, #3)",Richard K. Morgan,eng,4.1,14540
24709327,"Scion of Ikshvaku (RamChandra, #1)",Amish Tripathi,eng,3.69,12458
7719355,"Blameless (Parasol Protectorate, #3)",Gail Carriger,eng,4.01,26921
12499,Belly Laughs: The Naked Truth About Pregnancy and Childbirth,Jenny McCarthy,,3.72,12382
567704,Imajica,Clive Barker,eng,4.16,15600
53343,On Writing Well: The Classic Guide to Writing Nonfiction,William Zinsser,eng,4.23,14564
134353,I'm OK - You're OK,Thomas A. Harris,en-US,3.7,12756
22026,The Sicilian,Mario Puzo,eng,3.94,13800
25776210,"Fire Touched (Mercy Thompson, #9)",Patricia Briggs,eng,4.35,18123
34312,The Copper Beech,Maeve Binchy,eng,3.89,16931
1422926,Frosty the Snow Man,"Jane Werner Watson, Corinne Malvern",,4.25,16375
2696181,"The Compound (The Compound, #1)",S.A. Bodeen,en-US,3.87,17687
12663,The Covenant,James A. Michener,en-GB,4.17,15610
141828,L'Écume des jours,Boris Vian,fre,4.02,13580
10637748,"The Pledge (The Pledge, #1)",Kimberly Derting,eng,3.8,25322
85491,The Villa,Nora Roberts,en-US,3.94,20328
17729712,"Beautiful Broken Rules (Broken, #1)",Kimberly Lauren,eng,4.15,20457
180426,"Dark Desire (Dark, #2)",Christine Feehan,en-US,4.2,21606
13170596,"Fragments (Partials Sequence, #2)",Dan Wells,eng,4.12,19108
10428803,"A Rogue by Any Other Name (The Rules of Scoundrels, #1)",Sarah MacLean,eng,3.95,21565
92307,Being and Time,Martin Heidegger,eng,3.99,14383
4652,In Our Time,Ernest Hemingway,,3.8,14912
25078,Savage Inequalities: Children in America's Schools,Jonathan Kozol,en-US,4.23,13743
6605625,"The Enemy (The Enemy, #1)",Charlie Higson,eng,4.08,12531
7201,As the Crow Flies,Jeffrey Archer,,4.05,14415
142540,"The Empty Chair (Lincoln Rhyme, #3)",Jeffery Deaver,en-US,4.06,16751
18869967,Jamaica Inn,Daphne du Maurier,eng,3.85,8392
428042,"Airborn (Matt Cruse, #1)",Kenneth Oppel,eng,4.16,18717
219535,The Other,Thomas Tryon,eng,3.99,15719
24473465,"The English Spy (Gabriel Allon, #15)",Daniel Silva,eng,4.16,7983
10431447,"Wildwood (Wildwood Chronicles, #1)","Colin Meloy, Carson Ellis",eng,3.63,18770
9957,The Cement Garden,Ian McEwan,eng,3.57,14418
28507,"Serpent Mage (The Death Gate Cycle, #4)","Margaret Weis, Tracy Hickman",eng,4.06,17270
74812,Born on a Blue Day: Inside the Extraordinary Mind of an Autistic Savant,Daniel Tammet,en-US,3.84,14287
17560674,"The Bet (The Bet, #1)",Rachel Van Dyken,eng,3.85,26437
8564644,Little Princes: One Man's Promise to Bring Home the Lost Children of Nepal,Conor Grennan,en-US,4.25,14765
968403,The Descendants,Kaui Hart Hemmings,,3.82,14124
29610595,Too Late,Colleen Hoover,eng,4.03,15113
954303,"Kitchen Princess, Vol. 01 (Kitchen Princess, #1)","Natsumi Ando, Miyuki Kobayashi",en-US,4.16,16281
79834,Lust for Life,Irving Stone,eng,4.19,13082
5585788,"Skinwalker (Jane Yellowrock, #1)",Faith Hunter,en-US,3.89,23233
648194,Hissy Fit,Mary Kay Andrews,en-GB,3.96,16406
11343348,Private Games (Private #3),"James Patterson, Mark T. Sullivan",eng,3.83,14358
109901,"The Cold Dish (Walt Longmire, #1)",Craig Johnson,eng,4.14,14491
21060,Crown Duel (Crown & Court #1-2),Sherwood Smith,,4.19,19546
731804,Pinkalicious,"Victoria Kann, Elizabeth Kann",en-US,4.05,16585
5936,The Poetry of Pablo Neruda,"Pablo Neruda, Ilan Stavans",en-US,4.44,14596
2872,Falling Angels,Tracy Chevalier,eng,3.55,18465
194086,Sleeping Arrangements,Madeleine Wickham,eng,3.24,15689
9975679,"Ashes (Ashes Trilogy, #1)",Ilsa J. Bick,eng,3.94,19532
91582,Lady Susan,"Jane Austen, Robert William Chapman",eng,3.56,17003
18105011,"Sweet Home (Sweet Home, #1)",Tillie Cole,eng,4.05,28658
35354,Remember Me,Mary Higgins Clark,,3.91,16963
1107001,The Silver Palate Cookbook,"Julee Rosso, Sheila Lukins, Michael McLaughlin",,4.06,15267
106648,Memories of Midnight,Sidney Sheldon,eng,3.68,14196
460635,The Bone People,Keri Hulme,en-US,4.06,15110
295305,"Wolf Brother (Chronicles of Ancient Darkness, #1)","Michelle Paver, Geoff Taylor",en-US,4.15,15673
17608111,"The Crimson Campaign (Powder Mage, #2)",Brian  McClellan,eng,4.35,14292
15984268,The Universe Versus Alex Woods,Gavin Extence,eng,4.08,12573
296125,"Stormy, Misty's Foal (Misty, #3)",Marguerite Henry,eng,4.06,17412
6735082,"Bakuman, Band 1: Traum und Realität","Tsugumi Ohba, Takeshi Obata, Diana Hammermeister",ger,4.18,14391
73084,"Heaven, Texas (Chicago Stars, #2)",Susan Elizabeth Phillips,en-US,4.08,23857
639787,"The Murder on the Links (Hercule Poirot, #2)",Agatha Christie,eng,3.8,18834
12331767,High-Rise,J.G. Ballard,,3.68,9054
18304,The Anti-Christ,"Friedrich Nietzsche, H.L. Mencken",eng,3.91,10332
110890,The Looming Tower: Al-Qaeda and the Road to 9/11,Lawrence Wright,en-US,4.38,12737
16685,The Cat Who Walks Through Walls (The World As Myth),Robert A. Heinlein,en-US,3.7,17892
32438,Shattered,"K.R. Dwyer, Dean Koontz",eng,3.87,17224
38505,Hollywood,Charles Bukowski,,3.78,12923
2999282,"Dexter By Design (Dexter, #4)",Jeff Lindsay,en-GB,3.72,16086
7073,A Son of the Circus,John Irving,,3.61,14878
10618,Apt Pupil,Stephen King,eng,3.83,17198
84052,"Morning, Noon & Night",Sidney Sheldon,eng,3.62,12679
238141,"Memory in Death (In Death, #22)",J.D. Robb,eng,4.31,19613
46114,The Waves,Virginia Woolf,en-US,4.14,15965
280410,The Nine: Inside the Secret World of the Supreme Court,Jeffrey Toobin,en-US,4.06,12426
9724798,The Violets of March,Sarah Jio,en-US,3.8,17379
8574333,Please Look After Mom,"Kyung-Sook Shin, 신경숙, Chi-Young Kim",eng,3.76,12130
243298,"The Shining Ones (The Tamuli, #2)",David Eddings,,3.95,19083
105973,House of M,"Brian Michael Bendis, Olivier Coipel, Tim Townsend, Rick Magyar, John Dell, Scott Hanna, Frank D'Armata, Chris Eliopoulos, James Taveras, Omar Otieku, Tom Valente, Esad Ribic",eng,3.97,14960
6178065,"Tenth Grade Bleeds (The Chronicles of Vladimir Tod, #3)",Heather Brewer,en-US,4.24,17579
42696,Trinity,Leon Uris,,4.23,16056
667234,The Cat in the Hat Comes Back,Dr. Seuss,en-US,3.83,22229
316496,Oscar and Lucinda,Peter Carey,eng,3.72,15139
7058,"The Good Husband of Zebra Drive (No. 1 Ladies' Detective Agency, #8)",Alexander McCall Smith,en-US,4.06,18329
827685,Up from Slavery,"Booker T. Washington, Ishmael Reed",eng,4.09,15038
93796,"The Secret Servant (Gabriel Allon, #7)",Daniel Silva,eng,4.25,14335
11201007,"Hearts in Darkness (Hearts in Darkness, #1)",Laura Kaye,eng,3.86,20939
61903,"Shards of Honour  (Vorkosigan Saga, #1)",Lois McMaster Bujold,eng,4.13,16756
71292,"Asterix the Gaul (Asterix, #1)","René Goscinny, Albert Uderzo, Anthea Bell, Derek Hockridge",eng,4.18,16011
112872,"A Light in the Window (Mitford Years, #2)",Jan Karon,,4.23,17083
16055475,"The Forever of Ella and Micha (The Secret, #2)",Jessica Sorensen,eng,4.1,24776
2210921,"Say Goodbye (Quincy & Rainie, #6)",Lisa Gardner,eng,4.12,16057
579143,Scuffy the Tugboat (Big Little Golden Book),Gertrude Crampton,,4.11,17186
111021,"Dawn (Warriors: The New Prophecy, #3)",Erin Hunter,en-US,4.31,19824
239388,Just Me and My Dad (Little Critter),Mercer Mayer,en-US,4.19,16315
34760,All I Really Need to Know I Learned in Kindergarten,Robert Fulghum,eng,4.03,15816
144792,Temple,Matthew Reilly,eng,4.04,14961
555500,"Peter and the Secret of Rundoon (Peter and the Starcatchers, #3)","Dave Barry, Ridley Pearson, Greg Call",en-US,4.16,18570
3858,Holy Cow: An Indian Adventure,Sarah Macdonald,eng,3.51,13627
13272498,"Last to Die (Rizzoli & Isles, #10)",Tess Gerritsen,,4.1,16036
6931246,Kraken,China Miéville,,3.6,16078
10031,The Wall,Jean-Paul Sartre,eng,4.07,12180
18764826,The House We Grew Up In,Lisa Jewell,eng,3.88,11546
13337715,"A Dance with Dragons: Dreams and Dust (A Song of Ice and Fire #5, Part 1 of 2)",George R.R. Martin,en-GB,4.32,11636
10517947,"Full Black (Scot Harvath, #10)",Brad Thor,en-US,4.26,13240
17989312,The Sisterhood,Helen Bryan,en,3.75,7967
17488,"Five on a Treasure Island (Famous Five, #1)",Enid Blyton,eng,4.06,15877
675905,Summer People,Elin Hilderbrand,eng,3.93,14369
70489,There's Treasure Everywhere: A Calvin and Hobbes Collection,Bill Watterson,eng,4.74,16766
282425,"Boys Over Flowers: Hana Yori Dango, Vol. 1 (Boys Over Flowers, #1)","Yoko Kamio, 神尾葉子",eng,4.12,14295
7841446,"In the Plex: How Google Thinks, Works, and Shapes Our Lives",Steven Levy,en-US,3.83,18464
28923,When We Were Orphans,Kazuo Ishiguro,eng,3.45,13886
17833099,"Price of a Kiss (Forbidden Men, #1)",Linda Kage,eng,4.1,25625
6407014,Stitches,David Small,eng,4.03,17589
10836810,The Last Nude,Ellis Avery,en-US,3.77,13280
58894,"Daja's Book (Circle of Magic, #3)",Tamora Pierce,eng,4.06,22695
61926,"All the Weyrs of Pern (Pern, #11)",Anne McCaffrey,eng,4.15,18265
23714532,"Beautiful Sacrifice (The Maddox Brothers, #3)",Jamie McGuire,eng,4.08,21020
91989,"Black Powder War (Temeraire, #3)",Naomi Novik,en-US,3.9,18778
107789,"Heartbreaker (Buchanan-Renard, #1)",Julie Garwood,en-US,4.02,19000
839263,David Goes To School,David Shannon,eng,4.16,15654
58893,"Briar's Book (Circle of Magic, #4)",Tamora Pierce,eng,4.14,23152
480570,"The First Man in Rome (Masters of Rome, #1)",Colleen McCullough,eng,4.08,15362
175242,"Every Dead Thing (Charlie Parker, #1)",John Connolly,eng,4.01,14390
93801,"The Confessor (Gabriel Allon, #3)",Daniel Silva,eng,4.14,13166
217376,"The Wallflower, Vol. 1 (The Wallflower, #1)","Tomoko Hayakawa, David Ury",eng,4.15,16399
10869746,Rise of the Governor (The Walking Dead #1),"Robert Kirkman, Jay Bonansinga",eng,3.9,13076
66683,"The Thousand Orcs (Forgotten Realms: Hunter's Blades, #1; Legend of Drizzt, #14)",R.A. Salvatore,eng,4.08,14329
26131641,Miller's Valley,Anna Quindlen,en-GB,3.89,12391
18452,The Painted Bird,Jerzy Kosiński,,3.94,14284
34310,The Glass Lake,Maeve Binchy,eng,3.89,16073
96884,The Happiness Hypothesis: Finding Modern Truth in Ancient Wisdom,Jonathan Haidt,eng,4.12,13282
204779,The Masque of the Red Death,Edgar Allan Poe,eng,4.08,17728
7438179,The Evolutionary Void,Peter F. Hamilton,eng,4.25,13440
7100490,"The Forbidden Game (The Forbidden Game, #1-3)",L.J. Smith,en-US,4.19,18443
1754206,Perfect You,Elizabeth Scott,en-US,3.7,20858
37398,Jazz,Toni Morrison,eng,3.78,14853
89369,The Te of Piglet,Benjamin Hoff,eng,3.81,13325
22193,"You're the One That I Want (Gossip Girl, #6)",Cecily von Ziegesar,eng,3.71,16643
158516,The Twelve Chairs,"Ilya Ilf, Eugene Petrov, Maurice Friedberg, John H.C. Richardson",,4.42,13688
427920,"Chicken Soup for the Teenage Soul: 101 Stories of Life, Love and Learning (Chicken Soup for the Soul)","Jack Canfield, Mark Victor Hansen, Kimberly Kirberger",eng,3.91,14722
18656036,The Fever,Megan Abbott,,3.12,14775
125423,The Very Quiet Cricket,Eric Carle,en-US,4.07,17016
393146,"The Naming (The Books of Pellinor, #1)",Alison Croggon,en-US,4.0,19214
155421,"Something from the Nightside (Nightside, #1)",Simon R. Green,eng,3.77,19206
905092,The Millionaire Mind,Thomas J. Stanley,,4.15,14795
84054,The Stars Shine Down,Sidney Sheldon,eng,3.65,12874
676555,The Beatles Anthology,"The Beatles, Paul McCartney, Ringo Starr, John Lennon, George Harrison",eng,4.38,12474
7640261,Sex at Dawn: The Prehistoric Origins of Modern Sexuality,"Christopher  Ryan, Cacilda Jethá",en-US,4.02,12521
37451,"You Know You Love Me (Gossip Girl, #2)",Cecily von Ziegesar,en-US,3.53,18052
6609490,Night World: The Ultimate Fan Guide,"Annette Pollert, L.J. Smith",,4.36,13626
835202,A Chair for My Mother,Vera B. Williams,eng,4.2,19919
12021,The Crow Road,Iain Banks,eng,4.07,14365
46661,The Book of Joe,Jonathan Tropper,en-US,3.95,13064
68380,Dragonlance Chronicles (Dragonlance #1-3),"Margaret Weis, Tracy Hickman",,4.21,13553
1003761,"Beauty Pop, Vol. 1 (Beauty Pop, #1)",Kiyoko Arai,eng,4.15,16223
79879,From Head to Toe,Eric Carle,,4.18,16074
48758,Boy Meets Girl: Say Hello to Courtship,Joshua Harris,en-GB,3.78,13868
21328,"Fables, Vol. 6: Homelands","Bill Willingham, Mark Buckingham, David Hahn, Steve Leialoha",eng,4.3,18893
20761374,"Reasonable Doubt: Volume 1 (Reasonable Doubt, #1)",Whitney G.,eng,4.13,25788
2924318,"Home (Gilead, #2)",Marilynne Robinson,eng,3.97,13851
23647129,For the Love: Fighting for Grace in a World of Impossible Standards,Jen Hatmaker,,4.1,16200
16299256,"The Game Changer (The Perfect Game, #2)",J. Sterling,en,4.11,23295
18775297,"Sweet Filthy Boy (Wild Seasons, #1)",Christina Lauren,eng,4.16,25337
44133,The Winter's Tale,William Shakespeare,eng,3.69,15385
3437328,The Temporal Void,Peter F. Hamilton,eng,4.24,13478
19536001,"Sex Criminals, Vol. 1: One Weird Trick","Matt Fraction, Chip Zdarsky",eng,3.99,22017
31157,"The Rising: Antichrist is Born  (Before They Were Left Behind, #1)","Tim LaHaye, Jerry B. Jenkins",eng,4.18,13412
16070143,"Teardrop (Teardrop, #1)",Lauren Kate,eng,3.65,18998
6495359,"The Scarpetta Factor (Kay Scarpetta, #17)",Patricia Cornwell,en-US,3.67,16388
20443235,"The Winner's Kiss (The Winner's Trilogy, #3)",Marie Rutkoski,eng,4.29,23125
17377032,"Bad Things (Tristan & Danika, #1)",R.K. Lilley,eng,4.33,27420
77449,"Here be Dragons (Welsh Princes, #1)",Sharon Kay Penman,eng,4.3,16205
9762,Loving What Is: Four Questions That Can Change Your Life,"Byron Katie, Stephen Mitchell",,4.15,12568
11824,The Whipping Boy,"Sid Fleischman, Peter Sís",eng,3.54,18090
31538635,"Short Stories from Hogwarts of Heroism, Hardship and Dangerous Hobbies (Pottermore Presents, #1)","J.K. Rowling, MinaLima",eng,4.22,16285
48811,Nancy Drew: #1-64,Carolyn Keene,eng,4.19,16743
275245,Pygmalion and Three Other Plays,"George Bernard Shaw, John A. Bertolini",en-US,4.01,16568
35430,"Path of Destruction (Star Wars: Darth Bane, #1)",Drew Karpyshyn,eng,4.25,13197
23743603,Miramont's Ghost,Elizabeth  Hall,en-GB,3.34,14295
10401084,"Storm (Elemental, #1)",Brigid Kemmerer,en-US,3.96,21281
9462775,"The Last Little Blue Envelope (Little Blue Envelope, #2)",Maureen Johnson,en-US,3.86,19275
16884,The Making of the Atomic Bomb,Richard Rhodes,eng,4.32,12201
7979073,Minding Frankie,Maeve Binchy,eng,3.78,15606
95607,Unveiled: Tamar (Lineage of Grace #1),Francine Rivers,,4.26,14441
92254,"Angels in America, Part Two: Perestroika",Tony Kushner,en-US,4.26,16498
92373,The Third Twin,Ken Follett,en-GB,3.64,14499
99219,"The Butlerian Jihad (Legends of Dune, #1)","Brian Herbert, Kevin J. Anderson",eng,3.57,14868
181206,The 80/20 Principle: The Secret to Achieving More with Less,Richard Koch,,3.99,13241
782580,The Complete Poetry and Prose,"William Blake, David V. Erdman, Harold Bloom",en-US,4.23,14157
30008702,Nutshell,Ian McEwan,eng,3.71,10904
13619,"Death Note, Vol. 2: Confluence (Death Note, #2)","Tsugumi Ohba, Takeshi Obata",eng,4.42,20177
93371,"Akira, Vol. 1","Katsuhiro Otomo, Yoko Umezawa, Linda M. York, Jo Duffy",eng,4.36,16116
243601,"Imperium: A Novel of Ancient Rome (Cicero, #1)",Robert   Harris,en-US,4.05,13959
40722,The Sportswriter,Richard Ford,,3.7,12606
47620,"Grim Tuesday (The Keys to the Kingdom, #2)",Garth Nix,,3.86,19133
7963189,Le bleu est une couleur chaude,Julie Maroh,fre,3.92,8504
25489012,The Road to Little Dribbling: Adventures of an American in Britain,Bill Bryson,eng,3.71,9694
15942636,"The Firebird (Slains, #2)",Susanna Kearsley,eng,4.08,12421
1753714,"Gakuen Alice, Vol. 01 (Gakuen Alice, #1)","Tachibana Higuchi, 樋口 橘",eng,4.23,15373
63832,Blue Highways,William Least Heat-Moon,,4.0,15693
31181,Breathing Lessons,Anne Tyler,eng,3.66,18053
112200,Selected Poems,Emily Dickinson,eng,4.16,16218
219499,The Strange Case of Dr. Jekyll and Mr. Hyde and Other Stories ,"Robert Louis Stevenson, Jenny Davidson",eng,3.96,20812
1055617,The Miracle of Forgiveness,Spencer W. Kimball,,4.37,13795
6718608,Juliet,Anne Fortier,en-US,3.9,19328
9394010,The Darkest Secret (Lords of the Underworld #7),Gena Showalter,eng,4.32,23247
23602473,God Help the Child,Toni Morrison,eng,3.7,12228
2795053,"The Umbrella Academy, Vol. 1: The Apocalypse Suite","Gerard Way, Gabriel Bá, Dave Stewart, Nate Piekos, Tony Ong",eng,3.97,17384
13605723,"Sentinel (Covenant, #5)",Jennifer L. Armentrout,eng,4.49,24150
98233,Founders at Work: Stories of Startups' Early Days,Jessica Livingston,en-US,3.94,15049
16045855,"Crush (Crush, #1)",Lacey Weatherford,en-GB,3.97,22025
2331954,"Infected (Infected, #1)",Scott Sigler,en-US,3.85,14346
15777621,This Song Will Save Your Life,Leila Sales,eng,3.95,19947
765811,The Women of Brewster Place,Gloria Naylor,en-US,4.13,14777
23017947,"Ms. Marvel, Vol. 2: Generation Why","G. Willow Wilson, Adrian Alphona, Jacob Wyatt",eng,4.14,17048
56480,Passion and Purity: Learning to Bring Your Love Life Under Christ's Control,Elisabeth Elliot,,4.15,13767
13406425,"Burn for Burn (Burn for Burn, #1)","Jenny Han, Siobhan Vivian",eng,3.87,18772
10131648,The Greater Journey: Americans in Paris,David McCullough,eng,3.9,14001
429883,"The Hidden City (The Tamuli, #3)",David Eddings,eng,3.97,18718
22915460,The Glassblower,"Petra Durst-Benning, Samuel Willcocks",eng,3.87,13478
12712435,Seating Arrangements,Maggie Shipstead,,3.02,14243
6750,The Broom of the System,David Foster Wallace,,3.84,13011
5082599,Practice Makes Perfect (Berkley Sensation),Julie James,eng,3.99,23783
81524,"The Dark Hills Divide (The Land of Elyon, #1)",Patrick Carman,en-US,3.71,19358
17331518,"Fracture Me (Shatter Me, #2.5)",Tahereh Mafi,eng,3.77,24092
25251757,You Will Know Me,Megan Abbott,eng,3.45,17002
119829,The Sunne in Splendour,Sharon Kay Penman,eng,4.4,15364
384597,Arcadia,Tom Stoppard,en-US,4.19,15362
16130986,An Innocent Client,Scott Pratt,eng,4.16,8045
918789,West Side Story,Irving Shulman,,4.12,16593
24870,"The Masterharper of Pern (Pern, #15)",Anne McCaffrey,eng,4.22,18322
2272880,The Drunkard's Walk: How Randomness Rules Our Lives,Leonard Mlodinow,eng,3.88,12818
13097901,"Merry Christmas, Alex Cross (Alex Cross, #19)",James Patterson,eng,3.85,12343
3368,Don't Make Me Think: A Common Sense Approach to Web Usability,Steve Krug,en-US,4.24,7296
45020,"Shakespeare's Landlord (Lily Bard, #1)",Charlaine Harris,eng,3.76,21091
13183957,"Shadows (Lux, #0.5)",Jennifer L. Armentrout,eng,4.16,26697
8100267,"Pathfinder (Pathfinder, #1)",Orson Scott Card,en-US,3.98,16979
29340182,Shrill: Notes from a Loud Woman,Lindy West,eng,4.23,15258
47959,"Queen of the Darkness (The Black Jewels, #3)",Anne Bishop,,4.37,19743
21518647,"Axel (Corps Security, #1)",Harper Sloan,,4.13,9556
8419428,"A Lot like Love (FBI/US Attorney, #2)",Julie James,eng,4.09,23883
123170,"Big Red (Big Red, #1)","Jim Kjelgaard, Carl Pfeuffer",,4.11,15923
767307,"The Angel of Darkness (Dr. Laszlo Kreizler, #2)",Caleb Carr,en-US,3.94,16343
13337716,"A Dance with Dragons: After the Feast (A Song of Ice and Fire #5, Part 2 of 2)",George R.R. Martin,eng,4.41,11486
386421,I Was So Mad,Mercer Mayer,en-GB,4.21,15379
6224895,"Silver Blaze (The Memoirs of Sherlock Holmes, #1)",Arthur Conan Doyle,eng,4.18,14024
25657,Sellevision,Augusten Burroughs,,3.54,12934
16315,Crooked House,Agatha Christie,eng,3.98,15657
316845,"The Sword in the Stone (The Once and Future King, #1)",T.H. White,eng,3.92,17104
82780,"The Year of Secret Assignments (Ashbury/Brookfield, #2)",Jaclyn Moriarty,eng,3.9,16357
21412673,"Prince Lestat (The Vampire Chronicles, #11)",Anne Rice,eng,3.76,12463
95693,The Blue Castle ,L.M. Montgomery,en-US,4.23,18190
4279056,The Gift,Cecelia Ahern,en-GB,3.68,15310
15797722,"Deeply Odd (Odd Thomas, #6)",Dean Koontz,eng,4.01,8881
102324,"Swamp Thing, Vol. 1: Saga of the Swamp Thing","Alan Moore, Stephen R. Bissette, John Totleben, Rick Veitch, Ramsey Campbell",eng,4.2,16374
63432,"3001: The Final Odyssey (Space Odyssey, #4)",Arthur C. Clarke,,3.49,14392
21683,"Prayers for Rain (Kenzie & Gennaro, #5)",Dennis Lehane,,4.08,14713
7701275,"The Immortals Boxed Set (The Immortals, #1-3)",Alyson Noel,,4.28,13128
16372,"The Mirror Crack'd from Side to Side (Miss Marple, #9)",Agatha Christie,eng,3.89,20177
6481245,"Shades of Midnight (Midnight Breed, #7)",Lara Adrian,en-US,4.28,21786
196951,The Hat,Jan Brett,eng,4.25,17033
11988046,"Pivot Point (Pivot Point, #1)",Kasie West,eng,4.08,20173
39795,"The Dogs of Riga (Kurt Wallander, #2)","Henning Mankell, Laurie Thompson",eng,3.72,14794
23209924,The Water Knife,Paolo Bacigalupi,eng,3.83,11438
6506085,"Food Inc.: A Participant Guide: How Industrial Food is Making Us Sicker, Fatter, and Poorer-And What You Can Do About It",Karl Weber,eng,4.19,13467
342240,The Cove  (FBI Thriller #1),Catherine Coulter,en-US,3.86,17561
14404,"The Monkey's Raincoat (Elvis Cole, #1)",Robert Crais,en-US,3.98,14940
368772,The Caine Mutiny,Herman Wouk,en-US,4.23,15820
21943246,Black Ice,Becca Fitzpatrick,,3.88,17571
55022,"The Neon Rain (Dave Robicheaux, #1)",James Lee Burke,eng,3.98,14693
851393,The Imitation of Christ,"Thomas à Kempis, William Benham",,4.19,12563
13560262,"Avoiding Responsibility (Avoiding, #2)",K.A. Linde,en-US,4.07,22024
237665,Kitten's First Full Moon,Kevin Henkes,eng,4.07,18458
28862528,"Saga, Vol. 6 (Saga, #6)","Brian K. Vaughan, Fiona Staples",eng,4.49,18433
143761,"A Good Yarn (Blossom Street, #2)",Debbie Macomber,en-US,4.11,16467
7776678,"Naked Heat (Nikki Heat, #2)",Richard Castle,en-US,3.75,16146
72978,Titus Andronicus,William Shakespeare,en-US,3.71,16235
3099780,"The Initiation / The Captive Part I (The Secret Circle, #1-2)",L.J. Smith,eng,3.96,19563
125564,"Night of the Living Dummy (Goosebumps, #7)",R.L. Stine,,3.8,16646
78989,"Shall We Tell the President? (Kane & Abel, #3)",Jeffrey Archer,eng,3.69,12792
6344832,"Grave Secret (Harper Connelly, #4)",Charlaine Harris,eng,3.94,22334
334286,Equus,Peter Shaffer,eng,3.94,15126
13817,"Shards of a Broken Crown (The Serpentwar Saga, #4)",Raymond E. Feist,,3.99,16227
17722973,"The Enchantress Returns (The Land of Stories, #2)","Chris Colfer, Brandon Dorman",eng,4.49,17845
23485372,"The Master Magician (The Paper Magician Trilogy, #3)",Charlie N. Holmberg,en-GB,3.82,17142
15746,One Door Away from Heaven,Dean Koontz,en-US,3.95,16299
7491418,"Love in the Afternoon (The Hathaways, #5)",Lisa Kleypas,eng,4.2,24803
1395209,"Attack of the Fiend (The Last Apprentice / Wardstone Chronicles, #4)","Joseph Delaney, Patrick  Arrasmith",eng,4.19,14814
14165516,"The Marriage Trap (Marriage to a Billionaire, #2)",Jennifer Probst,eng,3.9,23655
246468,The Jordan Rules,"Sam Smith, Doug Grud",,4.23,11148
2897258,The Heretic Queen,Michelle Moran,eng,4.21,16155
313620,"If You Want to Walk on Water, You've Got to Get Out of the Boat",John Ortberg,,4.13,12608
4332082,The Piano Teacher,Janice Y.K. Lee,en-US,3.32,16172
48834,I Have Lived a Thousand Years,Livia E. Bitton-Jackson,eng,4.17,15987
11104933,Willpower: Rediscovering the Greatest Human Strength,"Roy F. Baumeister, John Tierney",,3.95,12667
7907680,"Secrets to the Grave (Oak Knoll, #2)",Tami Hoag,eng,4.09,15381
9424367,"Prized (Birthmarked, #2)",Caragh M. O'Brien,en-US,3.99,19328
76660,"With a Tangled Skein (Incarnations of Immortality, #3)",Piers Anthony,en-GB,3.98,17286
14964,Body Surfing,Anita Shreve,en-US,3.31,15041
7628,The Good Soldier,"Ford Madox Ford, Kenneth Womack, William Baker",,3.72,14471
28484,"Into the Labyrinth (The Death Gate Cycle, #6)","Margaret Weis, Tracy Hickman",en-US,4.09,16582
74821,"Day by Day Armageddon (Day by Day Armageddon,#1)",J.L. Bourne,eng,4.01,11646
1129315,The Berenstain Bears' Trouble at School,"Stan Berenstain, Jan Berenstain",en-US,4.19,15672
6907672,The Talisman (Volume 1): The Road of Trials,"Robin Furth, Stephen King, Peter Straub, Tony Shasteen, Nei Ruffino",en-US,4.34,12413
96472,"Sundiver (The Uplift Saga, #1)",David Brin,eng,3.65,17327
66857,Moab Is My Washpot (Memoir #1),Stephen Fry,eng,3.98,14403
22454958,"Hardline (Hacker, #3)",Meredith Wild,eng,4.26,7246
37297,"Eyes of Prey (Lucas Davenport, #3)",John Sandford,en-US,4.18,16249
11512688,"The Dead of Night (The 39 Clues: Cahills vs. Vespers, #3)",Peter Lerangis,eng,4.16,15394
263172,"Kissing Coffins (Vampire Kisses, #2)",Ellen Schreiber,en-US,3.87,22124
7519640,War,Sebastian Junger,eng,4.22,13946
8563789,Where Things Come Back,John Corey Whaley,eng,3.81,14852
14963,A Wedding in December,Anita Shreve,,3.08,15869
131304,Big Bang: The Origin of the Universe,Simon Singh,,4.14,12488
107007,"The League of Extraordinary Gentlemen, Vol. 2","Alan Moore, Kevin O'Neill",eng,3.94,17034
83083,"Birds of a Feather (Maisie Dobbs, #2)",Jacqueline Winspear,en-US,3.95,18359
714711,You Can Win: A Step by Step Tool for Top Achievers,Shiv Khera,,3.83,10752
10551947,"The Outcasts (Brotherband Chronicles, #1)",John Flanagan,eng,4.37,16613
520738,On Ugliness,Umberto Eco,,3.88,12728
35210,How to Talk to Anyone: 92 Little Tricks for Big Success in Relationships,Leil Lowndes,en-US,3.8,12206
985386,"Case Closed, Vol. 1",Gosho Aoyama,eng,4.36,12867
79428,The Abolition of Man,C.S. Lewis,en-US,4.07,14677
432020,"Yu Yu Hakusho, Volume 1: Goodbye, Material World! (Yu Yu Hakusho, #1)",Yoshihiro Togashi,eng,4.29,13807
15849910,"The King's Curse (The Plantagenet and Tudor Novels, #7)",Philippa Gregory,eng,3.98,7655
45110,"Shaman's Crossing (Soldier Son, #1)",Robin Hobb,,3.42,15287
223462,Gods in Alabama,Joshilyn Jackson,en-US,3.86,15290
6193821,"U Is for Undertow (Kinsey Millhone, #21)",Sue Grafton,en-US,3.93,18716
111023,"Passage to Dawn (Forgotten Realms: Legacy of the Drow, #4; Legend of Drizzt, #10)",R.A. Salvatore,eng,4.07,13900
295649,"Bloody Jack (Bloody Jack, #1)",L.A. Meyer,eng,4.11,19147
27220736,Shoe Dog: A Memoir by the Creator of NIKE,Phil Knight,eng,4.46,22373
11981168,"The One You Love (Emma Holden Suspense Mystery, #1)",Paul Pilkington,eng,3.39,7175
109367,"Survivor In Death (In Death, #20)",J.D. Robb,en-US,4.38,19512
147941,Figure Drawing for All It's Worth (How to draw and paint),Andrew Loomis,,3.99,12735
72929,Affinity,Sarah Waters,eng,3.73,13767
129947,The Water is Wide: A Memoir,Pat Conroy,,4.09,13513
41710,"Iceberg (Dirk Pitt, #3)",Clive Cussler,eng,3.83,16195
59715,The Authoritative Calvin and Hobbes: A Calvin and Hobbes Treasury,Bill Watterson,eng,4.73,16087
343881,Cloudstreet,Tim Winton,eng,3.97,13067
179735,The Girl Next Door,Jack Ketchum,en-GB,3.95,13491
12839,A Separate Reality,Carlos Castaneda,,4.06,12296
25365,Out,"Natsuo Kirino, Stephen Snyder",eng,3.93,14795
543086,Tom's Midnight Garden,"Philippa Pearce, Susan Einzig",,4.05,16398
17563080,"Murder of Crows (The Others, #2)",Anne Bishop,eng,4.31,22994
17334079,"What Really Happened in Peru (The Bane Chronicles, #1)","Cassandra Clare, Sarah Rees Brennan",eng,3.74,20700
92871,"Brothers Majere (Dragonlance: Preludes, #3)",Kevin Stein,,4.08,15313
17333302,"Grain Brain: The Surprising Truth about Wheat, Carbs,  and Sugar--Your Brain's Silent Killers","David  Perlmutter, Kristin Loberg",eng,3.88,10305
12527,Pilgrim at Tinker Creek,Annie Dillard,eng,4.1,14685
13878,"Prince of the Blood (Krondor's Sons, #1)",Raymond E. Feist,en-US,3.94,16466
359581,The Courts of Chaos (The Chronicles of Amber #5),Roger Zelazny,eng,4.19,16453
12158480,"Why Nations Fail: The Origins of Power, Prosperity, and Poverty","Daron Acemoğlu, James A. Robinson",,3.99,11752
24796,Zorro,"Isabel Allende, Margaret Sayers Peden",eng,3.75,14327
49322,The Introvert Advantage: How to Thrive in an Extrovert World,Marti Olsen Laney,eng,3.88,12950
102956,"Preacher, Volume 5: Dixie Fried","Garth Ennis, Steve Dillon",eng,4.29,15961
31491,The Rainbow,"D.H. Lawrence, Daphne Merkin",eng,3.67,14044
35805,"The Capture (Guardians of Ga'Hoole, #1)",Kathryn Lasky,eng,3.88,18830
8727466,Why We Get Fat: And What to Do About It,Gary Taubes,en-GB,4.04,11569
410445,"T is for Trespass (Kinsey Millhone, #20)",Sue Grafton,en-US,3.91,18582
95395,"Preacher, Volume 4: Ancient History","Garth Ennis, Steve Dillon, Steve Pugh, Matt Hollingsworth, Carlos Ezquerra, Richard Case",eng,4.25,14945
29036,The Great Influenza: The Story of the Deadliest Pandemic in History,John M. Barry,eng,3.95,14762
79421,The Heavenly Man: The Remarkable True Story of Chinese Christian Brother Yun,"Paul Hattaway, Brother Yun",eng,4.33,12537
18693743,"Prince of Fools (The Red Queen's War, #1)",Mark  Lawrence,eng,4.07,11579
6551,Herzog,"Saul Bellow, Philip Roth",eng,3.79,14324
12792658,"UnSouled (Unwind, #3)",Neal Shusterman,en-US,4.23,15526
95747,The Miracle of Mindfulness: An Introduction to the Practice of Meditation,Thich Nhat Hanh,,4.26,13241
120840,David Gets In Trouble,David Shannon,,4.22,15055
272264,"The Face Of Deception (Eve Duncan, #1)",Iris Johansen,eng,4.07,17235
5755,The Language Instinct: How the Mind Creates Language,Steven Pinker,eng,4.05,12870
20312459,Descent,Tim Johnston,eng,3.59,11443
780845,"Black Cat, Volume 01",Kentaro Yabuki,eng,4.08,13945
12982393,Dare Me,Megan Abbott,eng,3.23,15618
10549501,"Last Breath (The Morganville Vampires, #11)",Rachel Caine,eng,4.32,19963
128711,The Yacoubian Building,"Alaa Al Aswany, علاء الأسواني",eng,3.65,7308
2176873,Martha Stewart's Cookies: The Very Best Treats to Bake and to Share,"Martha Stewart, Victor Schrager",eng,4.04,13991
7432,"Pardonable Lies (Maisie Dobbs, #3)",Jacqueline Winspear,en-US,4.09,17947
65091,"The Frog Princess (Tales of the Frog Princess, #1)",E.D. Baker,eng,3.81,22176
29034,Twelve Angry Men,"Reginald Rose, David Mamet",,4.07,15986
5599692,Batman: Whatever Happened to the Caped Crusader?,"Neil Gaiman, Andy Kubert, Matt Wagner, Simon Bisley, Bernie Mireault, Mark Buckingham",eng,3.97,14359
8483233,The Pioneer Woman: Black Heels to Tractor Wheels,Ree Drummond,en-US,3.81,14976
114308,Swimmy,Leo Lionni,en-US,4.13,19168
169718,Babbitt,Sinclair Lewis,,3.64,14204
394469,Suttree,Cormac McCarthy,eng,4.18,12824
6937878,"Love Bites (Vampire Kisses, #7)",Ellen Schreiber,en-US,4.13,17707
998133,The Gathering,Anne Enright,eng,3.04,14292
2642070,sTORI Telling,Tori Spelling,en-US,3.62,14699
17333277,"Cross My Heart (Alex Cross, #21)",James Patterson,eng,4.03,10946
11324722,The Righteous Mind: Why Good People are Divided by Politics and Religion,Jonathan Haidt,eng,4.16,12677
17206,"Lady Friday (The Keys to the Kingdom, #5)",Garth Nix,en-US,3.91,17675
7405450,"Rock Chick Rescue (Rock Chick, #2)",Kristen Ashley,eng,4.31,26661
13490570,"Locke & Key, Vol. 5: Clockworks","Joe Hill, Gabriel Rodríguez",eng,4.5,16441
3223761,Every Soul a Star,Wendy Mass,eng,4.1,17282
146064,Jesus Land,Julia Scheeres,en-US,3.97,13562
138070,Flotsam,David Wiesner,en-US,4.28,19541
24631990,"Silent Scream (D.I. Kim Stone, #1)",Angela Marsons,eng,4.02,9547
6534132,The Lion and the Mouse,Jerry Pinkney,eng,4.23,17941
133906,The Collected Poems,Langston Hughes,,4.32,13835
12507214,"Girl of Nightmares (Anna, #2)",Kendare Blake,eng,3.9,20708
61905,"Barrayar (Vorkosigan Saga, #7)",Lois McMaster Bujold,eng,4.31,17549
6612005,"Alice in the Country of Hearts, Vol. 01 (Alice in the Country of Hearts, #1)","QuinRose, Soumei Hoshino",eng,4.21,14692
8949,"Lord of the Shadows (Cirque Du Freak, #11)",Darren Shan,eng,4.22,15794
30036,"Elric of Melniboné (Elric, #1)",Michael Moorcock,en-US,3.89,17728
537375,The Endurance: Shackleton's Legendary Antarctic Expedition,Caroline Alexander,eng,4.31,14529
8112318,"The Candymakers (The Candymakers, #1)",Wendy Mass,eng,4.31,15780
2617684,Winnie the Pooh and Tigger Too (Disney's Wonderful World of Reading),Walt Disney Company,eng,4.39,14121
18285151,"More Than This (More Than, #1)",Jay McLean,eng,4.15,23670
1169808,"The Fury (The Vampire Diaries, #3)",L.J. Smith,en-US,3.55,19911
26200563,Hamilton: The Revolution,"Lin-Manuel Miranda, Jeremy McCarter",eng,4.47,24800
9838800,"Shelter (Mickey Bolitar, #1)",Harlan Coben,eng,3.92,9081
10594929,"Out of Oz (The Wicked Years, #4)","Gregory Maguire, Douglas Smith",en-US,3.84,14240
14469,Selected Stories,"O. Henry, Victoria Blake",,4.16,15308
3885,The Taste of Home Cookbook,"Janet Briggs, Beth Wittlinger",,4.25,14469
17688,"The Metamorphosis, In the Penal Colony, and Other Stories: The Great Short Works of Franz Kafka",Franz Kafka,eng,4.02,12744
31335,Cry to Heaven,Anne Rice,en-US,3.83,16988
7849034,"Goddess (Starcrossed, #3)",Josephine Angelini,eng,4.24,20589
7828882,"Crave (Fallen Angels, #2)",J.R. Ward,en-US,4.09,22105
460717,The Dogs of War,Frederick Forsyth,,3.96,14860
66655,"Necroscope (Necroscope, #1)",Brian Lumley,,3.99,14397
760941,When Rabbit Howls,"Truddi Chase, Robert A. Phillips Jr.",en-GB,4.03,13975
10433900,"Variant (Variant, #1)",Robison Wells,en-US,3.92,18473
7520,"Path of the Assassin (Scot Harvath, #2)",Brad Thor,eng,4.17,12652
568099,"Waylander (The Drenai Saga, #3)",David Gemmell,eng,4.26,13977
6338619,After,Amy Efaw,eng,3.73,17238
46755,Surfacing,Margaret Atwood,eng,3.45,15494
15733851,You Had Me At Hello,Mhairi McFarlane,,3.79,12687
10256723,Ghost in the Wires: My Adventures as the World's Most Wanted Hacker,"Kevin D. Mitnick, William L. Simon, Steve Wozniak",en-US,3.95,12831
35233,"The Wheel of Time: Boxed Set #1 (Wheel of Time, #1-3)",Robert Jordan,,4.43,13049
9680114,"Pure (Pure, #1)",Julianna Baggott,en-US,3.74,18778
6621143,Something Like Fate,Susane Colasanti,,3.72,17347
68521,"Excalibur (The Warlord Chronicles, #3)",Bernard Cornwell,,4.38,12925
7352053,My Name is Mary Sutter,Robin Oliveira,en-US,3.81,16348
116563,"So You Want to Be a Wizard (Young Wizards, #1)",Diane Duane,en-US,3.8,20408
16326,"Death in the Clouds (Hercule Poirot, #12)",Agatha Christie,eng,3.78,17308
7313444,"Foreign Influence (Scot Harvath, #9)",Brad Thor,en-US,4.24,13392
2197227,"Cemetery Dance (Pendergast, #9)","Douglas Preston, Lincoln Child",eng,4.0,16120
7332753,Hitch-22: A Memoir,Christopher Hitchens,eng,4.03,12643
10507,Baudolino,"Umberto Eco, William Weaver, R.C.S. Libri",en-US,3.71,13941
287633,"Dark Magic (Dark, #4)",Christine Feehan,eng,4.24,20156
5369,The Amber Room,Steve Berry,,3.83,16519
8598554,"The Omen Machine (Sword of Truth, #12; Richard and Kahlan, #1)",Terry Goodkind,eng,3.66,13301
82356,The Comedy of Errors,William Shakespeare,,3.74,16049
105760,Zodiac,Robert Graysmith,,3.89,13120
25613617,15th Affair (Women's Murder Club #15),"James Patterson, Maxine Paetro",eng,4.04,11112
19000,The Constant Gardener,John le Carré,,3.78,13347
87745,Wish You Well,David Baldacci,eng,3.94,14838
31314,Barnyard Dance,Sandra Boynton,en-US,4.25,18694
18667817,"Field of Prey (Lucas Davenport, #24)",John Sandford,eng,4.22,10919
26154406,The Passenger,Lisa Lutz,eng,3.71,13544
18211536,"Rush Too Far (Rosemary Beach, #4; Too Far, #4)",Abbi Glines,eng,4.25,25432
7968,"Red Prophet (Tales of Alvin Maker, #2)",Orson Scott Card,en-US,3.78,16704
682751,Animalia,Graeme Base,eng,4.28,18886
12755792,"A Hidden Fire (Elemental Mysteries, #1)",Elizabeth   Hunter,,4.05,13646
139569,Stone Butch Blues,Leslie Feinberg,en-US,4.27,13570
18296030,Don't Look Back,Jennifer L. Armentrout,eng,4.11,11499
23719378,"Girl Waits with Gun (Kopp Sisters, #1)",Amy  Stewart,eng,3.78,13775
18209290,Astonish Me,Maggie Shipstead,eng,3.57,7504
899608,A Fish Out of Water,"Helen Marion Palmer, P.D. Eastman",eng,4.21,19536
12016,"Look to Windward (Culture, #7)",Iain M. Banks,eng,4.16,13916
8354134,The Running Dream,Wendelin Van Draanen,eng,4.3,17061
17317675,"Epilogue (The Dark Duet, #3)",C.J. Roberts,en-GB,4.29,24750
87632,Ultramarathon Man: Confessions of an All-Night Runner,Dean Karnazes,,3.94,11706
18007532,An Officer and a Spy,Robert   Harris,eng,4.14,9411
20897517,In the Kingdom of Ice: The Grand and Terrible Polar Voyage of the USS Jeannette,Hampton Sides,eng,4.18,11444
170651,A Stranger Is Watching,Mary Higgins Clark,eng,3.91,15659
80672,"Double Fudge (Fudge, #5)",Judy Blume,eng,3.96,17622
8462184,"The Morganville Vampires, Volume 3 (The Morganville Vampires, #5-6)",Rachel Caine,eng,4.39,13849
905885,Be Careful What You Wish For,Alexandra Potter,en-GB,3.75,12698
2754510,Storm Born (Dark Swan #1),Richelle Mead,eng,3.9,25018
9674335,"Locke & Key, Vol. 4: Keys to the Kingdom","Joe Hill, Gabriel Rodríguez",eng,4.44,17333
3347892,"Envy (Luxe, #3)",Anna Godbersen,en-US,3.91,20432
10596724,"Horde (Razorland, #3)",Ann Aguirre,en-CA,4.28,17422
1476261,Girls of Riyadh,Rajaa Alsanea,eng,3.17,8200
394772,The Mixed-Up Chameleon,Eric Carle,,4.21,15530
14461,Kitty and the Midnight Hour (Kitty Norville #1),Carrie Vaughn,en-US,3.66,25102
235773,Waiting,Ha Jin,en-US,3.49,15277
9650,Burmese Days,George Orwell,,3.84,12119
13157,The Jester,"James Patterson, Andrew Gross",en-GB,3.79,15313
160251,Ordinary People,Judith Guest,eng,3.9,15207
20575446,In Real Life,"Cory Doctorow, Jen Wang",eng,3.8,16704
4352708,Bad Moon Rising (Dark-Hunter #18; Were-Hunter #4; Hellchaser #2),Sherrilyn Kenyon,eng,4.29,13608
388223,"Robin Hood, The Prince of Thieves",Alexandre Dumas,eng,4.0,14710
186103,"Peeps (Peeps, #1)",Scott Westerfeld,eng,3.77,20702
393145,"The Riddle (The Books of Pellinor, #2)",Alison Croggon,en-US,4.1,16605
6600807,"Jealousy (Strange Angels, #3)","Lili St. Crow, Lilith Saintcrow",,4.15,21396
367802,Collected Poems,Dylan Thomas,eng,4.2,13188
27070127,Vinegar Girl,Anne Tyler,eng,3.42,13216
13501,"The Hedge Knight (The Hedge Knight Graphic Novels, #1)","Ben Avery, Mike S. Miller, George R.R. Martin",eng,4.11,12192
15742039,"Breathe (Colorado Mountain, #4)",Kristen Ashley,eng,4.38,26589
10305247,"The Blackhouse (Lewis Trilogy, #1)",Peter  May,eng,4.04,11745
105574,"Scandal in Spring (Wallflowers, #4)",Lisa Kleypas,en-US,4.02,25262
41490,On the Street Where You Live,Mary Higgins Clark,eng,3.85,16327
1316617,"Succubus on Top (Georgina Kincaid, #2)",Richelle Mead,en-US,4.07,24091
239105,"The Silent Blade (Forgotten Realms: Paths of Darkness, #1; Legend of Drizzt, #11)",R.A. Salvatore,en-US,4.1,13813
253264,Inherit the Wind,"Jerome Lawrence, Robert E.  Lee",eng,3.96,16418
23316,Round Ireland with a Fridge,Tony Hawks,en-US,3.78,13143
8535273,"The Dark and Hollow Places (The Forest of Hands and Teeth, #3)",Carrie Ryan,eng,4.03,19282
18127101,Uganda Be Kidding Me,Chelsea Handler,eng,3.63,11627
6464094,"This Book Is Not Good for You (Secret, #3)","Pseudonymous Bosch, Gilbert Ford",en-US,4.29,16852
6386555,Eating the Dinosaur,Chuck Klosterman,eng,3.75,12571
285500,The Declaration of Independence and The Constitution of the United States,Founding Fathers,,4.44,14047
550454,"Aztec (Aztec, #1)",Gary Jennings,en-US,4.19,12422
25372801,All the Birds in the Sky,Charlie Jane Anders,eng,3.58,14769
13516846,Dodger,Terry Pratchett,eng,3.9,14775
2915,"The River (Brian's Saga, #2)",Gary Paulsen,,3.77,14198
13929,"Wildwood Dancing (Wildwood, #1)",Juliet Marillier,en-US,4.09,21810
217433,Home Again,Kristin Hannah,eng,3.95,13791
761023,Books of Blood: Volume One (Books of Blood #1),Clive Barker,eng,4.0,14751
13502963,"Indebted (The Premonition, #3)",Amy A. Bartol,en-GB,4.37,17988
5053,The Man From St. Petersburg,Ken Follett,eng,3.84,13193
230003,"Daring to Dream (Dream Trilogy, #1)",Nora Roberts,eng,4.01,18952
89160,"Judgment in Death (In Death, #11)","J.D. Robb, Nora Roberts",eng,4.33,21446
74033,"Innocent in Death (In Death, #24)",J.D. Robb,en-US,4.36,19210
15833693,Waiting to Be Heard: A Memoir,Amanda Knox,eng,3.8,11891
157055,"Once Upon a Marigold (Upon a Marigold, #1)",Jean Ferris,eng,3.98,20394
107778,"The Wedding (Lairds' Fiancées, #2)",Julie Garwood,eng,4.18,20297
17834904,"The Dead in Their Vaulted Arches (Flavia de Luce, #6)",Alan Bradley,eng,4.16,17789
616828,Heart of Darkness and The Secret Sharer,Joseph Conrad,eng,3.49,13649
17860739,S.,"J.J. Abrams, Doug Dorst",eng,3.84,12533
22207,Lullabies for Little Criminals,Heather O'Neill,eng,3.95,14535
14745338,"Fairest (An Unfortunate Fairy Tale, #2)",Chanda Hahn,en-US,4.12,16315
716696,رباعيات خيام,"Omar Khayyám, محمدعلی فروغی, قاسم غنی",per,4.18,3200
12383869,"Sever (The Chemical Garden, #3)",Lauren DeStefano,eng,3.8,21349
13538992,"Fourth Grave Beneath My Feet (Charley Davidson, #4)",Darynda Jones,eng,4.4,13274
7389,"Runaways, Vol. 1: Pride and Joy (Runaways, #1)","Brian K. Vaughan, Adrian Alphona",eng,4.02,18111
25295,"The Legend of Huma (Dragonlance: Heroes, #1)",Richard A. Knaak,en-US,4.03,14765
89691,The Dogs of Babel,Carolyn  Parkhurst,eng,3.56,14966
1027760,Madeline and the Bad Hat,Ludwig Bemelmans,en-US,4.27,16180
11166890,"77 Shadow Street (Pendleton, #1)",Dean Koontz,eng,3.29,14092
47618,"Sir Thursday (The Keys to the Kingdom, #4)",Garth Nix,en-US,3.94,17624
33418,"Parallel Worlds: A Journey Through Creation, Higher Dimensions, and the Future of the Cosmos",Michio Kaku,eng,4.17,12620
74169,Facing Your Giants: A David and Goliath Story for Everyday People,Max Lucado,,4.43,11691
8177526,"Fate (My Blood Approves, #2)",Amanda Hocking,en-GB,3.99,18021
32127,Ina May's Guide to Childbirth,Ina May Gaskin,,4.42,12044
905382,Anne Frank : The Biography,"Melissa Müller, Rita Kimber, Robert Kimber",,4.31,15656
15733523,The Krishna Key,Ashwin Sanghi,en-US,3.48,11563
250,Tropic of Capricorn,Henry Miller,eng,3.85,12082
920649,An Occurrence at Owl Creek Bridge,Ambrose Bierce,eng,4.02,15332
2761356,The Sweet Gum Tree,Katherine Allred,eng,4.3,22577
840163,"Flight of the Old Dog (Patrick McLanahan, #1)",Dale Brown,eng,4.08,13607
13374,A Complicated Kindness,Miriam Toews,en-US,3.64,13981
1729146,"Raven Rise (Pendragon, #9)",D.J. MacHale,en-US,4.2,17691
25813937,Glory over Everything: Beyond The Kitchen House,Kathleen Grissom,eng,4.24,13451
1291211,"Class A (Cherub, #2)",Robert Muchamore,en-US,4.26,14299
71784,"A New Song (Mitford Years, #5)",Jan Karon,,4.28,15387
1747182,"Deeper Than the Dead (Oak Knoll, #1)",Tami Hoag,eng,4.04,14611
4703427,"Dust of Dreams (The Malazan Book of the Fallen, #9)",Steven Erikson,eng,4.31,14435
17863,Accelerando (Singularity),Charles Stross,en-US,3.87,14690
23209971,Girl at War,Sara Nović,eng,3.98,13827
164719,"Lord Loss (The Demonata, #1)",Darren Shan,eng,4.21,15325
6460331,"Runaway (Airhead, #3)",Meg Cabot,eng,3.93,20846
39796,"Sidetracked (Kurt Wallander, #5)","Henning Mankell, Steven T. Murray",eng,4.05,13401
15828714,"Sometimes It Lasts (Sea Breeze, #5)",Abbi Glines,eng,4.28,23166
12143200,Drift: The Unmooring of American Military Power,Rachel Maddow,eng,4.07,12980
18222699,"Graduation Day (The Testing, #3)",Joelle Charbonneau,eng,3.81,14963
48183,The Honk and Holler Opening Soon,Billie Letts,en-US,3.93,16487
32445,Strange Highways,Dean Koontz,,3.83,15265
15047,The Passion,Jeanette Winterson,eng,4.12,13391
206236,The Power of the Dog,Don Winslow,eng,4.36,10195
25817162,America's First Daughter,"Stephanie Dray, Laura Kamoie",eng,4.22,13279
17285883,"The Undead Pool (The Hollows, #12)",Kim Harrison,eng,4.43,17043
6329547,"On the Edge (The Edge, #1)",Ilona Andrews,eng,4.02,25915
89731,Kira-Kira,Cynthia Kadohata,eng,3.9,18166
15698479,"The Human Division (Old Man's War, #5)",John Scalzi,en-CA,4.07,13685
24488476,"The Fate of Ten (Lorien Legacies, #6)",Pittacus Lore,eng,4.32,16819
148809,"The Fourth Bear (Nursery Crime, #2)",Jasper Fforde,en-US,4.07,16851
6471550,"The Unwritten, Vol. 1: Tommy Taylor and the Bogus Identity","Mike Carey, Bill Willingham, Peter Gross",eng,3.76,16759
1317696,The Enchantress of Florence,Salman Rushdie,eng,3.57,12310
11256293,"Life is What You Make It: A Story of Love, Hope and How Determination Can Overcome Even Destiny",Preeti Shenoy,eng,3.54,11292
1875,"The History of Sexuality, Volume 1: An Introduction","Michel Foucault, Robert Hurley",eng,4.03,12565
206193,"Takedown (Scot Harvath, #5)",Brad Thor,eng,4.26,13372
32827,"From the Earth to the Moon (Extraordinary Voyages, #4)",Jules Verne,eng,3.78,14721
27525,"Armageddon: The Cosmic Battle of the Ages (Left Behind, #11)","Tim LaHaye, Jerry B. Jenkins",en-US,4.02,14251
10677213,Van Gogh: The Life,"Steven Naifeh, Gregory White Smith",eng,4.09,13659
295132,Care of the Soul: A Guide for Cultivating Depth and Sacredness in Everyday Life,Thomas  Moore,,3.99,12375
7853757,"Moonlight Mile (Kenzie & Gennaro,#6)",Dennis Lehane,en-US,3.71,15028
13531832,Vampires in the Lemon Grove,Karen Russell,eng,3.67,14384
27002,"First Among Sequels (Thursday Next, #5)",Jasper Fforde,eng,4.0,18722
7531,The Idiot Girls' Action-Adventure Club: True Tales from a Magnificent and Clumsy Life,Laurie Notaro,en-GB,3.89,15198
11801463,"City of Dragons (Rain Wild Chronicles, #3)",Robin Hobb,en-US,4.05,13498
18730158,"The Heist (Gabriel Allon, #14)",Daniel Silva,eng,4.11,10479
56912,The Judgment of Paris: The Revolutionary Decade That Gave the World Impressionism,Ross King,en-US,3.81,10382
32456,Darkfall,Dean Koontz,en-US,3.8,15301
16007855,"Sweet Reckoning (Sweet, #3)",Wendy Higgins,eng,4.35,23969
394228,"Well-Schooled in Murder (Inspector Lynley, #3)",Elizabeth  George,eng,4.11,16485
129617,"Perfect (Second Opportunities, #2)",Judith McNaught,eng,4.3,18498
17332207,Someone,Alice McDermott,eng,3.76,12401
186669,"Brilliance of the Moon (Tales of the Otori, #3)",Lian Hearn,,4.04,13124
3097601,Suicide Notes,Michael Thomas Ford,eng,3.92,14749
107896,Starter for Ten,David Nicholls,eng,3.58,11757
1563413,The Three Little Pigs,"Elizabeth Ross, ROFry",eng,4.26,14779
7184,"Twenty Years After (The D'Artagnan Romances, #2)","Alexandre Dumas, David Coward, Auguste Maquet",,4.01,14539
25114548,Friction,Sandra Brown,en-CA,3.93,9969
447,Moon Palace,Paul Auster,eng,3.99,12170
28483,"The Seventh Gate (The Death Gate Cycle, #7)","Margaret Weis, Tracy Hickman",en-US,4.09,14827
102459,"Hellboy, Vol. 2: Wake the Devil (Hellboy, #2)",Mike Mignola,eng,4.2,14144
9917879,"The Unwanteds (Unwanteds, #1)",Lisa McMann,eng,4.07,16776
9644151,"Ashfall (Ashfall, #1)",Mike Mullin,eng,3.96,18583
22669832,"Bright Side (Bright Side, #1)",Kim Holden,eng,4.42,17046
781498,The Day Jimmy's Boa Ate the Wash,"Trinka Hakes Noble, Steven Kellogg",,4.16,16875
13526026,"The Panther  (John Corey, #6)",Nelson DeMille,eng,3.93,11695
123063,Under the Skin,Michel Faber,,3.72,11360
140524,The Unexpected Mrs. Pollifax  (Mrs. Pollifax #1),Dorothy Gilman,eng,4.14,15666
17159011,"White Fire (Pendergast, #13)","Douglas Preston, Lincoln Child",eng,4.07,12277
1051620,"The Innocent Mage (Kingmaker, Kingbreaker, #1)",Karen Miller,eng,3.65,15419
1337448,Wir Kinder vom Bahnhof Zoo,"Christiane F., Kai Hermann, Horst Rieck",ger,4.16,10070
32276,Dragons of Eden: Speculations on the Evolution of Human Intelligence,Carl Sagan,eng,4.16,13310
142079,"S is for Silence (Kinsey Millhone, #19)",Sue Grafton,eng,3.9,17879
1303564,"Maximum Security (Cherub, #3)",Robert Muchamore,eng,4.24,14860
375901,Frédéric,Leo Lionni,fre,4.19,16222
7059135,"Inside Out (Insider, #1)",Maria V. Snyder,eng,3.82,20472
17346698,"March: Book One (March, #1)","John             Lewis, Andrew Aydin, Nate Powell",eng,4.33,19430
218659,Everything That Rises Must Converge: Stories,"Flannery O'Connor, Robert Fitzgerald",eng,4.27,14534
1746470,"Dream Chaser (Dark-Hunter #13, Dream-Hunter #3)",Sherrilyn Kenyon,eng,4.2,23294
45234,The Gun Seller,Hugh Laurie,en-US,3.69,13247
8242117,I Remember Nothing: and Other Reflections,Nora Ephron,en-US,3.73,13875
14082,Malgudi Days,"R.K. Narayan, Jhumpa Lahiri",eng,4.2,11527
28257707,The Subtle Art of Not Giving a F*ck: A Counterintuitive Approach to Living a Good Life,Mark Manson,eng,4.03,41087
2579284,Six Days of the Condor,James Grady,eng,4.08,13779
698,Digging to America,Anne Tyler,eng,3.53,15484
12360050,"The Dark Monk (The Hangman's Daughter, #2)","Oliver Pötzsch, Lee Chadeayne",en-US,3.82,10785
7145565,"Flaskepost fra P (Afdeling Q, #3)",Jussi Adler-Olsen,dan,4.04,9658
7979,"The Bellmaker (Redwall, #7)",Brian Jacques,,3.95,17476
458034,Caressed by Ice (Psy-Changeling #3),Nalini Singh,eng,4.33,24390
1009996,Artisan Bread in Five Minutes a Day: The Discovery That Revolutionizes Home Baking,"Jeff Hertzberg, Zoë François, Mark Luinenburg",eng,4.11,13984
105986,"The Code of the Woosters (Jeeves, #7)",P.G. Wodehouse,eng,4.36,8979
5849,A House for Mr Biswas,V.S. Naipaul,en-GB,3.82,13073
13708346,"The Bone Bed (Kay Scarpetta, #20)",Patricia Cornwell,en-US,3.64,13557
8649656,The Fry Chronicles (Memoir #2),Stephen Fry,eng,3.87,14037
448836,Second Treatise of Government,"John Locke, C.B. Macpherson",eng,3.75,14549
17228280,Better off Friends,Elizabeth Eulberg,eng,3.95,15692
6966823,The Shallows: What the Internet is Doing to Our Brains,Nicholas Carr,eng,3.85,6938
11488123,The House at Tyneford,Natasha Solomons,eng,3.78,14092
42547,"The Autobiography of Martin Luther King, Jr.","Martin Luther King Jr., Clayborne Carson",eng,4.31,11261
522534,"Geisha, a Life","Mineko Iwasaki, Rande Brown",en-US,3.92,12995
666758,The Knowledge of the Holy,A.W. Tozer,eng,4.37,13800
104160,Day Watch (Watch #2),"Sergei Lukyanenko, Andrew Bromfield",eng,4.05,13812
136640,The Codex,Douglas Preston,,3.88,15047
2137,A Home at the End of the World,Michael Cunningham,en-US,3.89,13228
15752115,"Batman, Volume 2: The City of Owls","Scott Snyder, Greg Capullo, Jonathan Glapion, James Tynion IV, Rafael Albuquerque, Jason Fabok, Becky Cloonan, Andy Clarke, Sandu Florea",eng,4.26,13864
28759,Magic's Pawn (Valdemar: Last Herald-Mage #1),Mercedes Lackey,en-US,4.21,19865
28747,CivilWarLand in Bad Decline,George Saunders,eng,4.22,10525
9739365,SEAL Team Six: Memoirs of an Elite Navy SEAL Sniper,"Howard E. Wasdin, Stephen Templin",en-US,4.0,10582
190115,Sacred Contracts: Awakening Your Divine Potential,Caroline Myss,en-US,3.97,12218
4955,How We Are Hungry,Dave Eggers,eng,3.75,11282
30292,"Five Dialogues: Euthyphro, Apology, Crito, Meno, Phaedo","Plato, G.M.A. Grube, John M. Cooper",eng,4.1,13301
26224667,"Wrong (Wrong, #1)",Jana Aston,eng,3.94,14596
79121,The Happy Prince,Oscar Wilde,eng,4.22,17522
18982011,"The Line (Witching Savannah, #1)",J.D. Horn,eng,3.78,7834
29519517,"Twisted Palace (The Royals, #3)",Erin Watt,eng,4.0,16342
2493973,"The Diamond of Darkhold (Book of Ember, #4)",Jeanne DuPrau,eng,3.79,18425
596259,Standing for Something: 10 Neglected Virtues That Will Heal Our Hearts and Homes,Gordon B. Hinckley,,4.61,12708
93802,"A Death in Vienna (Gabriel Allon, #4)",Daniel Silva,eng,4.17,12761
24504274,"Pucked (Pucked, #1)",Helena Hunting,eng,4.05,20014
25422234,Notorious RBG: The Life and Times of Ruth Bader Ginsburg,"Irin Carmon, Shana Knizhnik",eng,4.22,15626
9439989,"Touch of Frost (Mythos Academy, #1)",Jennifer Estep,en-US,3.96,23343
10169662,Never Knowing,Chevy Stevens,eng,3.85,16178
31268,The Aquitaine Progression,Robert Ludlum,eng,3.9,14100
103159,"The Forsyte Saga (The Forsyte Chronicles, #1-3)",John Galsworthy,eng,4.15,14218
262228,"O is for Outlaw (Kinsey Millhone, #15)",Sue Grafton,eng,3.92,18715
2820533,"Deadly Little Secret (Touch, #1)",Laurie Faria Stolarz,eng,3.86,20156
18282915,"The Chase (Fox and O'Hare, #2)","Janet Evanovich, Lee Goldberg",eng,3.93,14059
25403,The Orange Girl,"Jostein Gaarder, James Anderson",eng,3.91,10355
228220,The House of Thunder,"Leigh Nichols, Dean Koontz",eng,3.78,14618
71864,"The Dead of Night (Tomorrow, #2)",John Marsden,eng,4.13,15240
18869970,My Cousin Rachel,Daphne du Maurier,eng,3.92,9557
70509,Absurdistan,Gary Shteyngart,eng,3.29,10712
8677937,"Invincible (Chronicles of Nick, #2)",Sherrilyn Kenyon,en-US,4.27,19887
55354,Napalm & Silly Putty,George Carlin,eng,4.12,12798
24815,The Indispensable Calvin and Hobbes,Bill Watterson,eng,4.73,14597
46349,Funny in Farsi: A Memoir of Growing Up Iranian in America,Firoozeh Dumas,eng,3.76,10008
51370,Leading Change,John P. Kotter,,4.01,12245
213975,"Witness in Death (In Death, #10)","J.D. Robb, Susan Ericksen",eng,4.3,19178
60211,The Shadow of the Torturer (The Book of the New Sun #1),Gene Wolfe,eng,3.8,15507
13069935,Ask the Passengers,A.S. King,en-US,3.88,17896
20499240,"Foxglove Summer (Peter Grant, #5)",Ben Aaronovitch,eng,4.18,12167
261689,The Grand Sophy,Georgette Heyer,eng,4.16,16282
299215,The Road to Serfdom,Friedrich A. Hayek,en-US,4.18,11306
18800655,Terms of Enlistment (Frontlines #1),Marko Kloos,eng,3.96,12890
18076876,"Reaper's Legacy (Reapers MC, #2)",Joanna Wylde,eng,4.27,28046
41502,"Lord John and the Brotherhood of the Blade  (Lord John Grey, #2)",Diana Gabaldon,en-US,3.86,14952
12468,The Executioner's Song,Norman Mailer,eng,4.07,13829
15755201,"Suspect (Scott James & Maggie, #1)",Robert Crais,eng,4.14,14501
11359,Tar Baby,Toni Morrison,en-CA,3.91,13951
837501,The Twenty-One Balloons,William Pène du Bois,en-US,3.96,17385
13093001,"Stolen Prey (Lucas Davenport, #22)",John Sandford,eng,4.17,13426
840,The Design of Everyday Things,Donald A. Norman,en-US,4.18,11838
227658,Running Out of Time,Margaret Peterson Haddix,eng,3.98,19126
392431,Damaged: The Heartbreaking True Story of a Forgotten Child,Cathy Glass,,4.2,11465
24937499,"Her Final Breath (Tracy Crosswhite, #2)",Robert Dugoni,eng,4.27,17504
129616,"Something Wonderful (Sequels, #2)",Judith McNaught,eng,4.33,20049
2003767,Tribute,Nora Roberts,eng,3.92,18811
46012,"16 Lighthouse Road (Cedar Cove, #1)",Debbie Macomber,eng,4.08,9938
86172,A Man in Full,Tom Wolfe,,3.8,12540
42631,Having a Mary Heart in a Martha World: Finding Intimacy With God in the Busyness of Life,Joanna Weaver,en-US,4.16,12501
7636774,I'd Know You Anywhere,Laura Lippman,en-US,3.47,15337
18166936,The Strange and Beautiful Sorrows of Ava Lavender,Leslye Walton,eng,4.12,18562
17349163,"Sense & Sensibility (The Austen Project, #1)",Joanna Trollope,eng,3.55,11346
12171769,7: An Experimental Mutiny Against Excess,Jen Hatmaker,eng,4.13,13434
7307503,"Archangel's Consort (Guild Hunter, #3)",Nalini Singh,en-US,4.24,24487
264778,Sacajawea (Lewis & Clark Expedition),Anna Lee Waldo,eng,4.23,13504
1722717,"The Declaration (The Declaration, #1)",Gemma Malley,,3.71,16224
18687079,"Avatar: The Last Airbender (The Rift, #1)","Gene Luen Yang, Michael Dante DiMartino, Bryan Konietzko, Gurihiru",eng,4.33,10560
12374,Independence Day,Richard Ford,eng,3.86,11663
2336803,"The Last Patriot (Scot Harvath, #7)",Brad Thor,eng,4.16,12264
214856,"Leven Thumps and the Gateway to Foo (Leven Thumps, #1)",Obert Skye,,3.71,17760
18228202,Bridge to Haven,Francine Rivers,eng,4.07,11325
16071736,The Engagements,J. Courtney Sullivan,eng,3.59,8634
13168,"Runaway Ralph (Ralph S. Mouse, #2)",Beverly Cleary,,3.95,16845
13640229,"Creed (Unfinished Hero, #2)",Kristen Ashley,eng,4.17,26696
2142,Blink,Ted Dekker,,4.17,12037
27213121,"The Black Widow (Gabriel Allon, #16)",Daniel Silva,eng,4.34,8822
434764,Believing Christ: The Parable of the Bicycle and Other Good News,Stephen E. Robinson,eng,4.51,12951
10586539,Wake (Watersong #1),Amanda Hocking,en-US,3.7,17833
25316313,A Dark Lure,Loreth Anne White,en-US,4.14,12579
17994,The Code Book: The Science of Secrecy from Ancient Egypt to Quantum Cryptography,Simon Singh,eng,4.28,12919
67513,"Touch the Dark (Cassandra Palmer, #1)",Karen Chance,eng,3.7,26970
11286,Carrion Comfort,Dan Simmons,eng,3.89,13285
9858714,"The Mind Readers (Mind Readers, #1)",Lori Brighton,eng,3.76,9825
815150,"The Highlander's Touch (Highlander, #3)",Karen Marie Moning,eng,4.15,22072
13331199,The Smitten Kitchen Cookbook,Deb Perelman,,4.14,15860
353342,"The Cross of Lead (Crispin, #1)",Avi,eng,3.59,18277
76667,"Wielding a Red Sword (Incarnations of Immortality, #4)",Piers Anthony,en-US,3.93,16222
18461986,"Deep (Stage Dive, #4)",Kylie Scott,eng,4.09,25588
79006,Honor Among Thieves,Jeffrey Archer,,3.82,12409
7657484,"Superman: Earth One, Volume 1","J. Michael Straczynski, Shane Davis, Sandra Hope, Barbara Ciardo, Rob Leigh",eng,3.9,12982
11106458,The Mortal Instruments (The Mortal Instruments #1-4),Cassandra Clare,eng,4.59,13996
609035,Foxe's Book of Martyrs,"John Foxe, W. Grinton Berry",en-CA,4.25,12117
60223,"See Jane Score (Chinooks Hockey Team, #2)",Rachel Gibson,eng,4.06,20770
17174,A Yellow Raft in Blue Water,Michael Dorris,en-US,3.84,14380
6294549,"Rosemary and Rue (October Daye, #1)",Seanan McGuire,en-US,3.74,21030
64401,"Another Fine Myth (Myth Adventures, #1)",Robert Lynn Asprin,en-US,4.03,17018
9279734,"Forever Mine (The Moreno Brothers, #1)",Elizabeth Reyes,en-GB,3.88,18346
6617185,"Soccernomics: Why England Loses, Why Germany and Brazil Win, and Why the U.S., Japan, Australia, Turkey--and Even Iraq--Are Destined to Become the Kings of the World's Most Popular Sport","Simon Kuper, Stefan Szymanski",en-US,3.91,10577
4499214,"Sapphique (Incarceron, #2)",Catherine Fisher,eng,3.7,16475
127451,"Don't Die, My Love",Lurlene McDaniel,,4.12,14197
40482,Harvest,Tess Gerritsen,eng,4.09,14274
1587362,How to Cook Everything Vegetarian: Simple Meatless Recipes for Great Food,Mark Bittman,eng,4.08,12262
20801166,A Little Something Different,Sandy   Hall,eng,3.65,14206
17349222,This is the Story of a Happy Marriage,Ann Patchett,eng,4.03,13126
7278837,Diary of a Wimpy Kid: #1-4,Jeff Kinney,en-US,4.45,10752
7853137,"Think of a Number (Dave Gurney, #1)",John Verdon,eng,3.83,11877
22151696,Lullabies,Lang Leav,eng,4.05,14539
114203,Birthright,Nora Roberts,eng,3.99,19024
434535,The Peacegiver: How Christ Offers to Heal Our Hearts and Homes,James L. Ferrell,eng,4.41,12313
64895,Cod: A Biography of the Fish that Changed the World,Mark Kurlansky,eng,3.92,13137
8167094,The Hidden Reality: Parallel Universes and the Deep Laws of the Cosmos,Brian Greene,eng,4.05,12080
38723,The Feminine Mystique,"Betty Friedan, Anna Quindlen",eng,3.85,9823
48862,Brighton Rock,"Graham Greene, J.M. Coetzee",eng,3.72,13871
12415695,كخه يا بابا,عبدالله المغلوث,ara,3.71,12587
6452760,"Stones Into Schools: Promoting Peace With Books, Not Bombs, in Afghanistan and Pakistan","Greg Mortenson, Khaled Hosseini",eng,3.86,13543
3009435,A Mercy,Toni Morrison,en-US,3.65,14707
825,Zodiac,Neal Stephenson,eng,3.7,13353
23675858,Departure,A.G. Riddle,eng,3.79,11143
9799572,"Rock Chick Redemption (Rock Chick, #3)",Kristen Ashley,en-GB,4.43,25766
16335,"The Mystery of the Blue Train (Hercule Poirot, #6)",Agatha Christie,eng,3.77,17011
10808006,"Private #1 Suspect (Private, #2)","James Patterson, Maxine Paetro",eng,3.95,13428
14295,Pastoralia,George Saunders,eng,4.11,10786
13523061,The Defining Decade: Why Your Twenties Matter--And How to Make the Most of Them Now,Meg Jay,,4.11,12731
1085771,"The Walking Dead, Vol. 07: The Calm Before","Robert Kirkman, Charlie Adlard, Cliff Rathburn",eng,4.27,16769
291364,Curious George Rides a Bike,H.A. Rey,,4.24,15461
175319,Methuselah's Children,Robert A. Heinlein,en-US,3.98,15028
12663646,"Hana (Delirium, #1.5)",Lauren Oliver,eng,3.63,20107
102955,"Preacher, Volume 8: All Hell's a-Coming","Garth Ennis, Steve Dillon, John McCrea",eng,4.33,14300
6356190,"The Little Sisters of Eluria (The Dark Tower, #0.5)","Stephen King, Michael Whelan",eng,4.24,14287
773480,"Inside, Outside, Upside Down (Berenstain Bears Bright and Early Board Book)","Stan Berenstain, Jan Berenstain",eng,4.13,15032
6574542,"The First Rule (Elvis Cole, #13; Joe Pike, #2)",Robert Crais,en-US,4.2,14169
483445,"The Magical Worlds of Harry Potter: A Treasury of Myths, Legends, and Fascinating Facts",David Colbert,eng,3.96,13820
825377,The Dot,Peter H. Reynolds,en-US,4.26,17436
6407514,"Forest Born (The Books of Bayern, #4)",Shannon Hale,en-US,4.01,20603
34605,The Damnation Game,Clive Barker,eng,3.82,14299
78728,Ignorance,"Milan Kundera, Linda Asher",fre,3.76,9625
381489,"Private (Private, #1)",Kate Brian,eng,3.81,16556
2678349,استمتع بحياتك,محمد عبد الرحمن العريفي,ara,4.21,10882
26506,Sisters,Danielle Steel,eng,3.81,13621
337116,The Difference Engine ,"William Gibson, Bruce Sterling",en-US,3.41,14517
102954,"Preacher, Volume 7: Salvation","Garth Ennis, Steve Dillon",,4.3,13902
13425570,How Will You Measure Your Life?,"Clayton M. Christensen, James Allworth, Karen Dillon",,4.06,11475
11233988,I Want My Hat Back,Jon Klassen,eng,4.39,18489
239109,"The Lone Drow (Forgotten Realms: Hunter's Blades, #2; Legend of Drizzt, #15)",R.A. Salvatore,en-US,4.15,12877
2983489,"Why We Suck: A Feel Good Guide to Staying Fat, Loud, Lazy and Stupid",Denis Leary,,3.67,12880
61672,Bonjour tristesse,Françoise Sagan,fre,3.62,12355
25671861,"Cometh the Hour (The Clifton Chronicles, #6)",Jeffrey Archer,eng,4.13,7197
11469379,A Walk Across the Sun,Corban Addison,en-US,4.13,12091
1126719,House of Suns,Alastair Reynolds,eng,4.19,13033
18813530,"A Shadow of Light (A Shade of Vampire, #4)",Bella Forrest,eng,4.1,16380
391724,The Black Cat,Edgar Allan Poe,eng,4.07,16132
102327,Armor,John Steakley,eng,4.12,13330
19312,The Brothers Lionheart,"Astrid Lindgren, Ilon Wikland, Jill M. Morgan",eng,4.35,16325
15793165,Don't Go,Lisa Scottoline,eng,3.72,13056
268598,"Loyalty in Death (In Death, #9)","J.D. Robb, Susan Ericksen",en-GB,4.3,19219
262229,"Q is for Quarry (Kinsey Millhone, #17)",Sue Grafton,eng,3.91,17505
17524166,نادي السيارات,"Alaa Al Aswany, علاء الأسواني",ara,3.41,8576
1373381,The Ship of Brides,Jojo Moyes,en-US,3.74,12821
462684,The Story of Tracy Beaker,"Jacqueline Wilson, Nick Sharratt",eng,3.69,14772
543103,"Generation Kill: Devil Dogs, Iceman, Captain America, and the New Face of American War",Evan Wright,en-US,4.25,11680
32453,The Servants of Twilight,"Leigh Nichols, Dean Koontz",eng,3.81,14476
2033217,"Moscow Rules (Gabriel Allon, #8)",Daniel Silva,eng,4.17,13558
25733983,Lab Girl,Hope Jahren,eng,4.04,16594
2157243,"Playing with Fire (Skulduggery Pleasant, #2)",Derek Landy,en-US,4.31,15533
18138755,"Forever with You (Fixed, #3)",Laurelin Paige,,4.33,22824
130916,The Saving Graces,Patricia Gaffney,en-US,3.78,13969
272607,Fade Away (Myron Bolitar #3),Harlan Coben,eng,3.99,14679
8948,"Sons of Destiny (Cirque Du Freak, #12)",Darren Shan,,4.22,14997
84927,Amadeus,Peter Shaffer,eng,4.2,14285
62485,"The Icewind Dale Trilogy Collector's Edition (Forgotten Realms: Icewind Dale, #1-3; Legend of Drizzt, #4-6)",R.A. Salvatore,en-US,4.28,11293
12753231,"Monument 14 (Monument 14, #1)",Emmy Laybourne,eng,3.89,17360
251964,"The Black Lyon (Montgomery/Taggert, #1)",Jude Deveraux,eng,3.99,14456
12542,Grace (Eventually): Thoughts on Faith,Anne Lamott,en-US,3.98,12863
335459,Everyday Food: Great Food Fast,Martha Stewart,eng,3.93,11969
17831617,"Beautiful Bombshell (Beautiful Bastard, #2.5)",Christina Lauren,en-US,4.06,23755
12743472,"Slated (Slated, #1)",Teri Terry,eng,4.07,17404
1398034,Bumi Manusia,Pramoedya Ananta Toer,ind,4.37,8574
108385,"Dark Gold (Dark, #3)",Christine Feehan,eng,4.16,19210
5957702,"206 Bones (Temperance Brennan, #12)",Kathy Reichs,en-US,3.92,17160
6076387,A Gate at the Stairs,Lorrie Moore,eng,3.14,13590
8593026,"Hostile Witness (Witness Series, #1)",Rebecca Forster,eng,3.72,8031
929782,Martin Eden,"Jack London, Andrew Sinclair",eng,4.39,12744
68455,"Wieża Jaskółki (Saga o Wiedźminie, #6)",Andrzej Sapkowski,pol,4.34,10195
1632833,"Genghis: Lords of the Bow (Conqueror, #2)",Conn Iggulden,eng,4.31,11600
27810589,A Death in Sweden,Kevin Wignall,,3.79,12956
13227319,"Wonder Woman, Volume 1: Blood","Brian Azzarello, Cliff Chiang, Tony Akins, Dan Green, Matthew Wilson, Jared K. Fletcher",eng,3.87,15698
20348781,Loving Mr. Daniels,Brittainy C. Cherry,eng,4.28,18058
13020,"King Henry IV, Part 1 (Wars of the Roses, #2)","William Shakespeare, David Scott Kastan",eng,3.81,14988
159061,"Go Away, Big Green Monster!",Ed Emberley,eng,4.21,14322
6606855,"Deadman Wonderland, Volume 1 (Deadman Wonderland, #1)","Jinsei Kataoka, Kazuma Kondou",eng,4.2,12932
15096257,The Bloodletter's Daughter: A Novel of Old Bohemia,Linda Lafferty,eng,3.75,7654
243308,Steel Magnolias (DPS Acting Edition),Robert Harling,eng,4.24,14651
11666,Rabbit at Rest (Rabbit Angstrom #4),John Updike,eng,3.96,12221
32426,Icebound,"David Axton, Dean Koontz",eng,3.73,15271
519933,"The Lives of Christopher Chant (Chrestomanci, #2)",Diana Wynne Jones,,4.22,17117
382450,Fevre Dream,George R.R. Martin,eng,3.85,12708
819667,Snowmen at Night,"Caralyn Buehner, Mark Buehner",en-US,4.23,15697
25802884,"Hollywood Dirt (Hollywood Dirt, #1)",Alessandra Torre,eng,4.12,20467
15769463,"Futures and Frosting (Chocolate Lovers, #2)",Tara Sivec,eng,4.28,16341
99955,"Common Sense, The Rights of Man and Other Essential Writings","Thomas Paine, Sidney Hook, Jack Fruchtman Jr.",eng,4.12,13088
18054175,The Good Luck of Right Now,Matthew Quick,eng,3.61,12230
1605034,"The Miracle at Speedy Motors (No.1 Ladies' Detective Agency, #9)",Alexander McCall Smith,en-US,4.09,16887
3759,"Goldfinger (James Bond, #7)",Ian Fleming,eng,3.8,13267
371456,"Nana (Les Rougon-Macquart, #9)",Émile Zola,ger,3.84,13610
12988089,"Rise of the Elgen (Michael Vey, #2)",Richard Paul Evans,eng,4.29,15152
103035,Cabal,Clive Barker,en-US,3.92,13557
347143,The Abstinence Teacher,Tom Perrotta,,3.24,13303
30314465,"No Man's Land (John Puller, #4)",David Baldacci,eng,4.19,8834
144127,The Runelords (Runelords #1),David Farland,en-US,3.74,14938
17329041,The Other Typist,Suzanne Rindell,en-GB,3.55,7107
22428828,"Welcome to Shadowhunter Academy (Tales from the Shadowhunter Academy, #1)","Cassandra Clare, Sarah Rees Brennan",eng,4.1,17740
35125,Alien,Alan Dean Foster,eng,4.08,13669
8805443,"The Sentry (Elvis Cole, #14; Joe Pike, #3)",Robert Crais,eng,4.2,14248
13111733,"Sempre (Sempre, #1)",J.M. Darhower,eng,4.21,14217
17333171,"Magic Shifts (Kate Daniels, #8)",Ilona Andrews,eng,4.47,16363
961833,Mariana,Susanna Kearsley,,4.06,13572
6678,Going Solo,"Roald Dahl, Quentin Blake",eng,4.04,14086
517344,"Clementine (Clementine, #1)","Sara Pennypacker, Marla Frazee",en-US,3.9,15584
8752885,"The Dragon's Path (The Dagger and the Coin, #1)",Daniel Abraham,eng,3.78,13508
402128,Old Possum's Book of Practical Cats,"T.S. Eliot, Edward Gorey",en-US,4.09,15410
25106926,"The Taming of the Queen (The Plantagenet and Tudor Novels, #11)",Philippa Gregory,eng,3.89,9793
18815695,The Pecan Man,Cassie Dandridge Selleck,,4.07,12912
39792,"The Man Who Smiled (Kurt Wallander, #4)","Henning Mankell, Laurie Thompson",eng,3.93,12545
16012,"Paradise Kiss, Vol. 1 (Paradise Kiss, #1)",Ai Yazawa,eng,4.11,14065
4485966,Talent is Overrated: What Really Separates World-Class Performers from Everybody Else,Geoff Colvin,en-US,3.96,12511
3122173,One Silent Night (Dark-Hunter #15),Sherrilyn Kenyon,eng,4.13,21869
61906,"The Warrior's Apprentice (Vorkosigan Saga, #2)",Lois McMaster Bujold,eng,4.29,15782
2501453,عابر سرير,"أحلام مستغانمي, Ahlam Mosteghanemi",ara,3.64,11783
62103,The Complete Phantom of the Opera,"George C. Perry, Clive Barda, Jane Rice, Andrew Lloyd Webber",eng,4.29,13681
295834,"The Unusual Suspects (The Sisters Grimm, #2)","Michael Buckley, Peter Ferguson",en-US,4.22,17793
174845,Life Together: The Classic Exploration of Christian Community,Dietrich Bonhoeffer,,4.29,12811
228992,"White Gold Wielder (The Second Chronicles of Thomas Covenant, #3)",Stephen R. Donaldson,eng,4.01,14117
203288,"The Ship Who Sang (Brainship, #1)",Anne McCaffrey,en-US,4.0,18613
23168817,"The Dark Forest (Remembrance of Earth’s Past, #2)","Liu Cixin, Joel Martinsen",eng,4.38,12476
11806716,"Blackout (Newsflesh Trilogy, #3)",Mira Grant,eng,4.11,14819
9489502,"Cold Vengeance (Pendergast, #11)","Douglas Preston, Lincoln Child",,4.09,13230
32443,The Eyes of Darkness,"Leigh Nichols, Dean Koontz",eng,3.85,14002
47957,"Heir to the Shadows (The Black Jewels, #2)",Anne Bishop,en-US,4.33,18541
18134894,"Tears of Tess (Monsters in the Dark, #1)",Pepper Winters,eng,4.09,22331
84844,"Guilty as Sin  (Deer Lake, #2)",Tami Hoag,eng,4.1,13575
153007,"Kushiel's Scion (Imriel's Trilogy, #1)",Jacqueline Carey,en-GB,4.19,16358
89185,Chasm City,Alastair Reynolds,eng,4.12,13802
6791212,"The Lost Child of Philomena Lee: A Mother, Her Son and a 50 Year Search",Martin Sixsmith,eng,3.65,7261
438024,Let's Pretend This Never Happened (Dear Dumb Diary #1),Jim Benton,,3.98,13347
1432370,"Breaking Night: A Memoir of Forgiveness, Survival, and My Journey from Homeless to Harvard",Liz Murray,en-US,4.19,12664
8315872,"Treachery in Death (In Death, #32)","J.D. Robb, Nora Roberts",en-US,4.43,17289
17797253,Under the Wide and Starry Sky,Nancy Horan,eng,3.57,12105
13070346,"Blood Rites (The Grey Wolves, #2)",Quinn Loftis,eng,4.41,16421
11908,The Adventures of Augie March,"Saul Bellow, Christopher Hitchens",,3.84,12830
18221931,"Carter Reed (Carter Reed, #1)",Tijan,eng,4.03,26670
47345,"Man and Boy (Harry Silver, #1)",Tony Parsons,eng,3.55,11603
10115,The Memoirs of Cleopatra,Margaret George,eng,4.17,14235
10503124,"The Jefferson Key (Cotton Malone, #7)",Steve Berry,en-US,3.88,13472
18339630,All My Puny Sorrows,Miriam Toews,eng,3.93,11602
18339743,Bittersweet,Miranda Beverly-Whittemore,eng,3.44,11544
513367,In Search of Schrödinger's Cat: Quantum Physics and Reality,John Gribbin,eng,4.0,12399
62571,"The Keep (Adversary Cycle, #1)",F. Paul Wilson,en-US,3.98,13211
9798177,"Middle School: The Worst Years of My Life (Midde School, #1)","James Patterson, Chris Tebbetts, Laura Park",eng,4.01,14178
60929,"Dawn (Xenogenesis, #1)",Octavia E. Butler,eng,4.1,13744
164323,"The Google Story: Inside the Hottest Business, Media, and Technology Success of Our Time",David A. Vise,,3.81,11158
3344411,Every Man Dies Alone,"Hans Fallada, Michael Hofmann, Geoff Wilkes",eng,4.21,6838
24934065,"Rebel of the Sands (Rebel of the Sands, #1)",Alwyn Hamilton,eng,3.96,16789
21618,"Forever Peace (The Forever War, #2)",Joe Haldeman,en-US,3.73,14124
762064,"Betrayal in Death (In Death, #12)","J.D. Robb, Nora Roberts",eng,4.31,19215
123632,Man and His Symbols,"C.G. Jung, Joseph L. Henderson, Aniela Jaffé, Jolande Jacobi, John Freeman, Marie-Louise von Franz",eng,4.18,12463
625554,"Pillar of Light (The Work and the Glory, #1)",Gerald N. Lund,,4.28,12722
7955881,"The Cloud Searchers (Amulet, #3)",Kazu Kibuishi,eng,4.36,15936
27276262,Lily and the Octopus,Steven  Rowley,eng,3.74,13667
3447,In the Lake of the Woods,Tim O'Brien,eng,3.78,12441
6264710,"Tempt Me at Twilight (The Hathaways, #3)","Lisa Kleypas, Rosalyn Landor",eng,4.18,23125
12677913,"Tiger's Destiny (The Tiger Saga, #4)",Colleen Houck,eng,4.41,18503
372385,Back Spin (Myron Bolitar #4),Harlan Coben,eng,3.96,14333
73100,"This Heart of Mine (Chicago Stars, #5)",Susan Elizabeth Phillips,eng,4.12,21976
13605727,"Elixir (Covenant, #3.5)",Jennifer L. Armentrout,,4.41,21974
17452179,Apple Tree Yard,Louise Doughty,eng,3.71,10082
136642,The Ice Limit (Ice Limit #1),"Douglas Preston, Lincoln Child",fre,3.97,12250
17977710,"Twisted (Tangled, #2)",Emma Chase,eng,4.04,24823
8356487,"Heartless (Parasol Protectorate, #4)",Gail Carriger,eng,4.07,22670
389827,"When Calls the Heart (Canadian West, #1)",Janette Oke,en-US,4.19,13609
18090061,Big Girl Panties,Stephanie Evanovich,eng,3.44,9798
133241,Saving Grace,Julie Garwood,eng,4.25,19061
7198269,"Married By Morning (The Hathaways, #4)",Lisa Kleypas,eng,4.14,22830
30593,Pnin,"Vladimir Nabokov, David Lodge",eng,3.9,11538
76661,"Being a Green Mother (Incarnations of Immortality, #5)",Piers Anthony,en-GB,3.95,15569
3334563,"The Inkheart Trilogy: Inkheart, Inkspell, Inkdeath (Inkworld, #1-3)",Cornelia Funke,eng,4.17,14014
537094,The Overcoat,Nikolai Gogol,,4.12,12091
102030,Musashi,"Eiji Yoshikawa, Charles Terry, Edwin O. Reischauer",eng,4.43,9574
6696465,"Finally (Willow Falls, #2)",Wendy Mass,,4.19,13268
6398972,Ford County,John Grisham,eng,3.56,13770
93157,The Monk,Matthew      Lewis,eng,3.8,13633
23281640,"Gathering Prey (Lucas Davenport, #25)",John Sandford,,4.18,9757
17232261,Songs of Willow Frost,Jamie Ford,eng,3.64,13645
280366,"Jar City (Inspector Erlendur, #3)","Arnaldur Indriðason, Bernard Scudder",eng,3.8,11803
28568,"The Vanished Man (Lincoln Rhyme, #5)",Jeffery Deaver,en-US,4.08,13353
12926804,One for the Murphys,Lynda Mullaly Hunt,eng,4.31,16058
324737,"Fresh Wind, Fresh Fire: What Happens When God's Spirit Invades the Heart of His People","Jim Cymbala, Dean Merrill",,4.24,11677
12291438,"The Madman’s Daughter (The Madman’s Daughter, #1)",Megan Shepherd,eng,3.69,17647
16131072,"Second Honeymoon (Honeymoon, #2)","James Patterson, Howard Roughan",eng,3.89,11418
23355069,"Hero (Hero, #1)",Samantha Young,eng,4.1,21777
55352,Brain Droppings,George Carlin,eng,4.11,13255
8696,Last Chance to See,"Douglas Adams, Mark Carwardine",,4.33,13860
1653655,"Swindle (Swindle, #1)",Gordon Korman,eng,3.94,13562
15786110,Relish: My Life in the Kitchen,Lucy Knisley,eng,3.89,13518
15832932,What I Thought Was True,Huntley Fitzpatrick,eng,3.71,16390
9528186,Pretty Little Liars (TV Series),Lambert M. Surhone,eng,4.46,11643
10429037,"Ruthless (Pretty Little Liars, #10)",Sara Shepard,en-US,3.93,16885
18667976,The Secret Life of Violet Grant,Beatriz Williams,eng,3.97,12825
37338,"Wicked Ties (Wicked Lovers, #1)",Shayla Black,en-US,3.97,22097
47878,"Charlie Bone and the Beast (The Children of the Red King, #6)",Jenny Nimmo,en-US,3.93,16397
27406436,The Baller: A Down and Dirty Football Novel,Vi Keeland,eng,4.13,17375
22055280,"The Providence of Fire (Chronicle of the Unhewn Throne, #2)",Brian Staveley,eng,4.16,11629
51985,Existentialism Is a Humanism,"Jean-Paul Sartre, Arlette Elkaïm-Sartre, Annie Cohen-Solal, Carol Macomber",en-GB,3.96,12493
15451058,My Life on the Road,Gloria Steinem,eng,4.08,15997
7696135,Making Ideas Happen: Overcoming the Obstacles Between Vision and Reality,Scott Belsky,,3.94,13229
6609864,"Sweet Little Lies (L.A. Candy, #2)",Lauren Conrad,en-US,3.53,14901
17830559,"Remy (Real, #3)",Katy Evans,eng,4.31,25386
11227043,"Rock Chick Revenge (Rock Chick, #5)",Kristen Ashley,eng,4.5,26940
342994,The Little Match Girl,"Hans Christian Andersen, Rachel Isadora",eng,4.08,16478
95643,The Places in Between,Rory Stewart,en-US,3.88,11445
24611454,"Stars of Fortune (The Guardians Trilogy, #1)",Nora Roberts,eng,4.0,12822
13425393,I Suck at Girls,Justin Halpern,,3.79,12554
16342,"Cat Among the Pigeons (Hercule Poirot, #32)",Agatha Christie,eng,3.82,17221
15786792,Paris,Edward Rutherfurd,eng,3.95,8441
77995,The Necklace and Other Short Stories,Guy de Maupassant,eng,3.94,11688
84786,Void Moon,Michael Connelly,eng,3.95,14090
34057,Captains Courageous,Rudyard Kipling,eng,3.88,14823
168571,"Shadow Prey (Lucas Davenport, #2)",John Sandford,eng,3.99,14690
31333,Violin,Anne Rice,eng,3.26,14911
25527908,The Forgetting Time,Sharon Guskin,eng,3.79,8457
809849,Dear Zoo: A Lift-the-Flap Book,Rod Campbell,,4.25,16432
13618,"Death Note, Vol. 3: Hard Run (Death Note, #3)","Tsugumi Ohba, Takeshi Obata",eng,4.42,18012
11309018,"The Lost Stories (Ranger's Apprentice, #11)",John Flanagan,eng,4.27,15816
15738951,"Deep Down (Jack Reacher, #16.5)",Lee Child,en-US,3.87,9916
10947600,Saving June,Hannah Harrington,eng,3.97,14867
23398806,"Eeny Meeny (Helen Grace, #1)",M.J. Arlidge,eng,3.88,8498
15513156,"Of Triton (The Syrena Legacy, #2)",Anna Banks,eng,4.0,19216
7830126,What the Night Knows,Dean Koontz,eng,3.74,13873
16174197,"Knight & Play (Knight, #1)",Kitty French,eng,4.04,24297
18405221,"Queen of Fire (Raven's Shadow, #3)",Anthony  Ryan,eng,3.64,11985
404223,"The Wounded Land (The Second Chronicles of Thomas Covenant, #1)",Stephen R. Donaldson,,3.96,14549
249042,Darkness Visible: A Memoir of Madness,William Styron,,4.04,13396
13057939,In the Shadow of the Banyan,Vaddey Ratner,,4.04,12946
9858488,Dead End in Norvelt,Jack Gantos,eng,3.72,15877
6611038,"Spider's Bite (Elemental Assassin, #1)",Jennifer Estep,eng,3.87,24192
123845,Self-Reliance and Other Essays,Ralph Waldo Emerson,en-US,4.14,14484
70241,Crash,J.G. Ballard,en-CA,3.58,13217
769016,How to Talk So Kids Will Listen & Listen So Kids Will Talk,"Adele Faber, Elaine Mazlish, Kimberly Ann Coe",en-US,4.24,10931
294951,Fiddler on the Roof,"Joseph Stein, Jerry Bock, Sheldon Harnick",eng,4.2,14049
17607848,"Afterburn (Jax & Gia, #1)",Sylvia Day,eng,3.97,17821
7926,"All-of-a-Kind Family (All-of-a-Kind Family, #1)",Sydney Taylor,eng,4.23,18383
18114057,Influx,Daniel Suarez,eng,3.91,6938
15560,"Ilse Witch (Voyage of the Jerle Shannara, #1)",Terry Brooks,en-US,3.95,14386
95420,Personal History,Katharine Graham,en-US,4.13,13714
27824826,"The Dry (Aaron Falk, #1)",Jane Harper,eng,4.07,19843
40320,Full House (Full #1),"Janet Evanovich, Charlotte Hughes",eng,3.63,17813
291,The Broken Wings,"Kahlil Gibran, Anthony R. Ferris",eng,3.93,5611
14889780,"Two Graves (Pendergast, #12)","Douglas Preston, Lincoln Child",,4.03,12164
13109291,"Blood of Dragons (Rain Wild Chronicles, #4)",Robin Hobb,eng,4.12,12165
539904,A Bridge Too Far,Cornelius Ryan,eng,4.24,13676
87220,Loser,Jerry Spinelli,eng,3.72,15079
498835,"Sepulchre (Languedoc, #2)",Kate Mosse,en-GB,3.73,13368
7778609,"Kill the Dead (Sandman Slim, #2)",Richard Kadrey,en-US,4.06,13583
100247,Vagabonding: An Uncommon Guide to the Art of Long-Term World Travel,Rolf Potts,eng,3.92,13128
12383252,"Kiss the Dead (Anita Blake, Vampire Hunter #21)",Laurell K. Hamilton,eng,3.79,18225
10775,The Garden of Eden,Ernest Hemingway,en-US,3.74,12948
1333030,"Sweet Surrender (Sweet, #1)",Maya Banks,en-US,3.99,20856
22875,"The One Tree (The Second Chronicles of Thomas Covenant, #2)",Stephen R. Donaldson,eng,3.96,13812
24816,Homicidal Psycho Jungle Cat: A Calvin and Hobbes Collection,Bill Watterson,eng,4.71,14113
17190226,"Surrender Your Love (Surrender Your Love, #1)",J.C. Reed,eng,3.91,20398
17985262,CyberStorm,Matthew Mather,eng,3.75,6028
24476,Fargo Rock City: A Heavy Metal Odyssey in Rural North Dakota,Chuck Klosterman,en-US,3.8,11376
795034,"To Green Angel Tower, Part 1 (Memory, Sorrow, and Thorn, #3; Part 1)",Tad Williams,en-US,4.18,13830
6818019,"I Am Nujood, Age 10 and Divorced","Nujood Ali, Delphine Minoui, Linda Coverdale",eng,3.79,13607
43798,The Feast of All Saints,Anne Rice,en-US,3.83,15221
18453074,To Rise Again at a Decent Hour,Joshua Ferris,eng,3.08,10270
150720,Proof,David Auburn,eng,4.01,13777
121581,"The Past Through Tomorrow (Future History, #1-21)","Robert A. Heinlein, Damon Knight",eng,4.15,13920
86525,"Master of the Senate (The Years of Lyndon Johnson, #3)",Robert A. Caro,eng,4.41,11411
15722284,"Saint Odd (Odd Thomas, #7)",Dean Koontz,eng,4.12,11714
6671,The Wonderful Story of Henry Sugar and Six More,Roald Dahl,eng,4.15,13419
140091,"Real Murders (Aurora Teagarden, #1)",Charlaine Harris,eng,3.66,18154
7926242,"Port Mortuary (Kay Scarpetta, #18)",Patricia Cornwell,en-US,3.55,14765
672948,Arch of Triumph: A Novel of a Man Without a Country,Erich Maria Remarque,,4.4,11391
154795,The Death of Superman,"Dan Jurgens, Jerry Ordway, Louise Simonson, Roger Stern, Jon Bogdanove, Tom Grummett, Jackson Butch Guice, Brett Breeding, Rick Burchett, Doug Hazlewood, Dennis Janke, Denis Rodier",en-US,3.89,12630
144800,The Raw Shark Texts,Steven Hall,en-US,3.87,11010
27904311,"The Hammer of Thor (Magnus Chase and the Gods of Asgard, #2)",Rick Riordan,eng,4.37,22736
15771862,Wave,Sonali Deraniyagala,eng,3.7,12008
1307,"Fire Sea (The Death Gate Cycle, #3)","Margaret Weis, Tracy Hickman",en-US,4.05,14707
13547504,"Far from the Tree: Parents, Children, and the Search for Identity",Andrew Solomon,eng,4.26,11879
958277,"Junie B. Jones and the  Stupid Smelly Bus (Junie B. Jones, #1)","Barbara Park, Denise Brunkus",en-US,3.9,16918
23887,The Autumn of the Patriarch,"Gabriel García Márquez, Gregory Rabassa",eng,3.84,10576
3276637,"Bones of the Hills (Conqueror, #3)",Conn Iggulden,eng,4.32,11461
13330771,Hallucinations,Oliver Sacks,eng,3.85,11443
12444297,"Burned (Fever, #7)",Karen Marie Moning,eng,4.12,17562
3301759,The Murders in the Rue Morgue,Edgar Allan Poe,eng,3.92,15114
104086,The Summer Tree (The Fionavar Tapestry #1),Guy Gavriel Kay,en-US,3.99,16187
7909,"Betsy-Tacy (Betsy-Tacy, #1)","Maud Hart Lovelace, Lois Lenski",en-US,4.07,18024
2020935,Sweethearts,Sara Zarr,en-US,3.64,16515
1474628,The Monsters of Templeton,Lauren Groff,eng,3.58,13849
18107951,"Midnight Crossroad (Midnight, Texas, #1)",Charlaine Harris,eng,3.63,15029
269746,"Catering to Nobody (A Goldy Bear Culinary Mystery, #1)",Diane Mott Davidson,en-US,3.85,15777
12614410,"The Lost Prince (The Iron Fey: Call of the Forgotten, #1)",Julie Kagawa,eng,4.05,21049
2095583,"Devil Bones (Temperance Brennan, #11)",Kathy Reichs,eng,3.89,18180
116114,From Here to Eternity,James  Jones,eng,4.09,13106
389763,Change Your Thoughts - Change Your Life: Living the Wisdom of the Tao,Wayne W. Dyer,eng,4.24,11997
81176,"Dude, Where's My Country?",Michael Moore,en-US,3.4,12468
364089,The Last Don,Mario Puzo,eng,3.8,11327
11995136,محال,"يوسف زيدان, Youssef Ziedan",ara,3.31,10074
19452,"Ready or Not (All-American Girl, #2)",Meg Cabot,eng,3.4,21089
128755,"Cross Bones (Temperance Brennan, #8)",Kathy Reichs,,3.86,17850
163363,All But My Life: A Memoir,Gerda Weissmann Klein,en-US,4.28,13710
577542,Rikki-Tikki-Tavi,"Rudyard Kipling, Jerry Pinkney",,3.96,13851
2249196,"All-Star Superman, Vol. 2","Grant Morrison, Frank Quitely",eng,4.33,12420
17345242,The World of Ice & Fire: The Untold History of Westeros and the Game of Thrones,"George R.R. Martin, Elio M. García Jr., Linda Antonsson",eng,4.25,12119
110386,"To Sir Phillip, With Love (Bridgertons, #5)",Julia Quinn,eng,3.89,21928
454236,Miracle in the Andes,"Nando Parrado, Vince Rause",,4.21,11057
17336849,"Lost & Found (Lost & Found, #1)",Nicole  Williams,eng,4.13,21272
298730,"Among the Barons (Shadow Children, #4)",Margaret Peterson Haddix,en-US,4.08,17495
20912424,The War that Saved My Life (The War That Saved My Life #1),"Kimberly Brubaker Bradley, مرضیه ورشوساز",eng,4.43,18782
125662,"Say Cheese and Die! (Goosebumps, #4)",R.L. Stine,eng,3.72,15540
328907,"Sharpe's Tiger (Sharpe, #1)",Bernard Cornwell,en-US,4.08,12793
207684,Jinx,Meg Cabot,en-US,3.72,21745
53064,Death in Venice and Other Tales,"Thomas Mann, Joachim Neugroschel",eng,3.87,11873
21874813,"As Chimney Sweepers Come to Dust (Flavia de Luce, #7)",Alan Bradley,eng,3.94,14337
13258,What Was She Thinking? [Notes on a Scandal],Zoë Heller,eng,3.69,11774
25293695,"The Beast (Black Dagger Brotherhood, #14)",J.R. Ward,eng,4.45,13243
65399,"Sullivan's Island (Lowcountry Tales, #1)",Dorothea Benton Frank,eng,4.02,13081
229149,"Cardcaptor Sakura: Master of the Clow, Vol. 1 (Cardcaptor Sakura, #7)","CLAMP, Anita Sengupta",eng,4.34,12151
10897866,"The Soulkeepers (The Soulkeepers, #1)",G.P. Ching,en-US,3.71,7328
33820,Up Country,Nelson DeMille,,3.99,12902
1048645,Private Peaceful,Michael Morpurgo,eng,4.16,13123
383514,"Her Royal Spyness (Her Royal Spyness Mysteries, #1)",Rhys Bowen,en-US,3.76,17498
12288282,"Gunmetal Magic (Kate Daniels, #5.5)",Ilona Andrews,eng,4.28,21396
22381326,"Half a War (Shattered Sea, #3)",Joe Abercrombie,eng,4.01,10629
10813469,"Rock Chick Renegade (Rock Chick, #4)",Kristen Ashley,en-GB,4.46,26554
15729261,"The Marriage Mistake (Marriage to a Billionaire, #3)",Jennifer Probst,eng,3.96,21512
886512,Jamberry,Bruce Degen,,4.17,15478
8269450,"Darkest Powers Trilogy (Darkest Powers, #1-3)",Kelley Armstrong,eng,4.47,14473
261604,"Rhapsody: Child of Blood (Symphony of Ages, #1)",Elizabeth Haydon,eng,3.95,16329
91201,Doctors,Erich Segal,eng,4.0,11331
142395,Samarkand,"Amin Maalouf, Russell Harris",eng,4.2,7600
7685763,"Indulgence in Death (In Death, #31)",J.D. Robb,eng,4.32,16464
15852479,We Need New Names,NoViolet Bulawayo,eng,3.71,11262
894072,The Little Red Caboose (Little Golden Book),Marian Potter,,4.21,15978
5093760,Pretty in Plaid,Jen Lancaster,eng,3.88,14860
180930,Wicca: A Guide for the Solitary Practitioner,Scott Cunningham,en-US,4.01,12264
179142,All My Sons,"Arthur Miller, Christopher Bigsby",eng,3.87,15337
7863274,Graffiti Moon,Cath Crowley,eng,3.9,14176
845403,Mufaro's Beautiful Daughters: An African Tale,John Steptoe,en-US,4.32,16479
61904,"Paladin of Souls (World of the Five Gods, #2)",Lois McMaster Bujold,eng,4.13,15855
13589182,Mastery,Robert Greene,,4.27,12717
4986,"God Bless You, Dr. Kevorkian",Kurt Vonnegut Jr.,eng,3.83,11543
3090282,A Homemade Life: Stories and Recipes from My Kitchen Table,Molly Wizenberg,eng,3.94,13310
138069,The Three Pigs,David Wiesner,en-US,4.15,16295
26123,Learned Optimism: How to Change Your Mind and Your Life,Martin E.P. Seligman,en-GB,3.98,11310
7827221,"Desires of the Dead (The Body Finder, #2)",Kimberly Derting,en-US,4.07,20654
563887,The Littles,"John Lawrence Peterson, Roberta Carter Clark",,3.98,15650
155106,Amelia Bedelia and the Surprise Shower,"Peggy Parish, Barbara Siebel Thomas",eng,4.27,14438
12125,"Homecoming (Tillerman Cycle, #1)",Cynthia Voigt,eng,3.92,17023
112751,"Spell of the Highlander (Highlander, #7)",Karen Marie Moning,eng,4.27,21143
28482,"The Hand of Chaos (The Death Gate Cycle, #5)","Margaret Weis, Tracy Hickman",en-US,4.05,14911
382680,One False Move (Myron Bolitar #5),Harlan Coben,eng,4.07,13599
62012,The Guns of Avalon (The Chronicles of Amber #2),Roger Zelazny,eng,4.16,15131
163465,The Great Gilly Hopkins,Katherine Paterson,eng,3.83,15886
32807,"Trojan Odyssey (Dirk Pitt, #17)",Clive Cussler,eng,3.92,13635
138872,Follow the River,James Alexander Thom,en-US,4.21,13697
91571,Measure for Measure,"William Shakespeare, Barbara A. Mowat, Paul Werstine",eng,3.67,15474
228221,The Mask,"Owen  West, Dean Koontz",eng,3.75,14336
13514612,All Our Yesterdays,Cristin Terrill,eng,4.05,16338
16218778,Coming Clean,Kimberly Rae Miller,en-US,3.88,10002
5368,Forever Amber ,Kathleen Winsor,eng,3.98,13286
8619814,"The Emerald Atlas (The Books of Beginning, #1)",John  Stephens,eng,3.92,15057
28390369,Swing Time,Zadie Smith,eng,3.6,17311
42435,In Harm's Way: The Sinking of the U.S.S. Indianapolis and the Extraordinary Story of Its Survivors,Doug Stanton,,4.25,12406
1819632,"Chibi Vampire, Vol. 01",Yuna Kagesaki,eng,3.99,13110
18667779,Everything Leads to You,Nina LaCour,eng,3.89,17583
363851,Jeremy Fink and the Meaning of Life,Wendy Mass,en-US,4.02,15567
216048,"Thank You, Mr. Falker",Patricia Polacco,en-US,4.52,13049
20821159,The Peripheral,William Gibson,eng,3.94,8839
6464937,Too Much Happiness,Alice Munro,eng,3.82,12106
13614836,"Tempting the Best Man (Gamble Brothers, #1)","J. Lynn, Jennifer L. Armentrout",eng,3.73,25398
17158513,"Captive Prince: Volume Two (Captive Prince, #2)",C.S. Pacat,eng,4.51,15899
10970532,"The Siren (The Original Sinners, #1)",Tiffany Reisz,,4.05,19094
267243,Ironweed,William  Kennedy,eng,3.86,12194
6621101,"Deception (Alex Delaware, #25)",Jonathan Kellerman,en-US,3.96,13026
40580,Stupid White Men,Michael Moore,en-GB,3.3,10835
23766634,"A Court of Wings and Ruin (A Court of Thorns and Roses, #3)",Sarah J. Maas,eng,4.54,55037
4893390,"The Faceless Ones (Skulduggery Pleasant, #3)",Derek Landy,eng,4.4,14971
63689,The Great Railway Bazaar,Paul Theroux,en-US,3.91,12110
13117308,"Black List (Scot Harvath, #11)",Brad Thor,eng,4.2,11176
22417,"Transmetropolitan, Vol. 2: Lust for Life (Transmetropolitan, #2)","Warren Ellis, Darick Robertson",eng,4.35,13527
101869,"The Atrocity Archives (Laundry Files, #1)",Charles Stross,en-US,3.95,12600
10867,The Pleasure of My Company,Steve Martin,en-US,3.78,12378
138683,"Dark Fire (Matthew Shardlake, #2)",C.J. Sansom,en-US,4.24,11927
17831619,"Beautiful Beginning (Beautiful Bastard, #3.5)",Christina Lauren,en-US,4.24,22100
11381910,Heft,Liz Moore,,3.96,12722
7998,"Outcast of Redwall (Redwall, #8)",Brian Jacques,en-US,3.9,15874
543873,Mister Pip,Lloyd Jones,eng,3.66,11657
1191,Giada's Family Dinners,"Giada De Laurentiis, Victoria Pearson",,3.99,12061
185012,Doubt,John Patrick Shanley,,4.13,14050
675614,"Book of Shadows (Sweep, #1)",Cate Tiernan,eng,4.04,18691
2141830,"Secrets of a Shoe Addict (Shoe Addict, #2)",Beth Harbison,,3.73,12762
22609080,"After We Fell (After, #3)",Anna Todd,eng,3.88,12776
6589074,Elizabeth Street,Laurie Fabiano,eng,3.9,7821
13415554,"The Assassin and the Pirate Lord (Throne of Glass, #0.1)",Sarah J. Maas,eng,4.23,20559
24965,Fear and Trembling,"Søren Kierkegaard, Alastair Hannay",eng,4.01,10983
30334,"Hawksong (The Kiesha'ra, #1)",Amelia Atwater-Rhodes,eng,4.15,18231
45260,"The Naked God (Night's Dawn, #3)",Peter F. Hamilton,,4.2,12418
14481,"Come Back, Amelia Bedelia","Peggy Parish, Wallace Tripp",,4.25,14154
790171,Kon-Tiki: Across The Pacific In A Raft,Thor Heyerdahl,en-US,4.1,13541
15815364,How to Get Filthy Rich in Rising Asia,Mohsin Hamid,eng,3.76,11023
15852,Relativity: The Special and the General Theory,"Albert Einstein, Nigel Calder, Robert W. Lawson",eng,4.17,11069
33770,Getting Over It,Anna Maxted,,3.53,13240
10866233,The List,Siobhan Vivian,eng,3.46,16569
19534,The Brothers K,David James Duncan,eng,4.39,11010
9484114,The Happiness Advantage: The Seven Principles of Positive Psychology That Fuel Success and Performance at Work,Shawn Achor,,4.15,11131
13167796,"A Dog's Journey (A Dog's Purpose, #2)",W. Bruce Cameron,en-US,4.41,12513
11389341,The Meaning of Marriage: Facing the Complexities of Commitment with the Wisdom of God,"Timothy J. Keller, Kathy  Keller",eng,4.43,11196
6672183,Batman & Robin: Batman Reborn,"Grant Morrison, Frank Quitely, Philip Tan, Jonathan Glapion, Alex Sinclair",eng,4.08,13542
1157452,"MeruPuri, Vol. 1 (MeruPuri, #1)",Matsuri Hino,eng,4.14,14343
11031,The Flanders Panel,"Arturo Pérez-Reverte, Margaret Jull Costa",en-CA,3.8,11868
576570,The Princess and the Pea,"Janet Stevens, Hans Christian Andersen",,4.1,14851
4662,The Short Stories,"F. Scott Fitzgerald, Matthew J. Bruccoli",eng,4.23,11525
397466,"Dark Angel (Casteel, #2)",V.C. Andrews,eng,3.96,14720
77787,"Specter of the Past (Star Wars: The Hand of Thrawn, #1)",Timothy Zahn,eng,3.98,13705
25507925,Binge,Tyler Oakley,,4.3,13541
22471294,Black Lies,Alessandra Torre,eng,4.32,18741
351648,What the Dead Know,Laura Lippman,en-US,3.54,14404
17798233,"Rome (Marked Men, #3)","Jay Crownover, Charlotte Connan de vries",eng,4.22,26881
76527,"The Life and Opinions of Tristram Shandy, Gentleman","Laurence Sterne, Melvyn New",eng,3.74,13641
765148,Giraffes Can't Dance,"Giles Andreae, Guy Parker-Rees",en-US,4.28,14144
98048,The Passion of Artemisia,Susan Vreeland,eng,3.86,13791
270435,Heal Your Body: The Mental Causes for Physical Illness and the Metaphysical Way to Overcome Them,Louise L. Hay,en-US,4.34,11502
284698,"Tokyo Mew Mew, Vol. 1 (Tokyo Mew Mew, #1)","Mia Ikumi, Reiko Yoshida",en-US,3.95,12970
11595276,The Miseducation of Cameron Post,Emily M. Danforth,en-US,3.99,16235
1967070,Coraline (Illustrated/Graphic Novel Edition),"Neil Gaiman, P. Craig Russell",eng,3.96,14909
2173611,"House of Many Ways (Howl's Moving Castle, #3)",Diana Wynne Jones,en-US,4.03,17697
23602561,The Cartel,Don Winslow,eng,4.28,9270
25937671,A Mother's Reckoning: Living in the Aftermath of Tragedy,Sue Klebold,eng,4.13,12795
13062,"Skin Tight (Mick Stranahan, #1)",Carl Hiaasen,en-US,3.96,13039
3750,"Moonraker (James Bond, #3)",Ian Fleming,eng,3.7,12016
364550,Two Treatises of Government,"John Locke, Peter Laslett, Raymond Geuss",eng,3.81,13056
16900,Civil Disobedience and Other Essays,Henry David Thoreau,eng,4.06,12557
17533,"Rose in Bloom (Eight Cousins, #2)",Louisa May Alcott,en-US,4.03,16842
18718848,Mosquitoland,David  Arnold,eng,3.92,14312
25228579,The Perfect Son,Barbara Claypole White,eng,3.97,10090
82436,Looking for Alibrandi,Melina Marchetta,eng,3.85,14685
17257993,"Raid (Unfinished Hero, #3)",Kristen Ashley,eng,4.23,24604
15813668,"Fifth Grave Past the Light (Charley Davidson, #5)",Darynda Jones,eng,4.49,21286
416580,"The Seventh Scroll (Ancient Egypt, #2)",Wilbur Smith,en-US,4.1,11501
12813860,A Midsummer's Nightmare,Kody Keplinger,eng,3.83,17247
17571466,The Troop,Nick Cutter,eng,3.71,11620
820480,"Revelation (Matthew Shardlake, #4)",C.J. Sansom,eng,4.32,11868
11339,100 Love Sonnets,"Pablo Neruda, Stephen Tapscott",eng,4.4,11425
18316089,Lucky Us,Amy Bloom,,3.21,11205
110393,"It's in His Kiss (Bridgertons, #7)",Julia Quinn,eng,4.01,20377
31538614,"Short Stories from Hogwarts of Power, Politics and Pesky Poltergeists (Pottermore Presents, #2)","J.K. Rowling, MinaLima",eng,4.2,10032
9454,Phenomenology of Spirit,"Georg Wilhelm Friedrich Hegel, A.V. Miller, John Niemeyer Findlay",eng,3.91,11744
17257990,"Fire Inside (Chaos, #2)",Kristen Ashley,eng,4.33,20786
479561,"The Neutronium Alchemist (Night's Dawn, #2)",Peter F. Hamilton,eng,4.25,12726
9995135,The Darkest Seduction (Lords of the Underworld #9),Gena Showalter,eng,4.35,20057
30226723,"King's Cage (Red Queen, #3)",Victoria Aveyard,eng,4.03,30692
6345193,Invisible,Paul Auster,eng,3.71,11706
5557442,ظل الأفعى,يوسف زيدان,ara,3.0,8299
9266810,Ten Things We Did (and Probably Shouldn't Have),Sarah Mlynowski,en-US,3.74,15396
13042154,"Rebel Heart (Dust Lands, #2)",Moira Young,eng,3.89,16265
4507,Sickened: The Memoir of a Munchausen by Proxy Childhood,Julie Gregory,,3.72,11860
96082,The Last Time They Met,Anita Shreve,,3.48,13180
25817493,News of the World,Paulette Jiles,eng,4.14,15476
40710,"Blowback (Scot Harvath, #4)",Brad Thor,eng,4.17,11410
9864913,Jaya: An Illustrated Retelling of the Mahabharata,Devdutt Pattanaik,eng,4.2,9534
51114,Women of the Silk,Gail Tsukiyama,en-US,3.94,12769
54492,The Prisoner of Zenda,Anthony Hope,eng,3.87,12530
8349348,"Flutter (My Blood Approves, #3)",Amanda Hocking,eng,3.97,14828
18089551,"Tall, Tatted and Tempting (The Reed Brothers, #1)",Tammy Falkner,en-US,4.23,24680
456,Leviathan,Paul Auster,eng,3.95,10002
15157,Saving Faith,David Baldacci,eng,3.82,13377
171471,"The Spine of the World (Forgotten Realms: Paths of Darkness, #2; Legend of Drizzt, #12)",R.A. Salvatore,en-US,3.89,12099
308540,"The Haunted Mask (Goosebumps, #11)",R.L. Stine,eng,3.77,14043
136641,Tyrannosaur Canyon (Wyman Ford #1),Douglas Preston,eng,3.78,13452
28016509,The Girl Before,J.P. Delaney,eng,3.7,23500
15673,Wayside School Gets A Little Stranger (Wayside School #3),Louis Sachar,eng,4.18,15566
11279,Summer of Night,Dan Simmons,en-US,4.0,13014
4961959,"The Dresden Files:  Storm Front, Volume 1-  The Gathering Storm","Jim Butcher, Mark Powers, Ardian Syaf",eng,4.36,11953
13064,Tourist Season,Carl Hiaasen,en-US,3.95,13850
16076787,السنجة,أحمد خالد توفيق,ara,3.16,10449
366346,"204 Rosewood Lane (Cedar Cove, #2)",Debbie Macomber,eng,4.15,14454
16071767,"Unseen (Will Trent, #7)",Karin Slaughter,eng,4.17,12277
6681333,"Eleventh Grade Burns (The Chronicles of Vladimir Tod, #4)",Heather Brewer,,4.31,14758
175324,Double Star,Robert A. Heinlein,eng,3.88,14661
390305,"A Perfect Evil (Maggie O'Dell, #1)",Alex Kava,eng,4.02,13542
15737147,Help Thanks Wow: The Three Essential Prayers,Anne Lamott,eng,3.97,12245
7981,"The Long Patrol (Redwall, #10)","Brian Jacques, Allan Curless",,4.1,15343
11107244,The Better Angels of Our Nature: Why Violence Has Declined,Steven Pinker,eng,4.19,11437
821003,"When We Were Very Young (Winnie-the-Pooh, #3)","A.A. Milne, Ernest H. Shepard",en-US,4.32,17922
22367526,My Sunshine Away,M.O. Walsh,eng,3.6,11118
370057,The Truth Seeker (O'Malley #3),Dee Henderson,,4.39,13796
1244286,Filosofi Kopi: Kumpulan Cerita dan Prosa Satu Dekade,Dee Lestari,ind,3.82,8904
364826,سینوهه,"Mika Waltari, ذبیح‌الله منصوری",per,4.08,5907
7907782,Great House,Nicole Krauss,eng,3.45,13582
28374062,"The Kept Woman (Will Trent, #8)",Karin Slaughter,eng,4.1,8175
11808919,"Maid for Love (Gansett Island Series, #1)",Marie Force,eng,3.98,14989
95619,And the Shofar Blew,Francine Rivers,eng,4.11,11618
31357,"Prentice Alvin (Tales of Alvin Maker, #3)",Orson Scott Card,en-US,3.77,14326
97875,"44 Scotland Street (44 Scotland Street, #1)",Alexander McCall Smith,eng,3.61,14795
268275,Chill Factor,Sandra Brown,en-US,3.95,13255
2108198,Odd and the Frost Giants,"Neil Gaiman, Mark Buckingham",eng,3.95,15407
17726978,The Magpies,Mark  Edwards,eng,3.8,6663
669780,Season of Migration to the North,"Tayeb Salih, Denys Johnson-Davies",eng,3.71,5985
24100,The Golden Notebook,Doris Lessing,en-US,3.75,13790
396266,"The Winter Rose (The Tea Rose, #2)",Jennifer Donnelly,,4.29,13930
29923,"The Last Full Measure (The Civil War Trilogy, #3)",Jeff Shaara,eng,4.22,12037
120461,Oscar et la dame rose,Éric-Emmanuel Schmitt,,4.2,9928
46676,When Bad Things Happen to Good People,Harold S. Kushner,,4.02,10615
17768,"Post Captain (Aubrey/Maturin, #2)",Patrick O'Brian,en-US,4.29,7714
2208744,"Dragon Flight (Dragon Slippers, #2)",Jessica Day George,en-US,4.18,15918
730501,"What Katy Did (Carr Family, #1)",Susan Coolidge,eng,3.89,13935
766917,Homer Price (A Puffin Book),Robert McCloskey,eng,4.07,16836
153782,"Shatterglass (The Circle Opens, #4)",Tamora Pierce,eng,4.16,18253
18878,"The Belgariad, Vol. 1: Pawn of Prophecy / Queen of Sorcery / Magician's Gambit (The Belgariad, #1-3)",David Eddings,eng,4.27,13215
359194,The Lucifer Effect: Understanding How Good People Turn Evil,Philip G. Zimbardo,eng,3.94,11860
6606456,The Scent of Rain and Lightning,Nancy Pickard,eng,3.79,14423
361081,"Pacific Vortex! (Dirk Pitt, #1)","Clive Cussler, Michael Pritchard",eng,3.76,14476
17835766,"One More Chance (Rosemary Beach, #8; Chance, #2)",Abbi Glines,eng,4.29,23899
23197269,Aurora,Kim Stanley Robinson,eng,3.73,9686
238137,"Purity in Death (In Death, #15)",J.D. Robb,eng,4.33,16947
116343,"The Hollow Hills (Arthurian Saga, #2)",Mary  Stewart,eng,4.23,17045
303454,"Among the Brave (Shadow Children, #5)",Margaret Peterson Haddix,en-US,4.14,16527
43081,"Marching Powder: A True Story of Friendship, Cocaine, and South America's Strangest Jail","Rusty Young, Thomas McFadden",eng,4.22,7313
1025039,"Mars, Volume 01",Fuyumi Soryo,eng,4.13,14044
5553,Six Easy Pieces: Essentials of Physics By Its Most Brilliant Teacher,Richard Feynman,eng,4.19,11867
688663,"The Art of Simple Food: Notes, Lessons, and Recipes from a Delicious Revolution",Alice Waters,,4.11,13022
96980,"Centaur Aisle (Xanth, #4)",Piers Anthony,,3.77,15431
332348,The Year of Fog,Michelle Richmond,,3.46,12248
194479,Crisis on Infinite Earths,"Marv Wolfman, George Pérez",en-US,4.01,12915
24807,The Areas of My Expertise: An Almanac of Complete World Knowledge Compiled with Instructive Annotation and Arranged in Useful Order,John Hodgman,en-US,3.81,11246
31538647,"Hogwarts: An Incomplete and Unreliable Guide (Pottermore Presents, #3)",J.K. Rowling,eng,4.21,14977
19314,"Ronia, the Robber's Daughter","Astrid Lindgren, Patricia Crampton, Trina Schart Hyman",eng,4.27,14470
7189177,"Spider Bones (Temperance Brennan, #13)",Kathy Reichs,eng,3.9,15403
235127,No Talking,Andrew Clements,eng,3.94,14083
23602504,"Blood on Snow (Blood on Snow, #1)","Jo Nesbø, Neil Smith",eng,3.5,9370
13282015,"Wait for Me (Against All Odds, #1)",Elisabeth Naughton,eng,3.98,12572
12031532,The Garden of Evening Mists,Tan Twan Eng,eng,4.08,10211
16066586,"The Cellar (The Cellar, #1)",Natasha Preston,eng,3.94,8103
696177,"The Gentlemen's Alliance †, Vol. 1",Arina Tanemura,eng,3.96,13260
18775203,"Rusty Nailed (Cocktail, #2)",Alice Clayton,eng,3.97,22614
94813,"Dark Guardian (Dark, #9)",Christine Feehan,en-US,4.33,17197
8492,Prophet,Frank E. Peretti,en-US,3.92,11708
18602341,"The Wicked Will Rise (Dorothy Must Die, #2)",Danielle  Paige,eng,3.82,16739
313263,"Dark Fire (Dark, #6)",Christine Feehan,eng,4.3,17704
20613761,Citizen: An American Lyric,Claudia Rankine,eng,4.3,14115
16387,"Carry on, Jeeves (Jeeves, #3)",P.G. Wodehouse,eng,4.28,13133
1809175,"The Magic Thief (Magic Thief, #1)","Sarah Prineas, Antonio Javier Caparo",eng,3.94,14371
29393,Our Band Could Be Your Life: Scenes from the American Indie Underground 1981-1991,Michael Azerrad,,4.2,10562
56353,"I, Elizabeth",Rosalind Miles,en-US,4.01,12132
22009741,The Woman Who Stole My Life,Marian Keyes,eng,3.52,8693
80834,Pyongyang: A Journey in North Korea,Guy Delisle,eng,3.93,12903
5055,Night Over Water,Ken Follett,eng,3.78,12329
18775284,I Am Having So Much Fun Here Without You,Courtney Maum,eng,3.37,9374
22192,"All I Want is Everything (Gossip Girl, #3)",Cecily von Ziegesar,eng,3.56,15467
407999,Competitive Strategy: Techniques for Analyzing Industries and Competitors,Michael E. Porter,,4.14,10850
255458,Systematic Theology: An Introduction to Biblical Doctrine,Wayne A. Grudem,,4.23,11053
380976,"P is for Peril (Kinsey Millhone, #16)",Sue Grafton,,3.85,16799
25855506,"Adulthood Is a Myth (Sarah's Scribbles, #1)",Sarah Andersen,eng,4.14,39601
301538,"The Darkness That Comes Before (The Prince of Nothing, #1)",R. Scott Bakker,eng,3.78,13146
7841677,"The Dirty Life: On Farming, Food, and Love",Kristin Kimball,eng,4.04,11559
9917998,"Dust & Decay (Rot & Ruin, #2)",Jonathan Maberry,eng,4.29,13646
13574417,"Alienated (Alienated, #1)",Melissa Landers,eng,3.95,18171
18806240,Bone Gap,Laura Ruby,eng,3.86,15150
52471,"Big Cherry Holler (Big Stone Gap, #2)",Adriana Trigiani,eng,3.92,13356
13069213,"Yes, Chef",Marcus Samuelsson,eng,3.8,12230
90475,Teen Idol,Meg Cabot,en-US,3.53,20271
5587960,The Thing Around Your Neck,Chimamanda Ngozi Adichie,eng,4.18,11861
27883214,Caraval,Stephanie Garber,eng,3.97,30975
2179832,Bright Shiny Morning,James Frey,eng,3.8,10762
2267195,The Story of an Hour,Kate Chopin,eng,4.08,13308
85391,Rabbit Is Rich (Rabbit Angstrom #3),John Updike,eng,3.9,12455
12752313,"Lots of Candles, Plenty of Cake",Anna Quindlen,eng,3.71,12792
7531478,Scars,Cheryl Rainfield,en-US,4.17,12452
5941079,The Fixer Upper,Mary Kay Andrews,en-US,3.88,14560
6688121,"Negeri 5 Menara (Negeri 5 Menara, #1)",Ahmad Fuadi,ind,4.04,10018
129510,"Empire of Ivory (Temeraire, #4)",Naomi Novik,,3.93,15449
541920,"An Army at Dawn: The War in North Africa, 1942-1943 (World War II Liberation Trilogy, #1)",Rick Atkinson,eng,4.25,11111
170618,Daddy's Little Girl,Mary Higgins Clark,,3.85,14602
30343,Ricochet,Sandra Brown,eng,3.96,13327
199530,Can't Wait to Get to Heaven,Fannie Flagg,eng,3.89,12262
8706185,Among Others,Jo Walton,eng,3.68,14761
238127,"Seduction in Death (In Death, #13)",J.D. Robb,eng,4.3,17565
56616,Double Indemnity,James M. Cain,eng,4.12,13559
490403,"Upon the Midnight Clear (Dark-Hunter #12, Dream-Hunter #2)",Sherrilyn Kenyon,eng,4.0,21567
1908456,Presentation Zen: Simple Ideas on Presentation Design and Delivery,Garr Reynolds,,4.08,10896
239107,"Sea of Swords (Forgotten Realms: Paths of Darkness, #4; Legend of Drizzt, #13)",R.A. Salvatore,eng,4.07,11816
29744,"Goodbye, Columbus and Five Short Stories",Philip Roth,,3.87,10089
9366879,"Bone: Quest for the Spark, Vol. 1","Tom Sniegoski, Jeff Smith, Thomas E. Sniegoski, Steve Hamaker",eng,4.33,11416
9512985,The Personal MBA: Master the Art of Business,Josh Kaufman,,4.04,12165
16248139,The Last Original Wife,Dorothea Benton Frank,eng,3.67,10974
7200351,"No Mercy (Dark-Hunter #18, Were-Hunter, #5)",Sherrilyn Kenyon,en-US,4.28,19453
23363928,The Library at Mount Char,Scott  Hawkins,eng,4.07,7814
551536,"Fire Star (The Last Dragon Chronicles, #3)",Chris d'Lacey,eng,3.91,13595
12659,Texas,James A. Michener,,4.06,13581
95707,Your Best Life Now: 7 Steps to Living at Your Full Potential,Joel Osteen,,4.0,10338
6871737,Turtle in Paradise,Jennifer L. Holm,en-US,3.93,14714
68483,"The Vor Game (Vorkosigan Saga, #6)",Lois McMaster Bujold,eng,4.28,15252
8765461,Choosing to SEE,"Mary Beth Chapman, Steven Curtis Chapman",,4.3,11110
20706269,Broken Monsters,Lauren Beukes,eng,3.59,7086
11623,The Unabridged Journals of Sylvia Plath,"Sylvia Plath, Karen V. Kukil",eng,4.29,12419
5986375,"This Is Water: Some Thoughts, Delivered on a Significant Occasion, about Living a Compassionate Life",David Foster Wallace,eng,4.53,13312
5552,QED: The Strange Theory of Light and Matter,Richard Feynman,,4.23,10438
8835897,"Defiance (Strange Angels, #4)","Lili St. Crow, Lilith Saintcrow",,4.19,18321
11919,"Haunted (Women of the Otherworld, #5)",Kelley Armstrong,eng,4.08,19974
269386,The Sweet Potato Queens' Book of Love,Jill Conner Browne,eng,3.7,12903
2964700,"Mastiff (Beka Cooper, #3)",Tamora Pierce,en-US,4.24,19695
179264,The Madonnas of Leningrad,Debra Dean,,3.77,12620
6098691,"Divine Misdemeanors (Merry Gentry, #8)",Laurell K. Hamilton,eng,4.04,19184
2983654,"Sweetheart (Archie Sheridan & Gretchen Lowell, #2)",Chelsea Cain,en-US,4.05,14342
7011225,Caim,José Saramago,por,3.89,7402
22321,"All Tomorrow's Parties (Bridge, #3)",William Gibson,en-US,3.88,11672
7562764,"The Quantum Thief (Jean le Flambeur, #1)",Hannu Rajaniemi,eng,3.83,11137
9925913,"Shock Wave (Virgil Flowers, #5)",John Sandford,eng,4.19,11578
12075,Tractatus Logico-Philosophicus,Ludwig Wittgenstein,en-US,4.06,11069
215492,"Lord Edgware Dies (Hercule Poirot, #9)",Agatha Christie,eng,3.88,14117
107021,"Batman: Hush, Vol. 2","Jeph Loeb, Jim Lee, Scott Williams",eng,4.25,12151
5600151,Dog on It (A Chet and Bernie Mystery #1),Spencer Quinn,en-US,3.85,13525
13167062,Spring Fever,Mary Kay Andrews,en-US,3.92,14050
28351,And to Think That I Saw it on Mulberry Street,Dr. Seuss,en-US,3.99,17584
17334495,"The Bully Pulpit: Theodore Roosevelt, William Howard Taft, and the Golden Age of Journalism",Doris Kearns Goodwin,eng,4.16,10384
15801381,"Chasing the Prophecy (Beyonders, #3)",Brandon Mull,eng,4.35,11816
77736,"The Short Victorious War (Honor Harrington, #3)",David Weber,,4.16,14563
73965,Drinking: A Love Story,Caroline Knapp,,4.04,12234
1219103,"Five Weeks in a Balloon (Extraordinary Voyages, #1)",Jules Verne,,3.74,13062
10324808,"Dragon's Oath (House of Night Novellas, #1)","P.C. Cast, Kristin Cast",en-US,4.06,16558
7823038,"Grave Witch (Alex Craft, #1)",Kalayna Price,en-US,3.96,22112
16300,"Sleeping Murder (Miss Marple, #13)",Agatha Christie,eng,3.91,15612
212525,Ethan Frome and Other Short Fiction,"Edith Wharton, Mary Gordon",en-US,3.65,14271
13419891,"The Assassin and the Desert (Throne of Glass, #0.3)",Sarah J. Maas,eng,4.4,18943
132626,On the Genealogy of Morals/Ecce Homo,"Friedrich Nietzsche, Walter Kaufmann, R.J. Hollingdale",en-US,4.14,11893
121410,Adrift: Seventy-Six Days Lost at Sea,Steven Callahan,en-US,4.09,10666
129620,"Once and Always (Sequels, #1)",Judith McNaught,eng,4.21,18197
13148921,"Bloodline (Sigma Force, #8)",James Rollins,eng,4.23,12189
95658,"Best Friends for Never (The Clique, #2)",Lisi Harrison,,3.73,15345
11734251,"Death of Kings (The Saxon Stories, #6)",Bernard Cornwell,eng,4.28,10479
9151181,Onward: How Starbucks Fought for Its Life without Losing Its Soul,"Howard Schultz, Joanne Gordon",en-CA,3.79,11119
978098,Auschwitz,Laurence Rees,eng,4.24,10437
9013,The Long Walk: The True Story of a Trek to Freedom,Slavomir Rawicz,eng,4.18,10188
682153,Three Fates,Nora Roberts,eng,4.03,17082
20983362,"Passenger (Passenger, #1)",Alexandra Bracken,eng,3.84,23070
102857,"Born in Death (In Death, #23)","J.D. Robb, Susan Ericksen",en-US,4.33,17912
18666006,"Close Your Eyes, Hold Hands",Chris Bohjalian,eng,3.59,12107
834378,"A Pocket Full of Rye (Miss Marple, #7)",Agatha Christie,eng,3.83,17513
7011879,Of Course I Love You...! Till I Find Someone Better...,"Durjoy Datta, Maanvi Ahuja",en-GB,3.21,6671
184850,"Virgin River (Virgin River, #1)",Robyn Carr,,4.12,17371
12009,The Algebraist,Iain M. Banks,eng,3.99,13210
192510,درخت زیبای من,"José Mauro de Vasconcelos, قاسم صنعوی",per,4.36,2716
22642472,Stone Mattress: Nine Tales,Margaret Atwood,eng,3.93,10622
262545,The Whistling Season,Ivan Doig,,4.01,11379
16000044,"Rebel Spring (Falling Kingdoms, #2)","Morgan Rhodes, Michelle Rowen",eng,4.16,18379
18170134,"NYPD Red 2 (NYPD Red, #2)","James Patterson, Marshall Karp",eng,4.07,9293
12661,Chesapeake,James A. Michener,en-US,4.14,15408
2430,The List,Steve Martini,eng,3.95,11696
197436,Ralph S. Mouse by Beverly Cleary: Teacher Guide (Novel Units),Gloria Levine,,3.95,14513
37100,"Devil in a Blue Dress (Easy Rawlins, #1)",Walter Mosley,eng,3.91,12969
265650,Shakespeare's Romeo and Juliet,"Michael Rosen, Jane Ray",,4.09,19052
298663,The Killer Inside Me,Jim Thompson,,3.9,12425
588747,Lady Audley's Secret,Mary Elizabeth Braddon,eng,3.73,13329
2528,All the Names,"José Saramago, Margaret Jull Costa",en-US,3.88,9520
60057,"Lucia, Lucia",Adriana Trigiani,eng,3.92,13360
7514925,Tiger Lily,Jodi Lynn Anderson,eng,3.98,16217
11430,"Return (Redemption, #3)","Karen Kingsbury, Gary Smalley",eng,4.44,11737
114982,"The Ruby in the Smoke (Sally Lockhart, #1)",Philip Pullman,en-US,3.75,16214
319300,Georgiana: Duchess of Devonshire,Amanda Foreman,en-US,3.79,11621
11983940,"Scarlet (Scarlet, #1)",A.C. Gaughen,eng,3.95,19665
12551077,Stealing Parker,Miranda Kenneally,en-US,3.88,15997
26114516,The Weekenders,Mary Kay Andrews,,3.7,11552
21330,"Fables, Vol. 5: The Mean Seasons","Bill Willingham, Mark Buckingham, Steve Leialoha, Tony Akins, Jimmy Palmiotti",eng,4.19,17909
82888,Dom Casmurro,Machado de Assis,por,4.24,10590
57913,The Illuminatus! Trilogy,"Robert Shea, Robert Anton Wilson",eng,4.0,12444
6420846,"Lockdown (Escape from Furnace, #1)",Alexander Gordon Smith,en-US,4.1,14024
16696,The Final Solution,"Michael Chabon, Jay Ryan",en-US,3.31,12466
7010683,Beachcombers,Nancy Thayer,en-US,3.77,12845
7870457,"Chew, Vol. 2: International Flavor","John Layman, Rob Guillory",eng,4.13,13134
452244,Lost Souls,Poppy Z. Brite,eng,3.89,13905
86658,The Secret Agent,Joseph Conrad,,3.59,11590
514210,The Way of Zen,Alan W. Watts,eng,4.18,11166
13642710,"Nexus (Nexus, #1)",Ramez Naam,eng,4.06,9623
896622,The Wolf and the Dove,Kathleen E. Woodiwiss,,4.14,13694
18080923,"The Traitor (Divergent, #0.4)",Veronica Roth,eng,4.19,12299
21412360,Nora Webster,Colm Tóibín,eng,3.58,10353
11532160,"Requiem (Providence, #2)",Jamie McGuire,eng,4.15,16911
7840156,"The Emperor's Tomb (Cotton Malone, #6)",Steve Berry,en-US,3.95,13159
18079661,"Fear Nothing (Detective D.D. Warren, #7)",Lisa Gardner,eng,4.1,5982
184644,Baking: From My Home to Yours,"Dorie Greenspan, Alan    Richardson",en-US,4.18,11662
7290826,Promises to Keep,Jane Green,en-US,3.81,12830
10813480,"For You (The 'Burg, #1)",Kristen Ashley,eng,4.19,23889
439363,"Love★Com, Vol. 1","Aya Nakahara, Pookie Rolf",eng,4.22,13801
148584,"Elephants Can Remember (Hercule Poirot, #37)",Agatha Christie,eng,3.62,15420
17948485,"Friend-Zoned (Friend-Zoned, #1)",Belle Aurora,eng,3.99,20585
98,What to Expect the First Year (What to Expect),"Heidi Murkoff, Sharon Mazel, Heidi Murkoff, Arlene Eisenberg, Sandee Hathaway, Mark D. Widome",eng,3.86,10807
59836,The Gift,Danielle Steel,en-US,3.91,12382
11699349,The Lions of Little Rock,Kristin Levine,eng,4.22,12962
169487,Self Matters: Creating Your Life from the Inside Out,Phillip C. McGraw,en-US,3.62,9609
8951449,"Hollowland (The Hollows, #1)",Amanda Hocking,eng,3.97,13847
7942008,"Hetalia: Axis Powers, Vol. 1 (Hetalia: Axis Powers, #1)",Hidekaz Himaruya,en-US,4.35,11985
1298171,Finding Nemo,"Andrew Stanton, Walt Disney Company",,4.47,12160
14480,Calling Doctor Amelia Bedelia,"Herman Parish, Lynn Sweat",,4.29,12422
11324166,"Timeless (Parasol Protectorate, #5)",Gail Carriger,eng,4.12,18617
112874,"These High, Green Hills (Mitford Years, #3)",Jan Karon,,4.27,14106
23158207,How Google Works,"Eric Schmidt, Jonathan Rosenberg",en-CA,4.03,11703
20559676,"Killing Sarai (In the Company of Killers, #1)",J.A. Redmerski,eng,4.17,11301
10893138,The Time of My Life,Cecelia Ahern,eng,3.85,11684
821000,"Now We Are Six (Winnie-the-Pooh, #4)","A.A. Milne, Ernest H. Shepard",eng,4.38,15840
3665811,"The Captive Part II / The Power (The Secret Circle, #2-3)",L.J. Smith,eng,4.11,16231
16045078,Ladies' Night,Mary Kay Andrews,en-US,3.8,12306
14759321,Family Pictures ,Jane Green,eng,3.62,12089
7384801,"Taken by Midnight (Midnight Breed, #8)",Lara Adrian,eng,4.27,19135
1249630,Os Maias,"José Maria de Eça de Queirós, Ester de Lemos",por,3.99,10649
23252517,"The Law of Moses (The Law of Moses, #1)",Amy Harmon,eng,4.37,17279
29975458,Good as Gone,Amy Gentry,eng,3.53,12121
114188,Holding the Dream (Dream Trilogy #2),Nora Roberts,en-US,4.02,16902
17191012,"Fallen Crest Family (Fallen Crest High, #2)",Tijan,en-US,4.28,21259
99297,"Mr. Darcy's Diary (Jane Austen Heroes, #1)",Amanda Grange,en-GB,3.63,15151
297186,"L.A. Requiem (Elvis Cole, #8)",Robert Crais,fre,4.26,12632
10960383,A Grown-Up Kind of Pretty,Joshilyn Jackson,eng,3.93,14800
15733346,Is It Just Me?,Miranda Hart,eng,3.8,11626
89884,"Eventide (Plainsong, #2)",Kent Haruf,eng,4.16,12661
5199185,Fahrenheit 451: The Authorized Adaptation,"Tim Hamilton, Ray Bradbury",eng,3.92,11809
2122216,"Special A, Vol. 1 (Special A, #1)",Maki Minami,ind,4.18,14607
6255949,All You Need Is Kill,"Hiroshi Sakurazaka, 桜坂洋, Alexander O. Smith, Joseph Reeder",eng,4.05,10073
24408,The Bronze Bow,Elizabeth George Speare,en-US,3.93,15507
23426,On Love,Alain de Botton,eng,3.97,8288
27397,A Civil Action,Jonathan Harr,en-US,3.94,11985
621739,Millions of Cats,Wanda Gág,,4.08,16991
313256,"Dark Challenge (Dark, #5)",Christine Feehan,,4.23,17015
15791403,Mistress,"James Patterson, David Ellis",,3.52,10475
208146,Grandfather's Journey,Allen Say,en-US,4.12,13337
38030,"Savannah Blues (Weezie and Bebe Mysteries, #1)",Mary Kay Andrews,en-US,3.97,13886
294043,Excavation,James Rollins,en-US,4.02,13148
159418,Discourse on Method,"René Descartes, Donald A. Cress",eng,3.7,10615
144789,"Scarecrow (Shane Schofield, #3)",Matthew Reilly,eng,4.21,11900
9064899,"Endlessly (Paranormalcy, #3)",Kiersten White,eng,3.99,18789
27868677,The House by the Lake,Ella Carey,en-US,3.9,10440
73184,"Living Buddha, Living Christ",Thich Nhat Hanh,eng,4.13,10943
1170158,The Earthsea Trilogy,Ursula K. Le Guin,eng,4.25,14199
17325147,"Left Drowning (Left Drowning, #1)",Jessica Park,eng,4.14,17461
7268995,A Sick Day for Amos McGee,"Philip C. Stead, Erin E. Stead",en-US,4.25,15444
18651980,Fourth of July Creek,Smith Henderson,eng,3.83,10390
276877,"Absolute Fear (New Orleans, #4)",Lisa Jackson,en-US,4.15,13190
43992,True Evil,Greg Iles,eng,4.05,11234
59091,Tobacco Road (Brown Thrasher Books),"Erskine Caldwell, Lewis Nordan",en-US,3.73,10959
1747896,The Suspicions of Mr. Whicher: A Shocking Murder and the Undoing of a Great Victorian Detective,Kate Summerscale,en-US,3.43,11316
425377,"Lord of Scoundrels (Scoundrels, #3)",Loretta Chase,eng,4.12,19137
60177,"Ozma of Oz (Oz, #3)",L. Frank Baum,eng,3.97,14829
2371,The Johnstown Flood,David McCullough,eng,4.11,11691
3268926,The Christmas Sweater,Glenn Beck,eng,3.79,12916
16074748,"Tales from a Not-So-Happy Heartbreaker (Dork Diaries, #6)",Rachel Renée Russell,eng,4.42,9554
294045,Deep Fathom,James Rollins,eng,4.07,13227
3216451,The Gate House,Nelson DeMille,en-US,3.71,12625
19501672,"Stay with Me (Wait for You, #3)","J. Lynn, Jennifer L. Armentrout",eng,4.17,20654
15743075,Seven Years to Sin,Sylvia Day,en-US,3.89,10703
13580928,"Perfect Scoundrels (Heist Society, #3)",Ally Carter,en-GB,4.28,20029
6562380,When the Game Was Ours,"Larry Bird, Earvin Johnson, Jackie MacMullan",en-US,4.16,9401
66676,"The Two Swords (Forgotten Realms: Hunter's Blades, #3; Legend of Drizzt, #16)",R.A. Salvatore,en-GB,4.16,11756
31304,"Nemesis (Miss Marple, #12)",Agatha Christie,eng,3.84,15406
3379,All Families are Psychotic,Douglas Coupland,,3.69,10461
867387,"The Blessing Way (Leaphorn & Chee, #1)",Tony Hillerman,en-US,4.06,14138
12029468,Another Piece of My Heart,Jane Green,eng,3.7,11882
1457790,"Stenhuggaren (Patrik Hedström, #3)",Camilla Läckberg,swe,3.85,6435
1908511,The Pigeon Wants a Puppy!,Mo Willems,en-US,4.37,17490
22551809,The Road to Character,David  Brooks,eng,3.66,10648
23884,The General in His Labyrinth,"Gabriel García Márquez, Edith Grossman",eng,3.66,10286
60142,La ciudad y los perros,Mario Vargas Llosa,spa,4.09,9782
18599754,Say What You Will,Cammie McGovern,eng,3.7,11559
21489683,"Die Again (Rizzoli & Isles, #11)",Tess Gerritsen,eng,4.16,10837
85993,"Party Princess (The Princess Diaries, #7)",Meg Cabot,,3.67,19068
17800786,"Damaged 2 (Damaged, #2)",H.M. Ward,eng,4.13,16833
323289,The Witness,Sandra Brown,eng,3.98,10558
6692041,Mornings in Jenin,Susan Abulhawa,,4.35,8590
207694,The Nanny,Melissa Nathan,,3.78,10872
22892122,"Manwhore (Manwhore, #1)",Katy Evans,eng,4.14,19220
16479439,"Ex-Heroes (Ex-Heroes, #1)",Peter Clines,,3.87,5354
89184,Absolution Gap,Alastair Reynolds,en-GB,4.01,12105
17490,The Faraway Tree Stories (The Faraway Tree #1-3),Enid Blyton,eng,4.28,11405
171001,She Said Yes: The Unlikely Martyrdom of Cassie Bernall,Misty Bernall,eng,3.9,12272
30919,Scoop,Evelyn Waugh,eng,3.86,12032
85622,Tales of a Female Nomad: Living at Large in the World,Rita Golden Gelman,eng,3.84,11380
19631,Birds of America,Lorrie Moore,eng,4.12,10768
26252659,Big Rock,Lauren Blakely,eng,3.97,15203
23207027,"Three Dark Crowns (Three Dark Crowns, #1)",Kendare Blake,eng,3.86,9386
6422680,"Lunch in Paris: A Love Story, with Recipes",Elizabeth Bard,eng,3.67,11458
159177,"Love and War (North and South, #2)",John Jakes,eng,4.1,13844
12846479,"Destined (Wings, #4)",Aprilynne Pike,en-US,4.19,18485
9443405,The Pale King,"David Foster Wallace, Michael Pietsch",en-US,3.95,10982
27297,The Analects,"Confucius, D.C. Lau",eng,3.82,9807
50039,I'm with the Band: Confessions of a Groupie,"Pamela Des Barres, Dave Navarro",en-US,3.67,11172
5148720,"Succubus Heat (Georgina Kincaid, #4)",Richelle Mead,en-GB,4.19,20108
4714126,"The Walking Dead, Vol. 09: Here We Remain","Robert Kirkman, Charlie Adlard, Cliff Rathburn",en-GB,4.25,14085
20613920,Under Locke,Mariana Zapata,eng,4.11,24373
625094,The Leopard,"Giuseppe Tomasi di Lampedusa, Archibald Colquhoun",eng,3.99,9664
22469,Wolverine: Origin,"Paul Jenkins, Andy Kubert, Richard Isanove, Joe Quesada, Bill Jemas",eng,3.96,10790
397456,"Dawn (Cutler, #1)",V.C. Andrews,eng,3.87,13674
285212,"On the Prowl (Alpha & Omega, #0.5)","Patricia Briggs, Eileen Wilks, Karen Chance, Sunny",eng,4.05,21757
37303,Silent Prey (Lucas Davenport #4),John Sandford,en-US,4.13,14522
231989,"The Wayfarer Redemption (Wayfarer Redemption, #1)",Sara Douglass,eng,3.93,12632
70287,"The Many Lives & Secret Sorrows of Josephine B. (Josephine Bonaparte, #1)",Sandra Gulland,,4.09,12398
7701043,الجزار,حسن الجندي,ara,4.11,9413
12037026,Come Home,Lisa Scottoline,,3.56,12971
7825557,"A Tale Dark & Grimm (A Tale Dark & Grimm, #1)",Adam Gidwitz,en-US,4.04,15041
7165405,"The Ambassador's Mission (Traitor Spy Trilogy, #1)",Trudi Canavan,en-US,3.9,12385
50695,Everyman,Philip Roth,eng,3.54,10298
1300350,Supernova: Akar,Dee Lestari,ind,3.78,7932
491735,"The Dirty Girls Social Club (Dirty Girls, #1)","Alisa Valdes, Alisa Valdes-Rodriguez",,3.46,11045
395875,"Dark Reunion (The Vampire Diaries, #4)",L.J. Smith,eng,3.54,17056
70912,The Dice Man,Luke Rhinehart,eng,3.6,9813
6867952,"Black Butler, Vol. 2 (Black Butler, #2)","Yana Toboso, Tomo Kimura",eng,4.48,15194
7519866,Imperial Bedrooms ,Bret Easton Ellis,en-US,3.14,11093
22296542,"Addicted to You (Addicted, #1)","Krista Ritchie, Becca Ritchie",eng,3.9,12746
22021611,"Just One Night (Just One Day, #2.5)",Gayle Forman,eng,4.12,15986
22931009,Kindle User's Guide,Amazon,eng,3.64,3508
10778410,"The Fire (Witch & Wizard, #3)","James Patterson, Jill Dembowski, Elijah Wood, Spencer Locke",,3.87,11789
71863,"A Killing Frost (Tomorrow, #3)",John Marsden,,4.19,13199
181077,Sadako and the Thousand Paper Cranes,"Eleanor Coerr, Ronald Himler",,4.09,14578
13616,"Death Note, Vol. 4: Love (Death Note, #4)","Tsugumi Ohba, Takeshi Obata",eng,4.38,16819
77661,"The Daughter of Time (Inspector Alan Grant, #5)",Josephine Tey,en-US,3.95,15626
93799,"Prince of Fire (Gabriel Allon, #5)",Daniel Silva,eng,4.17,11250
26097,Slowness,"Milan Kundera, Linda Asher",en-US,3.66,8620
20883847,"The Autumn Republic (Powder Mage, #3)",Brian  McClellan,eng,4.35,10910
11041,Delta of Venus,Anaïs Nin,eng,3.69,10561
6488483,"The Walking Dead, Vol. 11: Fear the Hunters","Robert Kirkman, Charlie Adlard, Cliff Rathburn",,4.33,13202
102439,Rainbows End,Vernor Vinge,eng,3.76,12314
23122175,"The Friend Zone (Game On, #2)",Kristen Callihan,eng,4.21,21130
17163514,"The Rose and the Thorn (The Riyria Chronicles, #2)",Michael J. Sullivan,eng,4.39,11791
104159,Twilight Watch (Watch #3),"Sergei Lukyanenko, Andrew Bromfield",eng,4.11,11770
4107256,"Frostbitten (Women of the Otherworld, #10)",Kelley Armstrong,eng,4.29,18094
24903031,"Blood Kiss (Black Dagger Legacy, #1)",J.R. Ward,eng,4.35,12315
15433,"Night Mare (Xanth, #6)",Piers Anthony,,3.81,15008
13507011,Low Pressure,"Sandra Brown, Stephen Lang",eng,3.86,12076
303098,Riptide,"Douglas Preston, Lincoln Child",,3.93,11835
3331756,عائد إلى حيفا,غسان كنفاني,ara,4.32,11315
13811,"Talon of the Silver Hawk (Conclave of Shadows, #1)",Raymond E. Feist,eng,4.01,13120
3124122,"The Charlemagne Pursuit (Cotton Malone, #4)",Steve Berry,en-US,3.88,12874
12722,The Moon Is Down,John Steinbeck,eng,3.87,12809
126151,Kaffir Boy: An Autobiography,Mark Mathabane,en-US,4.15,11633
12482658,The Beginner's Goodbye,Anne Tyler,eng,3.58,12780
93276,King Arthur and His Knights: Selected Tales,"Thomas Malory, Eugène Vinaver",,4.1,13286
41704,"Shock Wave (Dirk Pitt, #13)",Clive Cussler,en-GB,3.93,12527
4488657,رباعيات صلاح جاهين,"صلاح جاهين, يحيى حقي",ara,4.43,9995
118389,The Love Song of J. Alfred Prufrock and Other Poems,T.S. Eliot,eng,4.32,14775
17567,"A Girl of the Limberlost (Limberlost, #2)",Gene Stratton-Porter,eng,4.14,13071
20426917,"The Witch With No Name (The Hollows, #13)",Kim Harrison,en-US,4.43,13513
18739485,"King (King, #1)",T.M. Frazier,eng,4.24,16194
124272,The Wings of the Dove,"Henry James, Amy Bloom, Pierre A. Walker",eng,3.81,12812
7140220,Twilight and History,Nancy Reagin,en-US,4.38,11186
122649,Lady Windermere's Fan,Oscar Wilde,eng,3.9,13408
33335,The Hidden Messages in Water,"Masaru Emoto, David A. Thayne",,4.27,10800
759960,Rumble Fish,S.E. Hinton,,3.77,14002
825509,A Place Called Freedom,Ken Follett,eng,3.87,10267
47667,Seeing,"José Saramago, Margaret Jull Costa",eng,3.76,7445
17182421,The Returned,Jason Mott,eng,3.29,11449
356824,India After Gandhi: The History of the World's Largest Democracy,Ramachandra Guha,eng,4.34,9357
18668059,The Obstacle Is the Way: The Timeless Art of Turning Trials into Triumph,Ryan Holiday,eng,4.11,12470
197457,"The Sight (Warriors: Power of Three, #1)",Erin Hunter,en-US,4.27,15904
18870159,"Bad for You (Sea Breeze, #7)",Abbi Glines,eng,4.3,19392
347698,The Secret River,Kate Grenville,eng,3.79,11051
18422,Gifted Hands: The Ben Carson Story,"Ben Carson, Cecil Murphey",eng,4.21,9871
363973,The Little Old Lady Who Was Not Afraid of Anything,"Linda Williams, Megan Lloyd",en-US,4.25,14270
6076768,"The Apostle (Scot Harvath, #8)",Brad Thor,eng,4.11,11267
556629,The Holiness of God,R.C. Sproul,,4.35,10960
858514,Wemberly Worried,Kevin Henkes,,4.22,14325
2992061,"Born of Night (The League, #1)",Sherrilyn Kenyon,eng,4.21,11309
351559,"Murder Must Advertise  (Lord Peter Wimsey, #10)",Dorothy L. Sayers,eng,4.21,14672
851678,"What Remains: A Memoir of Fate, Friendship, and Love",Carole Radziwill,,4.16,9602
22571699,Dead Heat (Alpha & Omega #4),Patricia Briggs,eng,4.27,15320
820273,Sheep in a Jeep,"Nancy E. Shaw, Margot Apple",en-CA,4.11,13788
141077,The Kreutzer Sonata,"Leo Tolstoy, Isai Kamen, Doris Lessing",,3.9,10915
132688,The Way to Cook,Julia Child,en-US,4.31,11500
257257,The 20th Century Art Book,Phaidon Press,,3.94,9927
276289,The Magic Mirror of M.C. Escher,"Bruno Ernst, M.C. Escher, John E. Brigham",eng,4.15,11103
6801652,"Vampire Knight, Vol. 9","Matsuri Hino, Tomo Kimura",eng,4.31,14193
9549,Shadows of the Empire (Star Wars),Steve Perry,eng,3.81,12927
14744381,"The Walking Dead, Compendium 2","Robert Kirkman, Charlie Adlard",eng,4.53,13478
33449,The 22 Immutable Laws of Marketing: Violate Them at Your Own Risk,"Al Ries, Jack Trout",en-US,4.02,9955
23245587,Summer Secrets,Jane Green,,3.62,10223
452235,The Firm,John Grisham,eng,3.89,6962
23419,The Consolations of Philosophy,Alain de Botton,en-US,3.99,10291
17167042,"Fighting for Flight (Fighting, #1)",J.B. Salsbury,eng,4.16,21733
17412188,Second Life,S.J. Watson,eng,3.24,9056
527862,The Acid House,Irvine Welsh,,3.69,10752
685401,Permission Marketing: Turning Strangers Into Friends And Friends Into Customers,Seth Godin,,3.94,10146
111126,"Hateship, Friendship, Courtship, Loveship, Marriage: Stories",Alice Munro,,4.06,10945
18505836,The Girl Who Came Home,Hazel Gaynor,eng,3.83,6941
16256798,The One Thing: The Surprisingly Simple Truth Behind Extraordinary Results,"Gary Keller, Jay Papasan",eng,4.17,13388
20980373,"Reasonable Doubt: Volume 2 (Reasonable Doubt, #2)",Whitney G.,eng,4.14,21134
417524,Joseph Had a Little Overcoat,Simms Taback,eng,4.12,14810
511527,Double Act,"Jacqueline Wilson, Nick Sharratt, Sue Heap",en-GB,3.69,13204
1301153,"Princess Mia (The Princess Diaries, #9)",Meg Cabot,en-US,3.82,17889
290039,"Flyy Girl (Flyy Girl, #1)",Omar Tyree,en-US,4.21,9869
10374638,The Little Coffee Shop of Kabul,Deborah Rodriguez,eng,3.57,7607
47697,The Sandman: King of Dreams,"Alisa Kwitney, Neil Gaiman",eng,4.61,11538
7006562,Stephen King's N.,"Marc Guggenheim, Alex Maleev, Stephen King",eng,4.22,10844
28802599,The Light of the Fireflies,"Paul Pen, Simon Bruni",en-US,3.76,13815
28735,By the Sword (Valdemar),Mercedes Lackey,eng,4.24,17268
13451,Storm of the Century: An Original Screenplay,Stephen King,,3.86,14629
147844,"First Rider's Call (Green Rider, #2)",Kristen Britain,eng,4.2,16292
4102763,Paths of Glory,Jeffrey Archer,en-US,3.88,11086
33732,Anyone But You,Jennifer Crusie,eng,3.8,16747
635083,Owen,Kevin Henkes,eng,4.25,14919
17167572,"The Long War (The Long Earth, #2)","Terry Pratchett, Stephen Baxter",eng,3.58,11074
14014,"Arrow's Fall (Heralds of Valdemar, #3)",Mercedes Lackey,en-US,4.18,17342
3888,The America's Test Kitchen Family Cookbook,"America's Test Kitchen, Carl Tremblay, Daniel J. Van Ackere",,4.31,12081
24093,"Street Magic (The Circle Opens, #2)",Tamora Pierce,eng,4.12,18897
26722820,The Curious Charms of Arthur Pepper,Phaedra Patrick,eng,3.91,12080
8573642,"Incarnate (Newsoul, #1)",Jodi Meadows,en-US,3.73,19034
6419887,The Boy Who Harnessed the Wind: Creating Currents of Electricity and Hope,"William Kamkwamba, Bryan Mealer",en-US,4.07,13374
280240,Rumpelstiltskin,Paul O. Zelinsky,eng,4.23,14306
17910048,The Goblin Emperor,Katherine Addison,eng,4.05,11443
21437200,"Mr. Kiss and Tell (Veronica Mars, #2)","Rob Thomas, Jennifer Graham",eng,4.01,12729
15808816,A Higher Call: An Incredible True Story of Combat and Chivalry in the War-Torn Skies of World War II,"Adam Makos, Larry Alexander",eng,4.32,8975
22020052,"It Ain't Me, Babe (Hades Hangmen, #1)",Tillie Cole,eng,4.22,23144
355,Job: A Comedy of Justice,Robert A. Heinlein,en-US,3.77,14592
12081467,Chomp,Carl Hiaasen,eng,3.93,12832
166580,The Sandman: The Dream Hunters,"Neil Gaiman, Yoshitaka Amano",eng,4.38,14629
11686,The Stories of John Cheever,John Cheever,eng,4.27,11156
26061591,"Extreme Prey (Lucas Davenport, #26)",John Sandford,en-US,4.29,6256
450573,The Odd Couple,Neil Simon,eng,4.02,12571
31555,Phantoms in the Brain: Probing the Mysteries of the Human Mind,"V.S. Ramachandran, Sandra Blakeslee, Oliver Sacks",eng,4.25,12194
129523,"Divided in Death (In Death, #18)",J.D. Robb,en-US,4.32,17321
25065522,Wildflower,Drew Barrymore,en-CA,3.56,12855
56919,La tregua,Mario Benedetti,spa,4.19,10137
24041443,We Never Asked for Wings,Vanessa Diffenbaugh,eng,3.82,10972
23341894,Every Last Word,Tamara Ireland Stone,eng,4.2,19214
55095,Live from New York: An Uncensored History of Saturday Night Live,"James Andrew Miller, Tom Shales",en-US,4.04,10112
25017,Krakatoa: The Day the World Exploded,Simon Winchester,eng,3.86,12625
8689913,Madame Tussaud: A Novel of the French Revolution,Michelle Moran,eng,3.94,15127
2049993,Airman,Eoin Colfer,eng,4.14,15257
12675109,"Great by Choice: Uncertainty, Chaos, and Luck--Why Some Thrive Despite Them All","James C. Collins, Morten T. Hansen",eng,4.07,10845
5048174,2BR02B,Kurt Vonnegut Jr.,eng,3.93,7442
8643220,"Vampire Academy: The Graphic Novel (Vampire Academy: The Graphic Novel, #1)","Richelle Mead, Emma Vieceli, Leigh Dragoon",,4.11,13445
64666,An Anthropologist on Mars: Seven Paradoxical Tales,Oliver Sacks,eng,4.18,10894
7469133,"Dexter Is Delicious (Dexter, #5)",Jeff Lindsay,,3.79,13582
835495,Time for Bed,"Mem Fox, Jane Dyer",eng,4.16,13568
2998814,"The Hollow (The Hollow, #1)",Jessica Verday,eng,3.75,16734
339026,"The Akhenaten Adventure (Children of the Lamp, #1)",P.B. Kerr,,3.76,15306
815158,Rapunzel,Paul O. Zelinsky,eng,4.16,13896
23731881,Very Good Lives: The Fringe Benefits of Failure and the Importance of Imagination,"J.K. Rowling, Joel Holland",eng,4.26,12510
17401198,Only the Innocent (DCI Tom Douglas #1),Rachel Abbott,eng,4.03,4513
6145711,"The Walking Dead, Vol. 10: What We Become",Robert Kirkman,eng,4.29,14118
144793,"Area 7 (Shane Schofield, #2)",Matthew Reilly,eng,4.08,12024
20797535,"A Better World (Brilliance Saga, #2)",Marcus Sakey,eng,4.15,10702
77368,Spindle's End,Robin McKinley,eng,3.79,18395
13634927,"A Leaf on the Wind of All Hallows (Outlander, #8.5)",Diana Gabaldon,eng,4.24,13891
21843117,Scoring Wilder,R.S. Grey,eng,4.1,17771
13562054,باب الخروج: رسالة علي المفعمة ببهجة غير متوقعة,عزالدين شكري فشير,ara,3.88,9246
13037558,"I, Michael Bennett (Michael Bennett, #5)","James Patterson, Michael Ledwidge",eng,4.04,12464
19090384,"Clean Sweep (Innkeeper Chronicles, #1)",Ilona Andrews,eng,4.2,16071
2977487,"Succubus Dreams (Georgina Kincaid, #3)",Richelle Mead,en-US,4.14,21530
241936,"The Last Detective (Elvis Cole, #9)",Robert Crais,en-US,4.24,12160
48304,Vegan Cupcakes Take Over the World: 75 Dairy-Free Recipes for Cupcakes that Rule,"Isa Chandra Moskowitz, Terry Hope Romero, Sara Quin",en-US,4.08,11509
522471,Hope Was Here,Joan Bauer,eng,4.0,14954
16061734,May We Be Forgiven,A.M. Homes,en-CA,3.66,7545
7025086,"Ender's Game, Volume 2: Command School","Christopher Yost, Pasqual Ferry, Orson Scott Card",en-US,4.6,11585
39926,The Beauty Myth,Naomi Wolf,eng,3.89,13037
5031805,ESV Study Bible,"Anonymous, Lane T. Dennis, Wayne A. Grudem",eng,4.76,8953
16150119,"Wired (Wired, #1)",Douglas E. Richards,en-GB,3.74,6295
315578,Auschwitz: A Doctor's Eyewitness Account,"Miklós Nyiszli, Tibère Kremer, Bruno Bettelheim, Richard Seaver",en-US,4.24,8422
2358737,"Hot, Flat, and Crowded: Why We Need a Green Revolution--and How It Can Renew America",Thomas L. Friedman,en-US,3.68,10714
825576,The Saggy Baggy Elephant (A Little Golden Book),"Kathryn Jackson, Byron Jackson, Gustav Tenggren",eng,4.06,15288
2183,Sentimental Education,"Gustave Flaubert, Robert Baldick, Geoffrey Wall",eng,3.83,11642
7775841,Sleepwalk With Me and Other Painfully True Stories,Mike Birbiglia,,3.85,10790
17455541,"Happy, Happy, Happy","Phil Robertson, Mark Schlabach",en-US,4.06,10102
1242729,Kambing Jantan: Sebuah Catatan Harian Pelajar Bodoh ,Raditya Dika,ind,3.59,8685
16301111,"Always You (Best Friend, #1)",Kirsty Moseley,eng,3.96,18043
12027429,"Scent of Magic (Healer, #2)",Maria V. Snyder,en-US,4.13,16400
11889938,"Taken (Elvis Cole, #15; Joe Pike, #4)",Robert Crais,en-US,4.17,12492
56066,"Savannah Breeze (Weezie and Bebe Mysteries, #2)",Mary Kay Andrews,eng,4.05,13053
13925,"Child of the Prophecy (Sevenwaters, #3)",Juliet Marillier,eng,4.11,15142
84552,"Priestess of Avalon (Avalon, #4)","Marion Zimmer Bradley, Diana L. Paxson",en-US,4.03,13823
17407233,"The Submissive (Submissive, #1)",Tara Sue Me,eng,3.97,14069
88514,Platform,Michel Houellebecq,eng,3.79,9024
15801967,Contagious: Why Things Catch On,Jonah Berger,eng,3.88,11287
122211,Disappearing Acts,Terry McMillan,eng,4.21,11309
877752,"Fruits Basket, Vol. 7","Natsuki Takaya, Alethea Nibley, Athena Nibley",en-US,4.41,16111
1173576,What Every Body is Saying: An Ex-FBI Agent's Guide to Speed-Reading People,"Joe Navarro, Marvin Karlins",eng,3.9,10204
114152,Finding the Dream (Dream Trilogy #3),Nora Roberts,eng,4.06,16408
84351,"The Secret History of the Pink Carnation (Pink Carnation, #1)",Lauren Willig,en-US,3.69,17367
27999,Close Range,Annie Proulx,en-US,3.99,11107
373925,Sweeney Todd: The Demon Barber of Fleet Street,"Stephen Sondheim, Hugh Wheeler, Christopher Godfrey Bond",eng,4.17,12850
836984,Distant Shores,Kristin Hannah,,3.7,12174
12067972,"Where You Are (Between the Lines, #2)",Tammara Webber,eng,3.94,18402
25200,Silence,"Shūsaku Endō, William Johnston",eng,4.1,11917
6609758,"Numbers (Numbers, #1)",Rachel Ward,eng,3.46,16717
238140,"Reunion in Death (In Death, #14)",J.D. Robb,eng,4.33,16688
173572,Where Is God When It Hurts?,Philip Yancey,en-GB,4.22,9972
6553733,"The Mapping of Love and Death (Maisie Dobbs, #7)",Jacqueline Winspear,en-US,4.19,14010
29072594,Born to Run,Bruce Springsteen,eng,4.18,14276
23492673,Primates of Park Avenue,Wednesday Martin,eng,3.05,9210
153792,"Cold Fire (The Circle Opens, #3)",Tamora Pierce,eng,4.05,17424
114128,Hidden Riches,Nora Roberts,en-US,3.97,12871
215643,Visions of Heat (Psy-Changeling #2),Nalini Singh,eng,4.13,22754
25953369,Hidden Figures: The American Dream and the Untold Story of the Black Women Mathematicians Who Helped Win the Space Race,Margot Lee Shetterly,eng,3.92,19947
20995,The Art of Seduction,Robert Greene,eng,4.05,10100
40217,"Kushiel's Justice (Imriel's Trilogy, #2)",Jacqueline Carey,eng,4.24,14422
13497991,The Hydrogen Sonata (Culture #10),Iain M. Banks,eng,4.15,10964
17661831,The Orenda,Joseph Boyden,eng,4.24,10830
20878809,The Julian Chapter (Wonder Story),R.J. Palacio,eng,4.31,10437
90078,An Essay Concerning Human Understanding,John Locke,,3.82,11456
16307,"Hallowe'en Party (Hercule Poirot, #36)",Agatha Christie,eng,3.66,14932
9266793,"Never Have I Ever (The Lying Game, #2)",Sara Shepard,eng,4.03,15419
28698036,"Secret History (Mistborn, #3.5)",Brandon Sanderson,eng,4.38,12796
952,The Five Love Languages of Children,"Gary Chapman, D. Ross Campbell",,4.21,9744
15904,"The Sunday Philosophy Club (Isabel Dalhousie, #1)",Alexander McCall Smith,en-US,3.36,14279
238142,"Visions in Death (In Death, #19)",J.D. Robb,eng,4.33,16888
133954,Washington Square,"Henry James, Michael Cunningham",,3.67,12071
174879,On Becoming a Person: A Therapist's View of Psychotherapy,"Carl R. Rogers, Peter D. Kramer",,4.11,9988
17201110,"Safe with Me (With Me in Seattle, #5)",Kristen Proby,eng,4.37,21643
16176,The Red Queen: Sex and the Evolution of Human Nature,Matt Ridley,en-US,4.02,11437
21956060,"Monster in His Eyes (Monster in His Eyes, #1)",J.M. Darhower,eng,4.21,18999
1629007,Where Are You Now?,Mary Higgins Clark,en-US,3.77,12550
12107925,"Day of Doom (The 39 Clues: Cahills vs. Vespers, #6)",David Baldacci,eng,4.13,11699
287380,"Kare Kano: His and Her Circumstances, Vol. 1","Masami Tsuda, Darcy Lockman, Jack Niida",en-US,3.96,12863
21457243,"Vision in Silver (The Others, #3)",Anne Bishop,eng,4.27,15605
22674493,"NYPD Red 3 (NYPD Red, #3)","James Patterson, Marshall Karp",,4.03,6798
8664368,The Finkler Question,Howard Jacobson,eng,2.76,9627
238139,"Imitation in Death (In Death, #17)",J.D. Robb,en-US,4.34,17318
1219954,Beaches,Iris Rainer Dart,eng,4.14,12362
24271,"Skellig (Skellig, #1)",David Almond,eng,3.77,13778
130119,An Enquiry Concerning Human Understanding,David Hume,eng,3.9,11646
170641,I Heard That Song Before,Mary Higgins Clark,eng,3.81,12611
20821299,The Book with No Pictures,B.J. Novak,eng,4.34,13984
155981,"Psycho-Cybernetics, A New Way to Get More Living Out of Life",Maxwell Maltz,,4.2,10652
4950,The Hungry Tide,Amitav Ghosh,eng,3.91,9722
8646,Crow Lake,Mary Lawson,eng,3.85,12220
15728921,Don't Let Me Go,Catherine Ryan Hyde,en-US,4.13,4911
588234,Ceremony,Leslie Marmon Silko,en-US,3.73,11547
13152998,Home,Toni Morrison,,3.71,11180
28204534,"Paper Girls, Vol. 1 (Paper Girls, #1)","Brian K. Vaughan, Cliff Chiang, Matthew Wilson",eng,3.87,23858
828015,"The Breadwinner (The Breadwinner, #1)",Deborah Ellis,eng,3.93,11816
16000980,"The Wanderer (Thunder Point, #1)",Robyn Carr,eng,3.95,11256
10765,A Year in the Merde,Stephen Clarke,en-US,3.54,10319
18635039,The Hurricane Sisters,Dorothea Benton Frank,eng,3.49,10793
66933,The Wretched of the Earth,"Frantz Fanon, Jean-Paul Sartre, Richard Philcox, Homi K. Bhabha",eng,4.16,11142
41698,"Deep Six (Dirk Pitt, #7)",Clive Cussler,en-US,3.88,13100
974122,Secrets of the Vine: Breaking Through to Abundance,"Bruce H. Wilkinson, David Kopp",en-US,4.13,10040
58728,Anne Frank's Tales from the Secret Annex,"Anne Frank, Susan Massotty",,4.23,10587
20174424,"City of Stairs (The Divine Cities, #1)",Robert Jackson Bennett,eng,4.13,11863
512475,The Cradle Will Fall,Mary Higgins Clark,,3.89,14370
114701,"Into the Land of the Unicorns (Unicorn Chronicles, #1)",Bruce Coville,en-US,4.04,14976
33723,Girls' Night In,"Lauren Henderson, Chris Manby, Sarah Mlynowski, Jill A. Davis, Stella Duffy, Lisa Jewell, Marian Keyes, Sophie Kinsella, Adèle Lang, Carole Matthews, Anna Maxted, Megan McCafferty, Alisa Valdes, Isabel Wolff, Meg Cabot, Jessica Adams, Louise Bagshawe, Emily Barr, Jenny Colgan, Lynda Curnyn, Jennifer Weiner",eng,3.61,11485
21025,The Gift of Therapy: An Open Letter to a New Generation of Therapists and Their Patients,"Irvin D. Yalom, Nicola Ferguson",,4.22,9569
160830,All Marketers Are Liars: The Power of Telling Authentic Stories in a Low-Trust World,Seth Godin,en-US,3.88,9068
36159,"Black Sun Rising (The Coldfire Trilogy, #1)",C.S. Friedman,en-US,3.93,13994
13593526,City of Women,David R. Gillham,,3.8,11676
752994,The Misanthrope,Molière,eng,3.78,12994
44660,"The Belgariad Boxed Set: Pawn of Prophecy / Queen of Sorcery / Magician's Gambit / Castle of Wizardry / Enchanters' End Game (The Belgariad, #1-5)",David Eddings,eng,4.26,11755
60937,The Temple of My Familiar,Alice Walker,eng,4.05,11471
9542259,"Envy (Fallen Angels, #3)",J.R. Ward,eng,4.21,15836
18892134,"The Son (Divergent, #0.3)",Veronica Roth,eng,4.11,11370
2948832,"Seduce Me at Sunrise (The Hathaways, #2)",Lisa Kleypas,eng,4.1,22167
26721568,The Problem with Forever,Jennifer L. Armentrout,eng,4.0,17394
28686840,Holding Up the Universe,Jennifer Niven,eng,3.93,19504
12357,Take the Cannoli,Sarah Vowell,,3.86,10235
13593553,To Sell Is Human: The Surprising Truth About Moving Others,Daniel H. Pink,,3.89,9858
126061,The Double Helix,James D. Watson,eng,3.87,11415
823412,Cook with Jamie,Jamie Oliver,eng,4.05,10592
20253,House Harkonnen (Prelude to Dune #2),"Brian Herbert, Kevin J. Anderson",eng,3.63,11890
2992069,Dream Warrior (Dream-Hunter #4; Dark-Hunter #17),Sherrilyn Kenyon,eng,4.21,12404
6282334,Strength in What Remains: A Journey of Remembrance and Forgiveness,Tracy Kidder,eng,4.01,11833
46913,FRUiTS,"Shoichi Aoki, Mark Sanders, Shoich Aoki",en-US,3.94,9397
38739,The Lord God Made Them All,James Herriot,en-US,4.39,12510
112693,"Then He Ate My Boy Entrancers (Confessions of Georgia Nicolson, #6)",Louise Rennison,eng,4.09,14737
94807,The Frog and Toad Treasury: Frog and Toad are Friends/Frog and Toad Together/Frog and Toad All Year  (Frog and Toad #1-3),Arnold Lobel,,4.4,13214
12254379,"1Q84 #1-2 (1Q84, #1-2)","Haruki Murakami, Jay Rubin",eng,4.07,8342
140345,Absent In The Spring,"Mary Westmacott, Agatha Christie",eng,4.14,9787
13065142,"Rock Chick Reckoning (Rock Chick, #6)",Kristen Ashley,eng,4.44,24641
22402972,Fish in a Tree,Lynda Mullaly Hunt,eng,4.28,15582
13414594,The Inn at Rose Harbor (Rose Harbor #1),Debbie Macomber,eng,3.93,13001
12926432,Lady Almina and the Real Downton Abbey: The Lost Legacy of Highclere Castle,Fiona Carnarvon,eng,3.61,12235
116445,"Dies the Fire (Emberverse, #1)",S.M. Stirling,eng,3.92,11912
24859245,"Stranger Child (DCI Tom Douglas, #4)",Rachel Abbott,eng,4.18,11856
113576,The Smartest Guys in the Room: The Amazing Rise and Scandalous Fall of Enron,"Bethany McLean, Peter Elkind",,4.14,10525
27213163,Another Brooklyn,Jacqueline Woodson,eng,3.87,13176
94672,Beneath a Marble Sky,John Shors,eng,3.99,11427
39032,Mount Dragon,"Douglas Preston, Lincoln Child",,3.91,12656
64960,The Face of Fear,"Brian Coffey, Dean Koontz",eng,3.8,13345
58547,Journals,Kurt Cobain,,3.98,10349
17333279,"Gone (Michael Bennett, #6)","James Patterson, Michael Ledwidge",eng,4.01,10444
28703,Cosmopolis,Don DeLillo,en-GB,3.22,10099
267972,Wait Till Helen Comes,Mary Downing Hahn,eng,4.14,13629
3673357,Very Valentine,Adriana Trigiani,en-US,3.8,13279
21324,"Fables, Vol. 8: Wolves","Bill Willingham, Mark Buckingham, Steve Leialoha, Shawn McManus, Andrew Pepoy",eng,4.28,15530
41962,Light a Penny Candle,Maeve Binchy,eng,3.88,13144
184324,"Dark Demon (Dark, #16)",Christine Feehan,eng,4.34,15915
10822174,"The Walking Dead, Vol. 14: No Way Out","Robert Kirkman, Charlie Adlard, Cliff Rathburn",eng,4.34,13590
138399,"The Walking Dead, Book Two (The Walking Dead #13-24)","Robert Kirkman, Charlie Adlard",eng,4.35,12650
59780,Cosmicomics,"Italo Calvino, William Weaver, Ανταίος Χρυσοστομίδης, Ελευθερία Κοψιδά",en-US,4.2,10389
60935,Possessing the Secret of Joy,Alice Walker,,4.06,11748
190999,Way Station,Clifford D. Simak,eng,4.03,12087
7476122,"My Soul to Keep (Soul Screamers, #3)",Rachel Vincent,eng,4.09,17033
175113,The Return of the Prodigal Son: A Story of Homecoming,Henri J.M. Nouwen,eng,4.38,10802
33293,Naked Economics: Undressing the Dismal Science,Charles Wheelan,,4.0,5646
153781,"Magic Steps (The Circle Opens, #1)",Tamora Pierce,,3.98,17813
16233105,"Someone to Love (Someone to Love, #1)",Addison Moore,en-US,3.74,14747
104101,The Lions of Al-Rassan,Guy Gavriel Kay,eng,4.27,13954
162086,Such a Pretty Girl,Laura Wiess,eng,3.89,13445
18340482,"Until Trevor (Until, #2)",Aurora Rose Reynolds,eng,4.2,22493
350065,Scruples,Judith Krantz,eng,3.8,12465
4618898,Prayers for Sale,Sandra Dallas,eng,3.83,13730
8008928,Savages,Don Winslow,eng,3.84,10645
15760,Dark Rivers of the Heart,Dean Koontz,,3.88,13792
226858,What We Keep ,Elizabeth Berg,eng,3.91,12742
6647312,Nothing,"Janne Teller, Martin Aitken",eng,3.76,9290
26581,Sleeping Beauty Box Set,"A.N. Roquelaure, Anne Rice",eng,3.98,9850
94510,"100 Bullets, Vol. 1: First Shot, Last Call","Brian Azzarello, Eduardo Risso",eng,3.82,13026
1116393,"The Awakened Mage (Kingmaker, Kingbreaker, #2)",Karen Miller,eng,3.71,12475
14358,"A Ring of Endless Light (Austin Family, #4)",Madeleine L'Engle,eng,4.14,15629
10757806,How to Save a Life,Sara Zarr,en-US,3.89,13864
6324903,"The 5 Greatest Warriors (Jack West Jr, #3)",Matthew Reilly,eng,4.24,10772
25337081,"Brotherhood in Death (In Death, #42)",J.D. Robb,eng,4.35,9041
176788,"Arrow's Flight (Heralds of Valdemar, #2)",Mercedes Lackey,eng,4.13,17226
161656,"The Tail of Emily Windsnap (Emily Windsnap, #1)","Liz Kessler, Sarah Gibb",eng,3.89,16453
23341862,Blackout: Remembering the Things I Drank to Forget,Sarah Hepola,eng,3.96,9165
13003565,"The Invaders (Brotherband Chronicles, #2)",John Flanagan,eng,4.4,13040
44796,The Moon and Sixpence,W. Somerset Maugham,,4.11,10074
27419654,"The Last Girl (The Dominion Trilogy, #1)",Joe Hart,en-CA,3.77,14487
23753,"The Absolute Sandman, Volume One","Neil Gaiman, Mike Dringenberg, Chris Bachalo, Michael Zulli, Kelly Jones, Charles Vess, Colleen Doran, Malcolm Jones III, Steve Parkhouse, Daniel Vozzo, Lee Loughridge, Steve Oliff, Todd Klein, Dave McKean, Sam Kieth",eng,4.65,13401
13184992,"Rock Chick Regret (Rock Chick, #7)",Kristen Ashley,eng,4.55,24846
11831,"Dicey's Song (Tillerman Cycle, #2)",Cynthia Voigt,eng,3.94,14926
763429,"The Walking Dead, Book Three (The Walking Dead #25-36)","Robert Kirkman, Charlie Adlard, Cliff Rathburn, Rus Wooton",eng,4.43,12384
16299991,"A Quest of Heroes (The Sorcerer's Ring, #1)",Morgan Rice,eng,3.46,12368
9998,The Woman in the Dunes,"Kōbō Abe, E. Dale Saunders",eng,3.91,11467
77298,Aunt Julia and the Scriptwriter,"Mario Vargas Llosa, Helen R. Lane",eng,3.9,9228
25005214,"Queen Song (Red Queen, #0.1)",Victoria Aveyard,,3.74,12436
22418,"Transmetropolitan, Vol. 3: Year of the Bastard (Transmetropolitan, #3)","Warren Ellis, Darick Robertson, Rodney Ramos",eng,4.4,12188
25104491,The Prettiest One,James  Hankins,eng,3.66,10609
18163646,Falling into Place,Amy Zhang,,3.88,12411
56594,"A Severe Mercy: A Story of Faith, Tragedy and Triumph","Sheldon Vanauken, C.S. Lewis",en-US,4.32,11207
9862761,1493: Uncovering the New World Columbus Created,Charles C. Mann,en-GB,4.05,10963
9429531,The Dry Grass of August,Anna Jean Mayhew,,3.82,12446
12107927,"Trust No One (The 39 Clues: Cahills vs. Vespers, #5)",Linda Sue Park,eng,4.2,11768
10365343,Zone One,Colson Whitehead,eng,3.25,12370
5981872,"The Madness of Lord Ian Mackenzie (Mackenzies & McBrides, #1)",Jennifer Ashley,eng,4.07,19932
127712,"Point of Impact (Bob Lee Swagger, #1)",Stephen Hunter,eng,4.26,10318
6193,Life and Times of Michael K,J.M. Coetzee,,3.85,10647
16948,"Children of God (The Sparrow, #2)",Mary Doria Russell,eng,4.05,12938
20438825,Vanished (Callahan & McLane #1),Kendra Elliot,eng,4.07,11824
1776251,Jamie at Home: Cook Your Way to the Good Life,Jamie Oliver,,4.09,10588
41701,"The Mediterranean Caper (Dirk Pitt, #2)",Clive Cussler,eng,3.75,13139
18892,"The Forest House (Avalon, #2)","Marion Zimmer Bradley, Diana L. Paxson",eng,3.85,13951
37302,"Certain Prey (Lucas Davenport, #10)",John Sandford,eng,4.2,12320
478657,"Undead and Unreturnable (Undead, #4)",MaryJanice Davidson,en-US,3.89,18700
96594,"Fearless (The Lost Fleet, #2)",Jack Campbell,,3.97,12733
820956,"Dawn on a Distant Shore (Wilderness, #2)",Sara Donati,en-US,4.19,11461
25828204,F*ck Love,Tarryn Fisher,,4.13,12203
27864391,The Danish Girl,David Ebershoff,eng,3.74,8292
17675031,This Star Won't Go Out: The Life and Words of Esther Grace Earl,"Esther Earl, Lori Earl, Wayne Earl, John Green",eng,4.19,12887
5481,Brave New World Revisited ,Aldous Huxley,en-US,3.93,11073
40483,Story of O (Story of O #1),"Pauline Réage, Sabine d'Estree",eng,3.34,10922
45106,"Forest Mage (Soldier Son, #2)",Robin Hobb,en-US,3.35,11953
425124,"Sacred (Kenzie & Gennaro, #3)",Dennis Lehane,,3.94,12247
18799585,Hidden (Bone Secrets. #1),Kendra Elliot,eng,3.98,8758
29104680,Punk 57,Penelope Douglas,,4.22,12748
337623,"Eye of the Storm (Sean Dillon, #1)",Jack Higgins,eng,3.96,11724
17835351,Nikola Tesla: Imagination and the Man That Invented the 20th Century,Sean Patrick,eng,3.79,13584
23221,How to Be Popular,Meg Cabot,eng,3.54,18568
7707,Pygmalion & My Fair Lady,"George Bernard Shaw, Alan Jay Lerner",,4.24,13318
22028,Omerta,Mario Puzo,eng,3.68,10538
12157365,"Unraveling (Unraveling, #1)",Elizabeth Norris,en-US,3.84,16361
265264,One,Richard Bach,,3.94,9349
37187,The Tiger Rising,Kate DiCamillo,eng,3.78,14832
28734,Magic's Price (Valdemar: Last Herald-Mage #3),Mercedes Lackey,eng,4.26,17108
11970747,"The Hedge Knight (The Tales of Dunk and Egg, #1)",George R.R. Martin,eng,4.23,14003
527744,"After the Funeral (Hercule Poirot, #29)",Agatha Christie,eng,3.84,13569
160848,Wanted,"Mark Millar, J.G. Jones, Brian K. Vaughan",,3.71,11462
13614,"Death Note, Vol. 8: Target (Death Note, #8)","Tsugumi Ohba, Takeshi Obata",eng,4.27,14494
103111,X-Men: The Dark Phoenix Saga,"Chris Claremont, John Byrne",eng,4.26,11113
12617,Manufacturing Consent: The Political Economy of the Mass Media,"Noam Chomsky, Edward S. Herman",eng,4.22,10301
19307,Pippi in the South Seas,"Astrid Lindgren, Gerry Bothmer",en-US,4.1,13911
12923,The Castle of Otranto,Horace Walpole,eng,3.18,12921
40471,Outer Dark,Cormac McCarthy,,3.88,9172
16175040,"Endless Knight (The Arcana Chronicles, #2)",Kresley Cole,eng,4.39,14677
40992,Shadow & Claw (The Book of the New Sun #1-2),Gene Wolfe,eng,4.04,11282
23503361,Among the Ten Thousand Things,Julia Pierpont,eng,2.84,8458
10878,"The Great Shark Hunt: Strange Tales from a Strange Time (The Gonzo Papers, #1)",Hunter S. Thompson,en-US,4.07,9953
47730,The Complete Poems,"Anne Sexton, Maxine Kumin",en-US,4.28,11888
11830394,2312,Kim Stanley Robinson,eng,3.43,10042
119838,"Tears of a Tiger (Hazelwood High, #1)",Sharon M. Draper,eng,4.16,11266
6287290,Altar of Eden,James Rollins,en-US,4.01,12250
1011359,"Ouran High School Host Club, Vol. 2 (Ouran High School Host Club, #2)",Bisco Hatori,eng,4.46,14350
176326,"The Problem Child (The Sisters Grimm, #3)","Michael Buckley, Peter Ferguson",en-US,4.27,15353
1206073,Washington's Crossing,David Hackett Fischer,eng,4.11,10445
4830,Shalimar the Clown,Salman Rushdie,eng,3.86,10396
8745,Desert Flower,"Waris Dirie, Cathleen Miller",eng,4.09,9609
615921,Halo: First Strike,Eric S. Nylund,en-GB,4.12,9670
16117182,"Broken Silence (Silence, #2)",Natasha Preston,eng,4.14,8280
4076,In Search of Excellence: Lessons from America's Best-Run Companies,"Tom Peters, Robert H. Waterman Jr.",,3.91,9469
17899392,First Love,"James Patterson, Emily Raymond",,3.76,9890
107029,"The Batman Chronicles, Vol. 1","Bill Finger, Gardner F. Fox, Bob Kane, Jerry Robinson, Sheldon Moldoff",en-US,3.99,9593
12878300,Fearless: The Heroic Story of One Navy SEAL's Sacrifice in the Hunt for Osama Bin Laden and the Unwavering Devotion of the Woman Who Loved Him,Eric Blehm,,4.53,7793
7879278,"Waterfall (River of Time, #1)",Lisa Tawn Bergren,en-US,4.04,15884
20890479,"The Love Song of Miss Queenie Hennessy (Harold Fry, #2)",Rachel Joyce,eng,4.04,10730
15559,"Morgawr (The Voyage of the Jerle Shannara, #3)",Terry Brooks,eng,3.96,12797
116053,September,Rosamunde Pilcher,eng,4.12,12412
4808763,The Last Question,"Isaac Asimov, Bob E. Flick, Jim Gallant",eng,4.58,11762
52783,Henderson the Rain King,"Saul Bellow, Luciano Bianciardi",eng,3.79,11226
9654,Fear of Flying,Erica Jong,en-US,3.44,13061
9349915,Red Riding Hood,"Sarah Blakley-Cartwright, David Leslie Johnson, Catherine Hardwicke",en-US,3.51,14220
4765642,Stay Hungry Stay Foolish,Rashmi Bansal,eng,3.62,8598
6694,The Giraffe and the Pelly and Me,"Roald Dahl, Quentin Blake",eng,3.8,14180
17934521,Shotgun Lovesongs,Nickolas Butler,eng,3.78,9878
671724,"The Death of Kings (Emperor, #2)",Conn Iggulden,eng,4.25,10633
106882,French Women Don't Get Fat: The Secret of Eating for Pleasure,Mireille Guiliano,eng,3.48,10584
289601,"A Certain Slant of Light (Light, #1)",Laura Whitcomb,en-US,3.83,16769
493455,"The Uglies Trilogy (Uglies, #1-3)",Scott Westerfeld,,4.06,13405
22693231,The Bone Tree,Greg Iles,en-US,4.18,8055
78971,False Impression,Jeffrey Archer,en-US,3.67,10338
13105527,I Wrote This For You,"pleasefindthis, Iain S. Thomas, Jon Ellis",eng,4.17,11533
56913,Barefoot in Paris,"Ina Garten, Quentin Bacon",en-GB,4.19,11128
204045,"Naruto, Vol. 05: Exam Hell (Naruto, #5)",Masashi Kishimoto,eng,4.44,13122
347577,"Away Laughing on a Fast Camel (Confessions of Georgia Nicolson, #5)",Louise Rennison,,4.06,14351
16056862,"The Unwanted Wife (Unwanted, #1)",Natasha Anders,eng,3.94,17458
29991719,"Royally Screwed (Royally, #1)",Emma Chase,eng,4.11,15906
6239873,"Splendor (Luxe, #4)",Anna Godbersen,en-US,3.84,16276
31175,The Professor,Charlotte Brontë,eng,3.56,12140
9815702,"Drink Deep (Chicagoland Vampires, #5)",Chloe Neill,en-US,4.12,21860
4653511,رجال في الشمس,غسان كنفاني,ara,4.16,10016
132391,The Little Mermaid,"Hans Christian Andersen, Lisbeth Zwerger, Anthea Bell",en-US,4.02,14361
207687,"Big Boned (Heather Wells, #3)",Meg Cabot,eng,3.84,17672
330760,The Subterraneans,Jack Kerouac,eng,3.68,10325
181400,The Tale of Three Trees,"Angela Elwell Hunt, Tim Jonke",en-US,4.52,13226
419103,"Sin City, Vol. 3: The Big Fat Kill (Sin City, #3)",Frank Miller,en-US,4.1,12625
16341,"The Moving Finger (Miss Marple, #4)",Agatha Christie,en-GB,3.84,15142
392217,"Hornet's Nest (Andy Brazil, #1)",Patricia Cornwell,eng,3.28,12973
126066,The Sacred Romance Drawing Closer To The Heart Of God,"John Eldredge, Brent Curtis",eng,4.0,9882
236056,There's a Boy in the Girls' Bathroom,Louis Sachar,eng,3.95,12732
17233800,"Crash into You (Pushing the Limits, #3)",Katie McGarry,eng,4.28,21136
7993566,Colonel Roosevelt,Edmund Morris,eng,4.1,12745
65336,Selected Poems,"William Carlos Williams, Charles Tomlinson",,4.15,11740
77786,"Vision of the Future (Star Wars: The Hand of Thrawn, #2)",Timothy Zahn,eng,4.06,11657
6449422,"1Q84 BOOK 2 (1Q84, #2)",Haruki Murakami,jpn,4.04,9668
20439328,How to Be Both,Ali Smith,eng,3.61,9431
85989,"Princess on the Brink (The Princess Diaries, #8)",Meg Cabot,,3.7,17654
341281,The Woodlanders,"Thomas Hardy, Patricia Ingham",eng,3.82,10835
17934385,Tempting Fate,Jane Green,eng,3.59,9882
4071018,While My Sister Sleeps,Barbara Delinsky,en-US,3.82,12719
419083,Killing Pablo: The Hunt for the World's Greatest Outlaw,Mark Bowden,,3.93,9469
12968662,Gold,Chris Cleave,eng,3.68,6997
3064985,"Wondrous Strange (Wondrous Strange, #1)",Lesley Livingston,eng,3.69,17738
10395,How Soccer Explains the World,Franklin Foer,,3.76,9231
45974,The Book of Disquiet,"Fernando Pessoa, Richard Zenith",eng,4.5,9115
12791521,"Batman: Earth One, Volume 1","Geoff Johns, Gary Frank, Jon Sibal, Brad Anderson, Rob Leigh",eng,4.06,11302
12475019,Some Assembly Required: A Journal of My Son's First Son,"Anne Lamott, Sam Lamott",en-US,3.61,10547
583924,"Undead and Unappreciated (Undead, #3)",MaryJanice Davidson,en-US,3.88,18066
20980959,"Blue Labyrinth (Pendergast, #14)","Douglas Preston, Lincoln Child",eng,4.11,9184
7940589,Malcolm X: A Life of Reinvention,Manning Marable,eng,4.2,11448
32349,Mutant Message Down Under,Marlo Morgan,eng,3.79,9981
4769247,"Ashes of Midnight (Midnight Breed, #6)",Lara Adrian,eng,4.19,18982
112879,"Once Upon a Crime (The Sisters Grimm, #4)","Michael Buckley, Peter Ferguson",eng,4.26,15091
168814,Keys to Drawing,Bert Dodson,eng,4.0,10004
158988,"Fables, Vol. 9: Sons of Empire","Bill Willingham, Mark Buckingham, Steve Leialoha, Andrew Pepoy, Gene Ha, Joshua Middleton, Iñaki Miranda, Mike Allred",eng,4.24,15232
1233478,"Embrace the Night (Cassandra Palmer, #3)",Karen Chance,en-US,4.09,19294
171624,"The Ipcress File (Secret File, #1)",Len Deighton,en-US,3.94,12052
158944,The Fannie Farmer Cookbook: Anniversary,"Marion Cunningham, Fannie Merritt Farmer, Archibald Candy Corporation",,4.1,12723
3240691,واحة الغروب,بهاء طاهر,ara,3.82,10365
7862725,"Branded (Fall of Angels, #1)",Keary Taylor,eng,3.7,9790
27208,The Third Policeman,Flann O'Brien,eng,4.02,10352
4285768,"Tea Time for the Traditionally Built (No. 1 Ladies' Detective Agency, #10)",Alexander McCall Smith,eng,4.11,15001
273512,"Starlight (Warriors: The New Prophecy, #4)",Erin Hunter,en-US,4.28,15719
13522957,"Feral Sins (The Phoenix Pack, #1)",Suzanne Wright,eng,4.12,21978
87424,Tintin in the Land of the Soviets (Tintin #1),"Hergé, Leslie Lonsdale-Cooper, Michael Turner",eng,3.67,10702
9998705,"Flash and Bones (Temperance Brennan, #14)",Kathy Reichs,eng,3.86,14064
23453099,Eileen,Ottessa Moshfegh,eng,3.38,10460
1566705,"Creation in Death (In Death, #25)",J.D. Robb,eng,4.34,16050
770040,Llama Llama Mad at Mama,Anna Dewdney,en-US,4.28,14175
18594594,Cop Town,Karin Slaughter,eng,3.88,10660
165053,Graffiti World: Street Art from Five Continents,"Nicholas Ganz, Tristan Manco",,4.01,9000
1918702,Lon Po Po: A Red-Riding Hood Story from China,Ed Young,eng,4.03,14340
348632,The Blood of Flowers,Anita Amirrezvani,en-US,3.95,11871
45181,"Five Children and It (Five Children, #1)",E. Nesbit,eng,3.88,16059
18387597,2 ضباط,Essam Youssef,ara,3.64,8109
559889,"Flood Tide (Dirk Pitt, #14)",Clive Cussler,eng,3.88,11987
23299512,"This Savage Song (Monsters of Verity, #1)",Victoria Schwab,eng,4.14,17210
8456124,"Bloodlust (The Vampire Diaries: Stefan's Diaries, #2)","L.J. Smith, Kevin Williamson, Julie Plec",en-US,4.05,11333
5628753,Branded by Fire (Psy-Changeling #6),Nalini Singh,eng,4.3,20275
17838528,The Unexpected Everything,Morgan Matson,eng,4.07,18752
43799,Exit to Eden,"Anne Rampling, Anne Rice",eng,3.55,11846
6654104,Percy Jackson & the Olympians:  The Ultimate Guide,"Mary-Jane Knight, Rick Riordan",en-US,4.12,14173
13239822,Alif the Unseen,G. Willow Wilson,en-US,3.84,10982
50001,The Complete Guide to Middle-Earth,"Robert Foster, J.R.R. Tolkien",,4.17,10280
12449167,The Orchid House,Lucinda Riley,en-US,3.8,9282
29008738,"The Bird and the Sword (The Bird and the Sword Chronicles, #1)",Amy Harmon,eng,4.29,11705
92845,"The Black Unicorn (Magic Kingdom of Landover, #2)",Terry Brooks,eng,3.75,14108
16076,The Awakening and Selected Stories,"Kate Chopin, Cynthia Brantley Johnson, Alyssa  Harad",eng,3.84,8505
2296567,Say You're One of Them,Uwem Akpan,,3.49,10899
6688087,"The Crossing Places (Ruth Galloway, #1)",Elly Griffiths,en-GB,3.87,12427
721003,Peak (Peak #1),Roland Smith,en-US,3.98,13314
39799,"One Step Behind  (Kurt Wallander, #7)","Henning Mankell, Ebba Segerberg",eng,4.08,10619
825473,The Devil's Alternative,Frederick Forsyth,,4.0,9927
29430788,Faithful,Alice Hoffman,eng,4.02,12442
138684,"Sovereign (Matthew Shardlake, #3)",C.J. Sansom,en-US,4.28,11071
76179,Envy,Sandra Brown,eng,4.15,11520
440960,Batman and Son,"Grant Morrison, Andy Kubert, John Van Fleet, Jesse Delperdang",eng,3.81,10188
101255,On Food and Cooking: The Science and Lore of the Kitchen,Harold McGee,en-US,4.48,10631
668710,"Magic and Other Misdemeanors (The Sisters Grimm, #5)","Michael Buckley, Peter Ferguson",,4.29,15038
9962040,"In Bed with a Highlander (McCabe Trilogy, #1)",Maya Banks,eng,4.05,20529
577283,The Confessions of Nat Turner,William Styron,eng,3.96,11535
18931,Please Stop Laughing at Me... One Woman's Inspirational Story,Jodee Blanco,en-US,3.84,9178
1347837,"Rule of Two (Star Wars: Darth Bane, #2)",Drew Karpyshyn,eng,4.15,10269
9712341,A Girl Like You,Gemma Burgess,eng,3.95,12117
25056528,"Sincerely, Carter (Sincerely Carter, #1)",Whitney G.,,4.1,14881
7081,The Android's Dream,John Scalzi,en-US,3.97,11476
3291,The Stories of Eva Luna,Isabel Allende,en-US,3.96,10862
7579,Awakening the Buddha Within: Tibetan Wisdom for the Western World,Lama Surya Das,en-US,4.18,9912
11821514,Long Time Coming,Edie Claire,en-US,3.77,9327
33906,Story of a Girl,Sara Zarr,en-US,3.67,14282
18108795,High Heat (Jack Reacher #17.5),Lee Child,eng,3.93,4842
23287179,Orphan Number Eight,Kim van Alkemade,eng,3.69,9558
13252406,"Delusion in Death (In Death, #35)",J.D. Robb,en-US,4.31,13716
504369,"Field of Dishonor (Honor Harrington, #4)",David Weber,eng,4.19,13157
13235689,How Music Works,David Byrne,,3.95,10163
18404093,Save the Date,Mary Kay Andrews,eng,3.87,11080
10006,Oracle Night,Paul Auster,eng,3.77,8827
40526,"Time and Again (Time, #1)",Jack Finney,eng,3.98,11251
22027055,One Lavender Ribbon,Heather Burch,en-US,3.78,9175
1022866,Run Baby Run,"Nicky Cruz, Jamie Buckingham",en-US,4.21,10697
539282,Fences (The Century Cycle #6),August Wilson,eng,3.84,11991
78629,Tortured for Christ N/E,Richard Wurmbrand,en-US,4.34,9622
25663717,The Two-Family House,Lynda Cohen Loigman,eng,3.94,9395
30636,Miracles,C.S. Lewis,eng,4.08,10821
5771014,"The Talent Code: Unlocking the Secret of Skill in Sports, Art, Music, Math, and Just About Everything Else","Daniel Coyle, John Farrell",,4.07,10334
18693753,Dear Daughter,Elizabeth Little,eng,3.44,10004
23745189,The Mermaid's Sister,Carrie Anne Noble,en-US,3.64,6221
16396,"The Inimitable Jeeves (Jeeves, #2)",P.G. Wodehouse,en-US,4.26,7376
534415,"Dragons of Summer Flame (Dragonlance: The Second Generation, #2)","Margaret Weis, Tracy Hickman",eng,3.84,11465
6045456,"The Secret Speech (Leo Demidov, #2)",Tom Rob Smith,eng,3.78,9880
7908638,"Star Island (Skink, #6)",Carl Hiaasen,,3.44,11806
68496,Un Lun Dun,China Miéville,eng,3.81,13243
13617,"Death Note, Vol. 5: Whiteout (Death Note, #5)","Tsugumi Ohba, Takeshi Obata",eng,4.35,15786
10532477,"Heat Rises (Nikki Heat, #3)",Richard Castle,en-US,3.92,12449
18956,Homicide: A Year on the Killing Streets,David Simon,en-US,4.38,10279
155712,"Mrs. Mike (Mrs. Mike, #1)","Benedict Freedman, Nancy Freedman",eng,4.13,12826
22886113,A Work in Progress,Connor Franta,eng,4.36,14397
18090147,The Enchanted,Rene Denfeld,eng,3.96,11515
7116709,"The Left Hand of God (The Left Hand of God, #1)",Paul  Hoffman,en-GB,3.66,10638
17332564,How to Love,Katie Cotugno,eng,3.73,12515
7062,Paris to the Moon,Adam Gopnik,eng,3.75,11065
8720917,You Against Me,Jenny Downham,eng,3.7,15118
343718,A Dog's Life: The Autobiography of a Stray,Ann M. Martin,eng,4.18,11112
153783,"The Will of the Empress (Circle Reforged, #1)",Tamora Pierce,eng,4.15,16730
15823426,"The Secret Race: Inside the Hidden World of the Tour de France: Doping, Cover-ups, and Winning at All Costs","Tyler Hamilton, Daniel Coyle",eng,4.32,8711
3757,"Doctor No (James Bond, #6)",Ian Fleming,eng,3.76,10569
18090150,Ripper,"Isabel Allende, Oliver Brock, Frank Wynne",eng,3.24,8919
74862,ماهی سیاه کوچولو,Samad Behrangi,per,4.11,5364
74406,Fifth Business,Robertson Davies,eng,4.04,11651
2324124,"Hello, Cupcake","Alan    Richardson, Karen Tack",en-US,4.05,10653
7683254,"Monster Hunter Vendetta (Monster Hunter International, #2)",Larry Correia,eng,4.24,12109
41958,Nights of Rain and Stars,Maeve Binchy,en-GB,3.67,12365
9529502,"Big Nate on a Roll (Big Nate Novels, #3)",Lincoln Peirce,,4.32,9873
12546674,"Wife by Wednesday (The Weekday Brides, #1)",Catherine Bybee,eng,3.77,10586
824318,"The New Bedside, Bathtub and Armchair Companion to Agatha Christie","Dick Riley, Pam McAllister, Bruce Cassiday",en-US,4.23,10356
21473305,"Dominic (Slater Brothers, #1)",L.A. Casey,eng,4.08,19434
12988016,"Shadow's Claim (Immortals After Dark, #13; The Dacians, #1)",Kresley Cole,eng,4.28,17866
17910544,Glitter and Glue,Kelly Corrigan,eng,3.76,10841
61834,A Night to Remember,"Walter Lord, Nathaniel Philbrick",en-US,4.0,11475
6944566,The Lonely Polygamist,Brady Udall,en-US,3.5,9773
13061,Stormy Weather,Carl Hiaasen,en-US,3.94,11452
6303733,That Old Cape Magic,"Richard Russo, Arthur Morey",eng,3.3,12095
6634409,"The Darkest Hour (KGI, #1)",Maya Banks,eng,4.17,19619
10108463,The Devil All the Time,Donald Ray Pollock,eng,4.09,9620
18111281,A Long Way Home,Saroo Brierley,eng,4.12,12404
252938,"Twilight (Warriors: The New Prophecy, #5)",Erin Hunter,en-US,4.3,15604
11690,Istanbul: Memories and the City,Orhan Pamuk,eng,3.77,9919
287655,The Second Assistant: A Tale from the Bottom of the Hollywood Ladder,"Clare Naylor, Mimi Hare",en-US,3.52,11268
1990,Martin Chuzzlewit,"Charles Dickens, Patricia Ingham, Hablot Knight Browne",eng,3.82,11784
71870,"Darkness, Be My Friend (Tomorrow, #4)",John Marsden,en-US,4.11,12447
6251012,UR,Stephen King,eng,3.65,13518
133488,Tales of the South Pacific,James A. Michener,en-US,4.03,11999
5845,A Bend in the River,V.S. Naipaul,eng,3.77,11011
25852784,Evicted: Poverty and Profit in the American City,Matthew Desmond,eng,4.48,15165
13565676,"The Assassin and the Empire (Throne of Glass, #0.5)",Sarah J. Maas,eng,4.42,17277
17835773,"Misbehaving (Sea Breeze, #6)",Abbi Glines,eng,4.18,18648
21416690,"The Invisible Library (The Invisible Library, #1)",Genevieve Cogman,eng,3.73,12058
112322,Saint Maybe,Anne Tyler,en-US,3.88,13134
9526,Embroideries,"Marjane Satrapi, Anjali Singh",eng,3.82,11879
541341,Deep and Dark and Dangerous (A Ghost Story),Mary Downing Hahn,,4.22,12839
3130430,"Harry, a History: The True Story of a Boy Wizard, His Fans, and Life Inside the Harry Potter Phenomenon","Melissa Anelli, J.K. Rowling",en-US,4.09,12308
3700085,Marcelo in the Real World,Francisco X. Stork,eng,3.95,14651
228199,"The Green Mile, Part 4: The Bad Death of Eduard Delacroix",Stephen King,eng,4.52,12958
8343444,Daun Yang Jatuh Tak Pernah Membenci Angin,Tere Liye,ind,3.97,9974
623976,"Alcatraz Versus the Evil Librarians (Alcatraz, #1)",Brandon Sanderson,eng,3.87,13474
13163846,Darth Vader and Son,Jeffrey Brown,eng,4.14,14005
2068,Darwin's Dangerous Idea: Evolution and the Meanings of Life,Daniel C. Dennett,en-US,4.03,11090
68452,"Pani Jeziora (Saga o Wiedźminie, #7)",Andrzej Sapkowski,pol,4.28,9902
244102,"Open Season (Joe Pickett, #1)",C.J. Box,en-US,3.91,10659
12926132,"Palace of Stone (Princess Academy, #2)",Shannon Hale,eng,3.95,16023
22725443,Hausfrau,Jill Alexander Essbaum,eng,3.24,9949
386142,Legally Blonde,Amanda Brown,,3.68,11094
21414439,"Truthwitch (The Witchlands, #1)",Susan Dennard,eng,3.93,17752
4813,1421: The Year China Discovered America,Gavin Menzies,eng,3.58,10200
13513205,A Wrinkle in Time: The Graphic Novel,"Hope Larson, Madeleine L'Engle",eng,3.95,12337
225343,Heartburn,Nora Ephron,eng,3.57,12503
13528417,Tigers in Red Weather,Liza Klaussmann,eng,3.42,10800
92375,Hornet Flight,Ken Follett,en-US,3.83,11362
39801,"The White Lioness (Kurt Wallander, #3)","Henning Mankell, Laurie Thompson",eng,3.84,10678
28485,"Elven Star (The Death Gate Cycle, #2)","Margaret Weis, Tracy Hickman",en-US,3.98,13576
52872,Flight,Sherman Alexie,en-US,3.89,12016
12073,Philosophical Investigations,"Ludwig Wittgenstein, G.E.M. Anscombe",en-US,4.23,9403
9915707,"Endure (Need, #4)",Carrie Jones,eng,4.08,16128
23545800,"Kaleidoscope Hearts (Hearts, #1)",Claire Contreras,eng,4.06,15396
68524,"Enemy of God (The Warlord Chronicles, #2)",Bernard Cornwell,en-US,4.38,8664
21518679,"Cage (Corps Security, #2)",Harper Sloan,eng,4.29,7591
18246727,Mud Vein,Tarryn Fisher,eng,4.11,16593
579696,Our Dumb Century: The Onion Presents 100 Years of Headlines from America's Finest News Source,"Scott Dikkers, Maria Schneider, John Krewson, Robert Siegel, David Javerbaum, Todd Hanson, Carol Kolb, Mike Loew, Tim Harrod",eng,4.18,10999
294044,Ice Hunt,James Rollins,eng,4.04,12302
29484,"Strange Candy (Anita Blake, Vampire Hunter #0.5)",Laurell K. Hamilton,en-US,3.74,14468
79016,First Among Equals,Jeffrey Archer,eng,3.87,11171
53200,Black Holes and Baby Universes,Stephen Hawking,eng,4.09,9477
179033,"The Chronicles of Thomas Covenant, the Unbeliever (The Chronicles of Thomas Covenant the Unbeliever, #1-3)",Stephen R. Donaldson,eng,3.78,12122
8074967,"Archangel's Blade (Guild Hunter, #4)",Nalini Singh,,4.26,20804
31795,The Story of Philosophy: The Lives and Opinions of the World's Greatest Philosophers,Will Durant,eng,4.09,8618
110763,The Gnostic Gospels,Elaine Pagels,en-US,3.93,11216
242157,How to Talk to a Widower,Jonathan Tropper,,3.97,9884
841973,"The Gods of Mars (Barsoom, #2)",Edgar Rice Burroughs,eng,3.86,10859
17570105,"The Survivor (Mitch Rapp, #14)","Vince Flynn, Kyle Mills, Armand Schultz",eng,4.2,6945
8712343,Kiss of Snow (Psy-Changeling #10),Nalini Singh,eng,4.47,18759
18467818,An Untamed State,Roxane Gay,eng,4.05,10809
2176735,Breath,Tim Winton,,3.8,10233
164723,Diagnostic and Statistical Manual of Mental Disorders DSM-IV-TR,American Psychiatric Association,eng,3.87,10114
104737,"A Monstrous Regiment of Women (Mary Russell, #2)",Laurie R. King,eng,4.04,15363
40271,"Alvin Journeyman (Tales of Alvin Maker, #4)",Orson Scott Card,en-US,3.72,12663
17262236,"Rose Under Fire (Code Name Verity, #2)",Elizabeth Wein,eng,4.13,13526
511240,"Yotsuba&!, Vol. 01 (Yotsuba&! #1)","Kiyohiko Azuma, あずま きよひこ",eng,4.34,12754
35476,Black Elk Speaks: Being the Life Story of a Holy Man of the Oglala Sioux,"Black Elk, John G. Neihardt",en-GB,4.13,8888
6326920,"The Accidental Billionaires: The Founding of Facebook, a Tale of Sex, Money, Genius and Betrayal",Ben Mezrich,en-US,3.5,9400
1050383,"The Sleeping Doll (Kathryn Dance, #1)",Jeffery Deaver,eng,3.92,11895
252999,"Dark Legend (Dark, #8)",Christine Feehan,eng,4.33,16196
107017,"Batman: Hush, Vol. 1","Jeph Loeb, Jim Lee, Scott Williams",eng,4.1,31527
13112023,One Breath Away,Heather Gudenkauf,eng,3.98,13179
2967316,The Devil's Punchbowl,Greg Iles,eng,4.05,10626
47944,"Empress of the World (Battle Hall Davies, #1)",Sara Ryan,en-US,3.73,11076
2637138,"Welcome to the Jungle (The Dresden Files, #0.5)",Jim Butcher,eng,4.09,13833
6506307,"Blackout (All Clear, #1)",Connie Willis,eng,3.83,14665
18191814,"A Blaze of Sun (A Shade of Vampire, #5)",Bella Forrest,eng,4.15,7866
8389671,The Red Garden,Alice Hoffman,eng,3.69,13236
42407,Babar the King,Jean de Brunhoff,en-US,4.18,14296
13623777,Ungifted,Gordon Korman,eng,4.0,11956
160194,Noises Off,Michael Frayn,,4.18,12709
372384,The Final Detail (Myron Bolitar #6),Harlan Coben,eng,4.0,11989
3972,"Olympos (Ilium, #2)",Dan Simmons,en-US,3.93,11393
3872,A History of the World in 6 Glasses,Tom Standage,en-US,3.74,10473
23398961,The Sound of Glass,Karen   White,eng,3.98,9755
71622,The Widow of the South,Robert Hicks,eng,3.75,12419
14060046,Obsession,Jennifer L. Armentrout,eng,4.15,19898
10790276,Courageous,"Randy Alcorn, Alex Kendrick, Stephen Kendrick",,4.53,9409
6345760,The Magician's Elephant,"Kate DiCamillo, Yoko Tanaka",eng,3.82,14726
31178,Back When We Were Grownups,Anne Tyler,eng,3.51,13416
23289,The Dead,James Joyce,eng,4.09,11279
5607622,قمر على سمرقند,"محمد المنسي قنديل, Mohamed Mansi Qandil",ara,3.9,5070
16150996,"Convicted (Consequences, #3)",Aleatha Romig,eng,4.38,16329
7831742,"The Lost Saint (The Dark Divine, #2)",Bree Despain,eng,4.04,15328
4946005,Relentless,Dean Koontz,en-US,3.71,12416
73906,"Taliesin (The Pendragon Cycle, #1)",Stephen R. Lawhead,eng,3.98,12435
13063,Basket Case,Carl Hiaasen,,3.81,11909
18323154,المرحوم,حسن كمال,ara,3.51,8937
92956,"The Memory of Earth (Homecoming, #1)",Orson Scott Card,eng,3.56,13107
6751356,Wench,Dolen Perkins-Valdez,en-US,3.68,12250
3556419,"Curse the Dawn (Cassandra Palmer, #4)",Karen Chance,eng,4.16,18032
26661,Praying God's Word: Breaking Free From Spiritual Strongholds,Beth Moore,,4.45,9530
5946,In the Skin of a Lion,Michael Ondaatje,,3.88,11289
22131009,Where There's Smoke,Jodi Picoult,en-US,3.56,7802
5559,Jack: Straight from the Gut,"Jack Welch, John A. Byrne, Mike Barnicle",eng,3.79,9781
30125,The Missing Piece Meets the Big O ,Shel Silverstein,en-US,4.32,9056
44559,Life is Elsewhere,"Milan Kundera, Aaron Asher",eng,3.95,8834
77477,Blessings,Anna Quindlen,,3.56,12480
12900491,"Wicked Nights (Angels of the Dark, #1)",Gena Showalter,eng,4.11,17942
11237412,"Six's Legacy (Lorien Legacies: The Lost Files, #1)",Pittacus Lore,eng,4.08,13853
28760,Magic's Promise (Valdemar: Last Herald-Mage #2),Mercedes Lackey,eng,4.2,16547
25773504,Most Wanted,Lisa Scottoline,eng,3.56,10007
10799881,"Underworld (Abandon, #2)",Meg Cabot,eng,3.89,17878
3698601,Food Matters: A Guide to Conscious Eating with More Than 75 Recipes,Mark Bittman,,3.97,10408
60471,Coming Home,Rosamunde Pilcher,eng,4.27,11355
133767,"Glorious Appearing: The End of Days (Left Behind, #12)","Tim LaHaye, Jerry B. Jenkins",eng,3.96,10474
7824768,ليتها تقرأ,خالد الباتلي,ara,3.04,9807
16158527,"Silken Prey (Lucas Davenport, #23)",John Sandford,eng,4.16,10456
13593555,"Mad River (Virgil Flowers, #6)",John Sandford,eng,4.17,11286
251665,Hotel du Lac,Anita Brookner,eng,3.56,11066
151926,"The Ghost Road (Regeneration, #3)",Pat Barker,en-US,4.11,11723
682793,Pudd'nhead Wilson,Mark Twain,eng,3.74,11014
208036,Metaphysics,"Aristotle, Joe Sachs",,4.0,10112
15793231,If You Find Me,Emily Murdoch,eng,4.06,13683
13065,"Native Tongue (Skink, #2)",Carl Hiaasen,eng,3.94,10717
128940,The Persian Pickle Club,Sandra Dallas,en-US,3.78,13732
6763961,"My Soul to Save (Soul Screamers, #2)",Rachel Vincent,en-US,3.98,18243
351023,"The Worst Witch (Worst Witch, #1)",Jill Murphy,,3.94,13003
981463,The Relatives Came,"Cynthia Rylant, Stephen Gammell",eng,4.2,13099
125502,What I Loved,Siri Hustvedt,en-GB,4.02,9974
4212386,"Maryamah Karpov: Mimpi-mimpi Lintang (Tetralogi Laskar Pelangi, #4)",Andrea Hirata,ind,3.6,8399
11133791,Tilt,Ellen Hopkins,eng,4.2,12141
2747288,"Dragonheart (Pern, #21)",Todd J. McCaffrey,,4.14,10996
17569860,"Conquer Your Love (Surrender Your Love, #2)",J.C. Reed,eng,4.01,16089
7980,"Pearls of Lutra (Redwall, #9)",Brian Jacques,,3.99,15605
4224060,The Element: How Finding Your Passion Changes Everything,"Ken Robinson, Lou Aronica",eng,3.89,9074
24611425,The Secret Chord,Geraldine Brooks,eng,3.55,9228
18752959,The Staff of Serapis (Percy Jackson & Kane Chronicles Crossover #2),Rick Riordan,eng,4.31,11947
17443673,A Different Blue,Amy Harmon,eng,4.22,14183
2159007,Downtown Owl,Chuck Klosterman,eng,3.53,9666
797094,Halo: The Flood,William C. Dietz,en-US,3.69,9709
92846,"Antrax (Voyage of the Jerle Shannara, #2)",Terry Brooks,eng,3.94,12947
676,Sailing Alone Around the Room: New and Selected Poems,Billy Collins,eng,4.24,10999
12924253,"Once (Eve, #2)",Anna Carey,en-US,3.9,15315
17970255,"Into the Deep (Into the Deep, #1)",Samantha Young,eng,4.09,19288
61909,"Mirror Dance (Vorkosigan Saga, #8)",Lois McMaster Bujold,en-US,4.32,14391
384457,Agnes and the Hitman,"Jennifer Crusie, Bob Mayer",eng,3.93,15848
6493321,Logicomix: An epic search for truth,"Apostolos Doxiadis, Christos H. Papadimitriou, Alecos Papadatos, Annie Di Donna",en-US,4.01,11004
7992363,HHhH,Laurent Binet,fre,4.07,7765
22693222,The Residence: Inside the Private World of the White House,Kate Andersen Brower,,3.75,8841
17455815,"Stone Cold Touch (The Dark Elements, #2)",Jennifer L. Armentrout,eng,4.38,18262
16127237,The Life List,Lori Nelson Spielman,eng,4.08,8301
11864728,"The Rising (Darkness Rising, #3)",Kelley Armstrong,eng,4.13,17452
80890,Buddenbrooks: The Decline of a Family,"Thomas Mann, John E. Woods, T.J. Reed",eng,4.13,12049
231560,Uncle Vanya,Anton Chekhov,eng,3.84,11418
10844125,The Christmas Wedding,"James Patterson, Richard DiLallo",eng,3.32,12736
18392,"The Lost Years (The Lost Years of Merlin, #1)",T.A. Barron,eng,3.97,12146
6080889,"Storm Glass (Glass, #1)",Maria V. Snyder,eng,3.95,18218
11229,"The Sea, the Sea","Iris Murdoch, Mary Kinzie",eng,3.9,10849
13417946,"Eden (Providence, #3)",Jamie McGuire,,4.17,15420
103815,"Among the Enemy (Shadow Children, #6)",Margaret Peterson Haddix,en-US,4.16,14836
13502970,"Incendiary (The Premonition, #4)",Amy A. Bartol,en-US,4.43,12468
769658,Battlefield Earth: A Saga of the Year 3000,L. Ron Hubbard,eng,3.49,11671
129565,Financial Peace Revisited,Dave Ramsey,,4.31,10914
43352,I'll Be Seeing You,Mary Higgins Clark,eng,3.79,13804
7521400,This Time Together: Laughter and Reflection,Carol Burnett,eng,4.05,10609
12349,My Year of Meats,Ruth Ozeki,eng,3.93,10297
60925,Fledgling,Octavia E. Butler,en-US,3.9,11792
11665750,"At Peace (The 'Burg, #2)",Kristen Ashley,en-GB,4.49,23308
401876,The House of God,"Samuel Shem, John Updike",eng,3.95,8812
18045473,Last Train to Istanbul,"Ayşe Kulin, John W. Baker",eng,3.81,6870
22749539,Echo,Pam Muñoz Ryan,eng,4.36,14864
428862,Wreck This Journal,Keri Smith,,4.19,10012
70561,The Gulag Archipelago 1918-1956,"Aleksandr Solzhenitsyn, Edward E. Ericson Jr.",eng,4.15,10693
270032,Seven Years in Tibet,Heinrich Harrer,,4.05,11283
6080420,Commencement ,J. Courtney Sullivan,en-US,3.36,12653
592089,"The Bar Code Tattoo (Bar Code, #1)",Suzanne Weyn,eng,3.55,14037
8158992,"MacRieve (Immortals After Dark, #14)",Kresley Cole,eng,4.3,17488
8105569,Oogy: The Dog Only a Family Could Love,Larry Levin,en-GB,4.04,10273
36064,"American Tabloid (Underworld USA, #1)",James Ellroy,eng,4.21,10193
7124101,"The Fallen and Leviathan (The Fallen, #1-2)",Thomas E. Sniegoski,eng,3.74,13676
20082,"The Renegades of Pern (Pern, #10)",Anne McCaffrey,,3.84,14387
2530,Baltasar and Blimunda,"José Saramago, Giovanni Pontiero",eng,3.9,5321
153136,The Cake Bible,"Rose Levy Beranbaum, Maria Guarnaschelli, Vincent Lee, Manuela Paul, Dean G. Bornstein",,4.2,9412
23507745,"Serafina and the Black Cloak (Serafina, #1)",Robert  Beatty,eng,3.9,12256
599090,A New Hope  (Star Wars: Novelizations #4),"Alan Dean Foster, George Lucas",eng,4.07,10647
6021523,Summer House,Nancy Thayer,eng,3.91,11460
331695,Almost French: Love and a New Life in Paris,Sarah Turnbull,,3.68,10668
71458,Stupeur et tremblements,Amélie Nothomb,fre,3.72,9448
43797,Pandora / Vittorio the Vampire (New Tales of the Vampires),Anne Rice,,4.03,10977
9266769,"Summer and the City (The Carrie Diaries, #2)",Candace Bushnell,en-US,3.63,11366
142545,"The Stone Monkey (Lincoln Rhyme, #4)",Jeffery Deaver,eng,3.94,11769
210243,"Origin in Death (In Death, #21)",J.D. Robb,eng,4.34,16775
148769,"The First Part Last (Heaven, #2)",Angela Johnson,eng,3.96,12689
7783191,The Invisible Gorilla: And Other Ways Our Intuitions Deceive Us,"Christopher Chabris, Daniel Simons",eng,3.88,10080
84842,"Prior Bad Acts (Kovac and Liska, #3)",Tami Hoag,eng,4.07,11454
608906,"Firestar's Quest (Warriors Super Edition, #1)",Erin Hunter,eng,4.32,14773
1833852,A Fraction of the Whole,Steve Toltz,,4.06,7646
13531024,This is Not My Hat,Jon Klassen,eng,4.23,14779
4924862,I Will Teach You To Be Rich,Ramit Sethi,eng,4.04,10209
23197346,"Radiant Angel (John Corey, #7)",Nelson DeMille,eng,3.84,6590
29103028,"The Queen's Poisoner (Kingfountain, #1)",Jeff Wheeler,en-GB,4.07,14126
11436,"Rejoice (Redemption, #4)","Karen Kingsbury, Gary Smalley",eng,4.45,11013
8492907,Physics of the Future: How Science Will Shape Human Destiny and Our Daily Lives by the Year 2100,Michio Kaku,eng,3.98,10159
13597723,"The Naturals (The Naturals, #1)",Jennifer Lynn Barnes,eng,4.16,16704
87425,"Tintin in Tibet (Tintin, #20)","Hergé, Leslie Lonsdale-Cooper, Michael Turner",eng,4.2,10146
39798,"Firewall (Wallander, #8)","Henning Mankell, Ebba Segerberg",eng,3.95,10138
2073686,"Tales From the Hood (The Sisters Grimm, #6)","Michael Buckley, Peter Ferguson",en-US,4.29,15020
844051,"Mutiny on the Bounty (The Bounty Trilogy, #1)","Charles Bernard Nordhoff, James Norman Hall",en-US,3.97,11746
1015311,"Love Hina, Vol. 01",Ken Akamatsu,eng,3.73,10926
19049,What the Bleep Do We Know!?: Discovering the Endless Possibilities for Altering Your Everyday Reality,"William Arntz, Betsy Chasse, Mark Vicente",,4.25,9759
15954540,"The Wretched of Muirwood (Legends of Muirwood, #1)",Jeff Wheeler,eng,3.97,6029
891812,"Gentle Rogue (Malory-Anderson Family, #3)",Johanna Lindsey,en-US,4.23,15496
22886868,"The Shepherd's Crown (Discworld, #41; Tiffany Aching, #5)",Terry Pratchett,eng,4.34,9134
54620,Mary Barton,"Elizabeth Gaskell, Shirley Foster",eng,3.7,11742
115476,Nostromo,Joseph Conrad,eng,3.81,11478
13333093,The Plum Tree,Ellen Marie Wiseman,eng,4.02,8479
13621,"Death Note, Vol. 7: Zero (Death Note, #7)","Tsugumi Ohba, Takeshi Obata",,4.41,14480
4345290,"The Crown Conspiracy (The Riyria Revelations, #1)",Michael J. Sullivan,eng,4.15,12198
15767586,"Styxx (Dark-Hunter, #22)",Sherrilyn Kenyon,eng,4.58,14344
59142,Eugénie Grandet,"Honoré de Balzac, Sylvia Raphael, Christopher Prendergast",eng,3.79,11028
19552,Essentials of Classic Italian Cooking,"Marcella Hazan, Karin Kretschmann",,4.26,10729
82991,Silence of the Grave (Inspector Erlendur #4),"Arnaldur Indriðason, Bernard Scudder",eng,3.94,8918
11387392,The Catastrophic History of You and Me,Jess Rothenberg,en-US,4.04,12890
7906105,"Girl, Stolen (Girl, Stolen #1)",April Henry,eng,3.99,13108
1211904,"Leven Thumps and the Eyes of the Want (Leven Thumps, #3)",Obert Skye,eng,3.97,11192
25624089,Killing Reagan: The Violent Assault That Changed a Presidency,"Bill O'Reilly, Martin Dugard",eng,4.08,9794
8046680,The Girl Who Was on Fire: Your Favorite Authors on Suzanne Collins' Hunger Games Trilogy,"Leah Wilson, Jennifer Lynn Barnes, Mary Borsellino, Sarah Rees Brennan, Terri  Clark, Bree Despain, Adrienne Kress, Sarah Darer Littman, Cara Lockwood, Elizabeth M. Rees, Carrie Ryan, Ned Vizzini, Lili Wilkinson, Blythe Woolston",en-US,4.28,10189
394683,A Bargain for Frances,"Russell Hoban, Lillian Hoban",eng,4.25,13135
15806231,"Calculated in Death (In Death, #36)",J.D. Robb,eng,4.23,12807
22929741,The Argonauts,Maggie Nelson,eng,3.99,11925
502295,Gonzo: The Life of Hunter S. Thompson,"Jann S. Wenner, Corey Seymour",en-US,4.07,9915
25664459,The Last Painting of Sara de Vos,Dominic Smith,eng,3.83,12029
29925715,The Sister,Louise Jensen,eng,3.77,11603
10421530,"Kiss of Frost (Mythos Academy, #2)",Jennifer Estep,,4.05,18386
920780,Duck On A Bike,David Shannon,eng,4.06,12461
10518423,The Soldier's Wife,Margaret Leroy,en-US,3.88,11421
17667561,"The Shadow Throne (The Ascendance Trilogy, #3)",Jennifer A. Nielsen,eng,4.23,15731
432,"City of Glass (The New York Trilogy, #1)",Paul Auster,eng,3.81,10157
87264,Memórias Póstumas de Brás Cubas,Machado de Assis,por,4.23,8306
7264206,"This Body of Death (Inspector Lynley, #16)",Elizabeth  George,en-US,4.01,12396
773514,"Emily Climbs (Emily, #2)",L.M. Montgomery,eng,4.14,15498
2152871,"Kushiel's Mercy (Imriel's Trilogy, #3)",Jacqueline Carey,en-US,4.3,13337
39933,How to Read Literature Like a Professor: A Lively and Entertaining Guide to Reading Between the Lines,Thomas C. Foster,en-US,3.63,12467
12040447,"Shadows in Flight (Ender's Shadow, #5)",Orson Scott Card,en-GB,3.76,11464
20705702,"Burn for Me (Hidden Legacy, #1)",Ilona Andrews,eng,4.34,17853
1689469,"Chasing Darkness (Elvis Cole, #12)",Robert Crais,en-US,4.18,11070
301023,"ttyl (Internet Girls, #1)",Lauren Myracle,en-US,3.46,14505
34548,If Chins Could Kill: Confessions of a B-Movie Actor,Bruce Campbell,,3.99,11853
1898916,"Vampire Knight, Vol. 4 (Vampire Knight, #4)","Matsuri Hino, Tomo Kimura",eng,4.31,13515
1821187,Train Dreams,"Denis Johnson, Bettina Abarbanell",ger,3.89,4886
16248196,The Art of Thinking Clearly,Rolf Dobelli,,3.79,8367
1296415,Mouse Paint,Ellen Stoll Walsh,eng,4.15,12839
13601550,"Accidentally on Purpose (Accidentally on Purpose, #1)",L.D. Davis,eng,3.94,16958
901680,Edvard Munch: 1863-1944 (Basic Art),Ulrich Bischoff,,4.07,8308
48697,Art in Theory 1900 - 2000: An Anthology of Changing Ideas,"Charles Harrison, Paul Wood",en-US,3.94,7861
9677870,Press Here,"Hervé Tullet, Christopher Franceschelli",en-US,4.44,15315
828483,"The Killing (Cherub, #4)",Robert Muchamore,eng,4.12,11584
43929,Darkest Fear (Myron Bolitar #7),Harlan Coben,eng,4.03,10955
724371,The Lady of Shalott,"Alfred Tennyson, Charles Keeping",en-US,4.17,14848
95661,"Revenge of the Wannabes (The Clique, #3)",Lisi Harrison,,3.76,12935
80449,On the Genealogy of Morals,"Friedrich Nietzsche, Douglas Smith",,4.1,9214
133017,Hellblazer: Original Sins,"Jamie Delano, John Ridgway, Alfredo Alcalá",eng,4.1,12881
10604115,Happy Accidents: A Memoir,"Jane Lynch, Lisa Dickey",,3.69,10824
25451852,"Dawn of Wonder (The Wakening, #1)",Jonathan Renshaw,eng,4.36,12166
13007638,"Celebrity in Death (In Death, #34)",J.D. Robb,eng,4.28,13182
21394850,أقوم قيلا,سلطان موسى الموسى,ara,3.99,9612
62032,"The 13½ Lives of Captain Bluebear (Zamonia, #1)","Walter Moers, John Brownjohn",eng,4.2,10560
530793,The Wives of Henry VIII,Antonia Fraser,,4.15,13159
10659536,Every Thing on It,Shel Silverstein,,4.39,11547
489972,The Snowman,Raymond Briggs,eng,4.28,13496
18655937,"Nash (Marked Men, #4)",Jay Crownover,,4.21,21213
13363270,"Just One Drop (The Grey Wolves, #3)",Quinn Loftis,en-GB,4.48,15606
61665,Billions & Billions: Thoughts on Life and Death at the Brink of the Millennium,"Carl Sagan, Ann Druyan",,4.26,10690
6433836,"Rough Country (Virgil Flowers, #3)",John Sandford,en-US,4.15,12594
46917,Rabbit Redux (Rabbit Angstrom #2),John Updike,eng,3.79,11051
78408,Lemony Snicket: The Unauthorized Autobiography (A Series of Unfortunate Events companion),Lemony Snicket,,3.72,14205
194618,"Ross Poldark (Poldark, #1)",Winston Graham,eng,4.11,5990
25663888,"Orphan X (Orphan X, #1)",Gregg Hurwitz,eng,4.08,10320
11757975,"The Look of Love (San Francisco Sullivans, #1; The Sullivans, #1)",Bella Andre,eng,3.87,18776
7940591,Blockade Billy,Stephen King,eng,3.4,12179
31271,The Matlock Paper,Robert Ludlum,eng,3.86,11118
736376,Breakfast with Buddha,Roland Merullo,en-US,3.82,8634
29022,The Twelve Caesars,"Suetonius, Michael Grant, Robert Graves",eng,4.05,11283
18039755,حوجن [Ḥawjan],"Ibraheem Abbas, إبراهيم عباس, Yasser Bahjatt",ara,3.75,10203
360562,"Sharpe's Rifles (Sharpe, #6)",Bernard Cornwell,eng,4.21,10342
192214,"Vector Prime (Star Wars: The New Jedi Order, #1)",R.A. Salvatore,eng,3.79,10769
24767,"Touching Darkness (Midnighters, #2)",Scott Westerfeld,en-US,3.89,16168
3545387,"Revenge of the Spellmans (The Spellmans, #3)",Lisa Lutz,en-US,4.14,14258
15811520,Detroit: An American Autopsy,Charlie LeDuff,eng,3.95,9860
93575,"Gaudy Night (Lord Peter Wimsey, #12)",Dorothy L. Sayers,eng,4.26,14750
17158532,"Kings Rising (Captive Prince, #3)",C.S. Pacat,eng,4.5,14210
18129852,"Rival (Fall Away, #2)","Penelope Douglas, Abby Craden, Nelson Hobbs",eng,4.16,21940
287861,"Mortal Engines (The Hungry City Chronicles, #1)",Philip Reeve,eng,3.98,12868
10399742,Private London (Private #4),"James Patterson, Mark Pearson",eng,3.75,9922
6659254,"Blood Cross (Jane Yellowrock, #2)",Faith Hunter,eng,4.13,16307
204479,"Spying in High Heels (High Heels, #1)",Gemma Halliday,eng,3.67,11034
776159,"The Lady in the Lake (Philip Marlowe, #4)",Raymond Chandler,eng,4.07,11613
232958,I Love You Through and Through,"Bernadette Rossetti-Shustak, Caroline Jayne Church",,4.39,10808
22571612,"Crash & Burn (Tessa Leoni, #3)",Lisa Gardner,eng,4.0,8644
616318,"Justice, Volume 1","Jim Krueger, Alex Ross, Doug Braithwaite",eng,4.14,10232
10084,"River of Blue Fire (Otherland, #2)",Tad Williams,eng,4.0,12015
295169,"The Wind Singer (Wind on Fire, #1)","William Nicholson, Peter Sís",eng,3.84,12654
93436,The End of Mr. Y,Scarlett Thomas,en-US,3.79,7920
587638,Gentlemen of the Road,"Michael Chabon, Gary Gianni",eng,3.42,10440
9476510,Those Guys Have All the Fun: Inside the World of ESPN,"James Andrew Miller, Tom Shales",en-US,3.69,9413
129984,Big Fish,Daniel Wallace,en-GB,3.64,11526
17936925,"Breakable (Contours of the Heart, #2)",Tammara Webber,eng,4.06,17319
15818333,The Death of Bees,Lisa O'Donnell,eng,3.81,11530
531421,Bella Tuscany,Frances Mayes,,3.74,10773
9526658,"Black Dawn (The Morganville Vampires, #12)",Rachel Caine,eng,4.26,14778
9670094,Through My Eyes,"Tim Tebow, Nathan Whitaker",en-US,3.92,8727
60932,"Parable of the Talents (Earthseed, #2)",Octavia E. Butler,eng,4.21,10500
16164271,"Locke & Key, Vol. 6: Alpha & Omega","Joe Hill, Gabriel Rodríguez",eng,4.5,14363
56674,"Empire of the Sun (Empire of the Sun, #1)",J.G. Ballard,,3.98,11185
1034605,The Country Mouse and the City Mouse; The Fox and the Crow; The Dog and His Bone,"Patricia M. Scarry, Richard Scarry",,4.28,11493
28239,Dark Star Safari: Overland from Cairo to Cape Town,Paul Theroux,en-US,3.96,9662
653711,"Crystal Singer (Crystal Singer, #1)",Anne McCaffrey,en-US,4.07,14864
13546173,"The Assassin and the Underworld (Throne of Glass, #0.4)",Sarah J. Maas,eng,4.37,17008
2865944,If You Give a Cat a Cupcake,"Laura Joffe Numeroff, Felicia Bond",,4.2,11948
11099729,Darth Plagueis,James Luceno,eng,4.07,9052
26072609,"The Rainbow Comes and Goes: A Mother and Son On Life, Love, and Loss","Anderson Cooper, Gloria Vanderbilt",eng,3.79,10758
23208397,Underground Airlines,Ben H. Winters,eng,3.88,9728
644655,"Raven Black (Shetland Island, #1)",Ann Cleeves,en-US,3.85,10617
12019355,"Infamous (Chronicles of Nick, #3)",Sherrilyn Kenyon,,4.36,8185
792938,Having Our Say: The Delany Sisters' First 100 Years,"Sarah L. Delany, A. Elizabeth Delany, Amy Hill Hearth",en-US,4.14,11668
1862313,Lush Life,Richard Price,eng,3.69,9478
152662,What's Eating Gilbert Grape,Peter Hedges,eng,4.1,11352
15723286,"Curtsies & Conspiracies (Finishing School, #2)",Gail Carriger,eng,4.11,15078
22551743,The Truth According to Us,Annie Barrows,eng,3.75,9815
11432,"Reunion (Redemption, #5)","Karen Kingsbury, Gary Smalley",en-US,4.49,11105
16256,"More Tales of the City (Tales of the City, #2)",Armistead Maupin,en-GB,4.18,9799
110871,Thérèse Raquin,"Émile Zola, Robin Buss",eng,3.71,10734
10209997,The Night Strangers,Chris Bohjalian,eng,3.16,12907
17557143,"The Billionaire's Obsession ~ Simon (The Billionaire's Obsession, #1)",J.S. Scott,eng,4.0,7492
28965131,Behind Her Eyes,Sarah Pinborough,eng,3.77,17944
129798,The King in Yellow and Other Horror Stories,"Robert W. Chambers, E.F. Bleiler",eng,3.57,5719
77427,H.M.S. Surprise,Patrick O'Brian,eng,4.42,10513
665,The Virtue of Selfishness: A New Concept of Egoism,"Ayn Rand, Nathaniel Branden",eng,3.47,10198
2449962,"Twenty Wishes (Blossom Street, #5)",Debbie Macomber,eng,4.16,12324
3479967,Through Black Spruce,Joseph Boyden,en-US,4.11,10305
6928893,One Good Dog,Susan  Wilson,en-US,4.07,10379
15050,Sexing the Cherry,Jeanette Winterson,eng,3.83,10450
6674372,The Murderer's Daughters,Randy Susan Meyers,en-US,3.68,10567
1158706,"Strangers in Death (In Death, #26)",J.D. Robb,eng,4.29,15651
10929432,"The Archived (The Archived, #1)",Victoria Schwab,eng,4.02,16580
251446,Glengarry Glen Ross,David Mamet,eng,3.95,11636
10506,The Island of the Day Before,Umberto Eco,,3.43,9723
25332115,The Sound of Gravel,Ruth Wariner,eng,4.15,12045
194870,The Complete Adventures of Peter Rabbit,Beatrix Potter,eng,4.46,13271
1275105,A Charlie Brown Christmas,Charles M. Schulz,,4.48,11639
280958,"Sin City: Una Dura Despedida, #1 de 3",Frank Miller,,4.21,9115
3115070,"Hostage to Pleasure (Psy-Changeling, #5)",Nalini Singh,en-US,4.22,19705
385255,"Random Family: Love, Drugs, Trouble, and Coming of Age in the Bronx",Adrian Nicole LeBlanc,en-US,4.23,9053
42641,Resurrection,"Leo Tolstoy, Louise Maude, Aylmer Maude",eng,4.1,9482
8643407,"Hard Magic (Grimnoir Chronicles, #1)",Larry Correia,eng,4.13,10808
6878614,"Storm Prey (Lucas Davenport, #20)",John Sandford,,4.15,11566
214333,The Case for a Creator: A Journalist Investigates Scientific Evidence That Points Toward God,Lee Strobel,,4.1,9216
11737387,"Fated (Alex Verus, #1)",Benedict Jacka,eng,3.89,12609
16077150,Instructions for a Heatwave,Maggie O'Farrell,en-GB,3.62,9071
12022496,"Victims (Alex Delaware, #27)",Jonathan Kellerman,eng,3.94,10482
21530229,"The Job (Fox and O'Hare, #3)","Janet Evanovich, Lee Goldberg",eng,3.95,11337
25222064,"Old School (Diary of a Wimpy Kid, #10)",Jeff Kinney,eng,4.28,11836
31194270,"Evelyn, After",Victoria Helen Stone,en-CA,3.64,9255
751635,The Skin I'm In,Sharon G. Flake,eng,4.13,9634
16065538,The Eye of God (Sigma Force #9),James Rollins,eng,4.11,9389
28922,An Artist of the Floating World,Kazuo Ishiguro,eng,3.72,10430
1528410,Night Train to Lisbon,"Pascal Mercier, Barbara Harshav",eng,3.7,7838
18052985,"Romancing the Duke (Castles Ever After, #1)",Tessa Dare,eng,3.91,15558
25176,"The Man With a Load of Mischief (Richard Jury, #1)",Martha Grimes,eng,4.01,11947
11714997,"The Underworld (Fallen Star, #2)",Jessica Sorensen,eng,4.12,11604
2372,"The Path Between the Seas: The Creation of the Panama Canal, 1870-1914",David McCullough,eng,4.19,9349
26116430,LaRose,Louise Erdrich,eng,3.86,9136
17978144,Before We Met,Lucie Whitehouse,eng,3.43,7826
2187270,Waiter Rant: Thanks for the Tip-Confessions of a Cynical Waiter,"The Waiter, Steve Dublanica",eng,3.49,10341
15728721,"Two Ravens and One Crow (The Iron Druid Chronicles, #4.5)",Kevin Hearne,eng,4.2,11562
296264,The Black Arrow,Robert Louis Stevenson,eng,3.81,12298
7997069,"Dead or Alive (Jack Ryan Universe, #13)","Tom Clancy, Grant Blackwood",eng,3.79,10644
563458,"Fallen Hearts (Casteel, #3)",V.C. Andrews,eng,3.89,12450
185289,"Dragon Prince (Dragon Prince, #1)",Melanie Rawn,eng,3.94,12739
7099389,"The Burning Wire (Lincoln Rhyme, #9)",Jeffery Deaver,en-US,4.04,11376
166101,"River, Cross My Heart",Breena Clarke,eng,3.47,11642
109499,Lies Women Believe: And the Truth that Sets Them Free,"Nancy Leigh DeMoss, Elisabeth Elliot",eng,4.1,9714
194808,To Build a Fire,Jack London,eng,3.92,12133
95659,"Invasion of the Boy Snatchers (The Clique, #4)",Lisi Harrison,,3.79,13093
4660,The 158-Pound Marriage,John Irving,en-US,3.22,10532
6150530,Free: The Future of a Radical Price,Chris Anderson,en-US,3.83,10607
769712,Palestine,"Joe Sacco, Edward Said",eng,4.2,9823
198511,Dear Theo,"Vincent van Gogh, Irving Stone, Jean   Stone",en-US,4.09,9121
15732712,One Hundred Names,Cecelia Ahern,eng,3.75,10994
78960,"Good Wives (Little Women, #1.5)",Louisa May Alcott,,3.92,13964
16248223,The Ghost Bride,Yangsze Choo,eng,3.74,11645
34941,Star Wars - Episode I: The Phantom Menace,"Terry Brooks, George Lucas",eng,3.55,11602
13096848,"Avatar: The Last Airbender (The Promise, #2)","Gene Luen Yang, Michael Dante DiMartino, Gurihiru, Bryan Konietzko",eng,4.43,12220
23844390,The Pact,Karina Halle,eng,3.91,13354
266765,"Girls in Love (Girls, #1)",Jacqueline Wilson,eng,3.53,11953
294613,Little Bear's Friend,"Else Holmelund Minarik, Maurice Sendak",,4.3,12446
254799,The Creative Habit: Learn It and Use It for Life,Twyla Tharp,eng,4.0,12838
3243517,رأيت رام الله,"Mourid Barghouti, مريد البرغوثي",ara,4.15,8602
10429025,"A Beautiful Dark (A Beautiful Dark, #1)",Jocelyn Davies,en-US,3.9,16529
18889,"Lady of Avalon (Avalon, #3)","Marion Zimmer Bradley, Diana L. Paxson",eng,3.88,12663
15985392,"Threat Vector (Jack Ryan Universe, #15)","Tom Clancy, Mark Greaney",en-US,4.1,8320
829313,Miles: The Autobiography,"Miles Davis, Quincy Troupe",en-US,4.18,8827
816752,"The Castle in the Attic (The Castle in the Attic, #1)",Elizabeth Winthrop,eng,3.96,14611
6303704,Does the Noise in My Head Bother You?,Steven Tyler,en-US,3.47,9312
11985631,"The Sworn Sword (The Tales of Dunk and Egg, #2)",George R.R. Martin,eng,4.07,11291
2230284,"The Broken Window (Lincoln Rhyme, #8)",Jeffery Deaver,eng,4.07,11706
11851522,The Complete Works of H.P. Lovecraft,H.P. Lovecraft,eng,4.34,9473
22431039,"Beautiful Secret (Beautiful Bastard, #4)",Christina Lauren,eng,4.13,17215
17707654,"Dust (Kay Scarpetta, #21)",Patricia Cornwell,eng,3.53,9402
143513,The Three Sisters,Anton Chekhov,eng,3.76,10688
107670,"Evil Star (The Gatekeepers, #2)",Anthony Horowitz,,3.98,12391
21411887,"You Were Mine (Rosemary Beach, #9)",Abbi Glines,eng,4.26,17714
40313,Full Tilt (Full #2),"Janet Evanovich, Charlotte Hughes",en-US,3.7,14923
3173125,Beat the Reaper (Peter Brown #1),Josh Bazell,en-US,3.79,10987
284195,Nantucket Nights,Elin Hilderbrand,,3.64,9825
99218,"The Machine Crusade (Legends of Dune, #2)","Brian Herbert, Kevin J. Anderson",eng,3.73,10126
99452,"Ogre, Ogre (Xanth #5)",Piers Anthony,,3.73,13795
892295,The Annotated Sherlock Holmes: The Four Novels and the Fifty-Six Short Stories Complete (2 Volume Set),"Arthur Conan Doyle, William S. Baring-Gould",,4.58,9551
18693621,"Devil's Game (Reapers MC, #3)",Joanna Wylde,eng,4.3,20085
8793878,"The Keeping (Law of the Lycans, #3)",Nicky Charles,eng,4.18,12852
760205,There's a Nightmare in My Closet,Mercer Mayer,,4.22,13413
20768868,"Flesh and Blood (Kay Scarpetta, #22)",Patricia Cornwell,eng,3.67,8447
441618,Breaking Free: Discover the Victory of Total Surrender,Beth Moore,,4.43,9922
132609,Where's Spot?,Eric Hill,eng,4.05,13105
25772000,Cocky Bastard,"Penelope Ward, Vi Keeland",eng,4.18,14964
78674,"Out to Canaan (Mitford Years, #4)",Jan Karon,eng,4.28,12491
2235597,"The Dangerous Days of Daniel X (Daniel X, #1)","James Patterson, Michael Ledwidge",en-US,3.57,14222
10868182,"The Hidden Child (Patrik Hedström, #5)","Camilla Läckberg, Tiina Nunnally",,3.94,7998
122212,Waiting to Exhale (Waiting To Exhale #1),Terry McMillan,,3.94,11315
8369681,Prom and Prejudice,Elizabeth Eulberg,eng,3.82,16286
13074,Strip Tease,Carl Hiaasen,en-US,3.82,11308
22175,Strange Pilgrims,Gabriel García Márquez,,4.02,5911
760110,"Jedi Search (Star Wars: The Jedi Academy Trilogy, #1)",Kevin J. Anderson,eng,3.64,12686
456057,"Showdown (Paradise, #1)",Ted Dekker,eng,3.93,11122
16299341,"Thankless in Death (In Death, #37)",J.D. Robb,eng,4.28,11740
46460,Call for the Dead,John le Carré,,3.77,9611
7999,"Marlfox (Redwall, #11)",Brian Jacques,,3.99,13426
14028,Snow Country,"Yasunari Kawabata, Edward G. Seidensticker",eng,3.7,9942
122574,Getting Stoned with Savages: A Trip Through the Islands of Fiji and Vanuatu,J. Maarten Troost,,3.86,10292
66470,"Chromosome 6 (Jack Stapleton & Laurie Montgomery, #3)",Robin Cook,en-US,3.89,11572
893731,Big Trouble,Dave Barry,eng,3.81,10954
17877,The House of the Dead,"Fyodor Dostoyevsky, Ergin Altay",eng,4.03,8354
342667,"A Total Waste of Makeup (Charlize Edwards, #1)",Kim Gruenenfelder,,3.69,10464
1045757,"Once (Once, #1)",Morris Gleitzman,,4.2,11045
47922,"Because I'm Worth It (Gossip Girl, #4)",Cecily von Ziegesar,,3.57,13443
20820995,"Deadline (Virgil Flowers, #8)",John Sandford,,4.19,8057
9893355,"Stunning (Pretty Little Liars, #11)",Sara Shepard,en-US,3.95,13636
481462,The Howling,Gary Brandner,eng,3.92,10414
239917,Sign of the Unicorn (The Chronicles of Amber #3),Roger Zelazny,en-US,4.14,12510
3276072,Scat,Carl Hiaasen,en-US,3.94,13291
22304,Life After God,Douglas Coupland,eng,3.82,8659
12786,The City of Falling Angels,John Berendt,eng,3.52,11333
12598982,Afterwards,Rosamund Lupton,,3.79,11041
1667423,Autumn in Paris,Ilana Tan,ind,4.07,9355
50453,Hot Water Music,Charles Bukowski,en-US,3.93,8815
37619,"Warlock (Ancient Egypt, #3)",Wilbur Smith,eng,4.02,9718
21531503,What I Know for Sure,Oprah Winfrey,eng,4.12,9006
8575295,"Wisdom (My Blood Approves, #4)",Amanda Hocking,eng,4.04,12933
13547234,The Testament of Mary,Colm Tóibín,,3.61,9050
17406847,"Defy (Defy, #1)",Sara B. Larson,eng,3.74,15160
31493,"Standing in the Rainbow (Elmwood Springs, #2)",Fannie Flagg,eng,4.02,11856
817199,Maitreyi,Mircea Eliade,rum,3.92,11079
13051316,The Misremembered Man (Tailorstown #1),Christina McKenna,eng,3.72,5804
4599,Carter Beats the Devil,Glen David Gold,eng,4.09,10000
436806,Story of the Eye,"Georges Bataille, Joachim Neugroschel, Dovid Bergelson",eng,3.71,9227
4609710,"Knit Two (Friday Night Knitting Club, #2)",Kate Jacobs,en-US,3.47,11843
95144,In the Night Kitchen,Maurice Sendak,eng,4.06,13263
11446,"Will You Please Be Quiet, Please?",Raymond Carver,eng,4.29,8568
46201,The Selected Poetry of Rainer Maria Rilke,"Rainer Maria Rilke, Stephen Mitchell, Robert Hass",mul,4.4,11223
8843801,"Eternal Rider (Lords of Deliverance, #1, Demonica, #6)",Larissa Ione,eng,4.21,18214
105189,The Story of a Shipwrecked Sailor,"Gabriel García Márquez, Randolph Hogan",eng,3.73,5354
18079757,"Concealed in Death (In Death, #38)",J.D. Robb,eng,4.25,10444
131830,"Women's Bodies, Women's Wisdom: Creating Physical and Emotional Health and Healing",Christiane Northrup,,4.32,9867
37298,"Mind Prey (Lucas Davenport, #7)",John Sandford,en-US,4.19,12833
24961531,The Color of Secrets,Lindsay Ashford,,3.85,9477
209966,"Planetary, Volume 1: All Over the World and Other Stories","Warren Ellis, John Cassaday",eng,4.21,11808
17926775,"Stolen Songbird (The Malediction Trilogy, #1)",Danielle L. Jensen,eng,3.97,15026
13167847,Most Talkative: Stories from the Front Lines of Pop Culture,Andy Cohen,,3.79,9789
228194,"The Green Mile, Part 2: The Mouse on the Mile",Stephen King,eng,4.47,11985
43345,A Cry In The Night,Mary Higgins Clark,eng,3.84,12157
100322,Assata: An Autobiography,"Assata Shakur, Angela Y. Davis, Lennox S. Hinds",eng,4.48,10518
32636,"Days of Magic, Nights of War (Abarat, #2)",Clive Barker,en-US,4.2,10755
789559,The Three Billy Goats Gruff,"Paul Galdone, Peter Christen Asbjørnsen",eng,4.14,12918
17166702,True Love Story,Willow Aster,eng,4.08,18327
27423283,The Moonlit Garden,"Corina Bomann, Alison Layland",eng,3.74,10944
6452806,True Compass: A Memoir,Edward M. Kennedy,en-US,3.99,10111
3760,"Diamonds Are Forever (James Bond, #4)",Ian Fleming,eng,3.59,10205
2978,Lost Horizon,James Hilton,,3.9,10907
23492288,"Hidden Bodies (You, #2)",Caroline Kepnes,eng,3.87,11777
349929,Passing,"Nella Larsen, Ntozake Shange, Thadious M. Davis",eng,3.8,10544
47701,"InterWorld (InterWorld, #1)","Neil Gaiman, Michael Reaves",en-US,3.51,12419
23232,The Realm of Possibility,David Levithan,en-US,3.94,13390
428223,The Invisible Wall: A Love Story That Broke Barriers,Harry Bernstein,en-US,4.07,9715
7507908,The Replacement,Brenna Yovanoff,en-US,3.56,15945
6713071,Last Words,"George Carlin, Tony Hendra",en-US,4.04,9246
8701960,"The Information: A History, a Theory, a Flood",James Gleick,eng,3.98,9874
96642,Rocket Boys (Coalwood #1),Homer Hickam,,4.18,8768
278102,Kaleidoscope,Danielle Steel,fre,3.88,11207
19001,A Perfect Spy,John le Carré,,3.99,10901
2049,"The High Window (Philip Marlowe, #3)",Raymond Chandler,eng,4.08,11080
15985372,"Affliction (Anita Blake, Vampire Hunter #22)",Laurell K. Hamilton,en-US,4.01,13828
12390650,"Wildest Dreams (Fantasyland, #1)",Kristen Ashley,eng,4.19,19790
168569,"Sudden Prey (Lucas Davenport, #8)",John Sandford,eng,4.15,12408
95602,Mark of the Lion Trilogy,Francine Rivers,en-US,4.76,9081
198863,"Screw It, Let's Do It: Lessons In Life",Richard Branson,,3.93,7866
25052,"Mrs. Piggle-Wiggle's Magic (Mrs. Piggle Wiggle, #2)","Betty MacDonald, Alexandra Boiger",eng,4.17,11756
6328,Revolting Rhymes,"Roald Dahl, Quentin Blake",,4.13,12674
459386,"The Mermaids Singing (Tony Hill & Carol Jordan, #1)",Val McDermid,eng,3.98,11562
121715,The Weight of Glory,C.S. Lewis,eng,4.41,9835
114141,Sanctuary,Nora Roberts,eng,3.87,14219
241934,"Sunset Express (Elvis Cole, #6)",Robert Crais,eng,4.17,10496
23355896,"The Bourbon Kings (The Bourbon Kings, #1)",J.R. Ward,eng,3.87,11476
296298,The Guns of Navarone,Alistair MacLean,,4.12,11501
3762,"On Her Majesty's Secret Service (James Bond, #11)",Ian Fleming,eng,3.94,11612
239509,Women Who Love Too Much: When You Keep Wishing and Hoping He'll Change,Robin Norwood,en-US,3.98,7903
1251032,Hero,Perry Moore,eng,3.88,13464
41918,There are No Children Here: The Story of Two Boys Growing Up in the Other America,Alex Kotlowitz,eng,4.25,10312
16333,"At Bertram's Hotel (Miss Marple, #11)",Agatha Christie,eng,3.7,14221
24465724,"Happily Ever After (The Selection, #0.4, 0.5, 2.5, 2.6)",Kiera Cass,eng,4.22,15230
119247,The Great Brain (Great Brain #1),"John D. Fitzgerald, Mercer Mayer",eng,4.16,13422
1891296,"The Fire Eternal (The Last Dragon Chronicles, #4)",Chris d'Lacey,en-GB,3.99,11259
107773,"Mercy (Buchanan-Renard, #2)",Julie Garwood,eng,4.11,14108
269795,The Commitments,Roddy Doyle,eng,3.95,11215
6855294,Tell-All,Chuck Palahniuk,,2.84,9733
170529,What My Mother Doesn't Know (What My Mother Doesn't Know #1),Sonya Sones,eng,3.83,12388
6691426,"Angelology (Angelology, #1)",Danielle Trussoni,eng,3.41,12377
67657,The Lady & Sons Savannah Country Cookbook,"Paula H. Deen, John Berendt",,4.0,10026
23885,No One Writes to the Colonel and Other Stories,"Gabriel García Márquez, J.S. Bernstein",,3.86,10480
158141,Wiseguy,Nicholas Pileggi,en-US,4.14,8715
22420,"Transmetropolitan, Vol. 5: Lonely City (Transmetropolitan, #5)","Warren Ellis, Darick Robertson, Rodney Ramos, Patrick Stewart",eng,4.4,10390
15762186,"Benediction (Plainsong, #3)",Kent Haruf,eng,3.97,10214
300905,سمفونی مردگان,عباس معروفی,per,4.08,6980
420739,After the Night,Linda Howard,en-GB,4.1,17345
6193923,"Evil at Heart (Archie Sheridan & Gretchen Lowell, #3)",Chelsea Cain,eng,4.03,10884
22635858,The Bookseller,Cynthia Swanson,eng,3.66,9818
925367,The Climb: Tragic Ambitions on Everest,"Anatoli Boukreev, G. Weston DeWalt",,3.89,9584
15810910,"The Thousand Names (The Shadow Campaigns, #1)",Django Wexler,en-CA,4.04,9926
246546,An Old-Fashioned Girl,Louisa May Alcott,,4.05,12818
23714544,"Beautiful Burn (The Maddox Brothers, #4)",Jamie McGuire,eng,4.11,11884
836606,"Fruits Basket, Vol. 2","Natsuki Takaya, Alethea Nibley, Athena Nibley",en-US,4.34,15859
51364,Misquoting Jesus: The Story Behind Who Changed the Bible and Why,Bart D. Ehrman,en-US,3.91,10075
33288638,Wait for It,Mariana Zapata,eng,4.22,18371
13658,"The Other Wind (Earthsea Cycle, #6)",Ursula K. Le Guin,en-GB,4.06,11325
6497645,"The Paris Vendetta (Cotton Malone, #5)","Steve Berry, Scott Brick",en-US,3.9,11263
22535533,Moriarty (Sherlock Holmes #2),Anthony Horowitz,eng,3.74,8376
82397,Richard II,"William Shakespeare, Roma Gill, Robert          Jackson",,3.76,10265
774060,Prisoner of My Desire,Johanna Lindsey,,4.06,13391
80631,Blood Memory,Greg Iles,eng,4.09,10938
119239,Selected Poems,"George Gordon Byron, Peter J. Manning, Susan J. Wolfson",eng,4.05,10630
18089975,After I'm Gone,Laura Lippman,eng,3.61,10905
3925836,Shadows of the Workhouse,Jennifer Worth,eng,4.12,8094
47780,Hunting and Gathering,"Anna Gavalda, Alison Anderson",en-US,4.1,7318
762462,One Up On Wall Street: How To Use What You Already Know To Make Money In The Market,"Peter Lynch, John Rothchild",en-US,4.12,10563
422452,Against a Dark Background,Iain M. Banks,en-GB,4.09,10679
7897620,I Still Dream About You,Fannie Flagg,en-US,3.55,11230
2677,A Modest Proposal and Other Satirical Works,Jonathan Swift,eng,4.04,12499
60551,The Book on the Taboo Against Knowing Who You Are,Alan W. Watts,,4.28,9811
85679,Mother Courage and Her Children,"Bertolt Brecht, David Hare",eng,3.66,9705
10357792,"Up from the Grave (Night Huntress, #7)",Jeaniene Frost,eng,4.28,19059
1210754,"Sun and Moon, Ice and Snow",Jessica Day George,en-US,3.97,17095
17570538,"The Blood Mirror (Lightbringer, #4)",Brent Weeks,eng,4.29,4528
7203669,Galveston,Nic Pizzolatto,eng,3.72,7601
12065943,Extra Yarn (E. B. White Read-Aloud Award. Picture Books),"Mac Barnett, Jon Klassen",eng,4.07,12679
10306358,We the Animals,Justin Torres,eng,3.61,10616
2067,Breaking the Spell: Religion as a Natural Phenomenon,Daniel C. Dennett,en-US,3.89,8381
765427,The Faerie Queene ,"Edmund Spenser, Thomas P. Roche, C. Patrick O'Donnell",eng,3.55,13239
8142508,"Her Daughter's Dream (Marta's Legacy, #2)",Francine Rivers,en-US,4.34,10703
15752757,"Rock Chick Revolution (Rock Chick, #8)",Kristen Ashley,eng,4.46,19965
17225311,Tampa,Alissa Nutting,,3.34,9662
25148,The Fuck-Up,Arthur Nersesian,en-US,3.56,8980
105744,"Meg (MEG, #1)",Steve Alten,eng,3.76,9946
289695,"Seeing Redd (The Looking Glass Wars, #2)",Frank Beddor,en-US,3.85,14540
126583,Appointment in Samarra,John O'Hara,eng,3.83,10663
833550,Each Peach Pear Plum,"Janet Ahlberg, Allan Ahlberg",eng,4.24,12747
17255186,"The Phoenix Project: A Novel About IT, DevOps, and Helping Your Business Win","Gene Kim, Kevin Behr, George Spafford",en-GB,4.24,7311
17287009,Humans of New York,Brandon Stanton,eng,4.5,12614
10508526,The Chronicles of Harris Burdick: 14 Amazing Authors Tell the Tales,"Chris Van Allsburg, Lois Lowry, Kate DiCamillo, M.T. Anderson, Louis Sachar, Stephen King, Tabitha King, Jon Scieszka, Sherman Alexie, Gregory Maguire, Cory Doctorow, Jules Feiffer, Linda Sue Park, Walter Dean Myers, Lemony Snicket",en-US,3.91,13207
47304,The Freedom Writers Diary,"Erin Gruwell, Zlata Filipović, The Freedom Writers",eng,4.09,10567
2120783,The Post-American World,Fareed Zakaria,eng,3.86,8753
1823,Them: Adventures with Extremists,Jon Ronson,en-US,3.94,9081
15161,The Ladies of Grace Adieu and Other Stories,"Susanna Clarke, Charles Vess",en-US,3.85,12150
8281069,The Unofficial Harry Potter Cookbook: From Cauldron Cakes to Knickerbocker Glory--More Than 150 Magical Recipes for Wizards and Non-Wizards Alike (Unofficial Cookbook),Dinah Bucholz,,4.1,10643
22609522,"Red Notice: A True Story of High Finance, Murder, and One Man’s Fight for Justice",Bill Browder,en-GB,4.39,8729
621,The Automatic Millionaire: A Powerful One-Step Plan to Live and Finish Rich,David Bach,,3.9,10091
9415951,Forgotten,Cat Patrick,eng,3.79,14045
13153693,Ghettoside: A True Story of Murder in America,Jill Leovy,,4.12,8969
227570,Lady Cottington's Pressed Fairy Book,"Terry Jones, Brian Froud",eng,3.99,11518
18404248,That Night,Chevy Stevens,eng,3.92,11318
1331653,Salmon Fishing in the Yemen,Paul Torday,eng,3.51,9299
392563,The Rest Is Noise: Listening to the Twentieth Century,Alex  Ross,eng,4.08,9316
10801027,"Cross My Heart (Cross My Heart, #1)",Katie Klein,eng,3.92,17479
9403947,Something like Normal,Trish Doller,eng,3.81,15206
18213403,"No Place to Hide: Edward Snowden, the NSA, and the U.S. Surveillance State",Glenn Greenwald,eng,4.08,8366
40293,Pastwatch: The Redemption of Christopher Columbus,Orson Scott Card,en-US,3.96,11922
32529,"The Next Accident (Quincy & Rainie, #3)",Lisa Gardner,en-US,4.16,11261
46292,The Divan,Hafez,eng,4.63,2773
98250,Once a Runner,John L. Parker Jr.,,4.05,8106
8879121,"Zita the Spacegirl (Zita the Spacegirl, #1)",Ben Hatke,eng,4.04,10832
32812,"Paradiso (The Divine Comedy, #3)","Dante Alighieri, Dorothy L. Sayers, Barbara Reynolds",eng,3.94,9701
72148,Restless,William  Boyd,eng,3.84,9308
633270,"The Ear, the Eye, and the Arm",Nancy Farmer,,3.85,12389
11784281,"Take This Regret (Take This Regret, #1)","Amy Lichtenhan, A.L. Jackson",eng,4.06,19241
125542,"Stay Out of the Basement  (Goosebumps, #2)",R.L. Stine,,3.64,11685
28240855,The Girl You Lost,Kathryn Croft,eng,3.89,11760
18071296,Willing Captive,Belle Aurora,eng,4.11,18854
125540,"One Day at Horrorland (Goosebumps, #16)",R.L. Stine,,3.87,11534
6055063,The Sweet Life in Paris: Delicious Adventures in the World's Most Glorious - and Perplexing - City,David Lebovitz,eng,3.85,9754
17331828,"Talon (Talon, #1)",Julie Kagawa,eng,3.77,15818
24473763,"Radiance (Wraith Kings, #1)",Grace Draven,eng,4.12,13105
12878667,The Red House,Mark Haddon,eng,2.93,10621
116356,Footfall,"Larry Niven, Jerry Pournelle",,3.89,11054
7818881,"Twelfth Grade Kills (The Chronicles of Vladimir Tod, #5)",Heather Brewer,eng,4.36,13282
149621,Ice Station Zebra,Alistair MacLean,eng,3.95,12689
4059448,A. Lincoln,Ronald C. White Jr.,en-US,4.22,8890
58033,Four Great Tragedies: Hamlet / Othello / King Lear / Macbeth,"William Shakespeare, Sylvan Barnet, Alvin Kernan, Russell Fraser",en-US,4.41,12700
373606,Ain't She Sweet,Susan Elizabeth Phillips,en-GB,4.05,15890
21795430,"Promised (One Night, #1)",Jodi Ellen Malpas,eng,4.14,16727
1931915,Bruiser,Neal Shusterman,en-US,4.04,12499
331701,Stone Soup,Jon J. Muth,,4.15,12956
61915,"Falling Free (Vorkosigan Saga, #4)",Lois McMaster Bujold,eng,3.82,12258
21873331,"If I Stay Collection (If I Stay, #1-2)",Gayle Forman,eng,4.24,7823
93808,"The Cold Moon (Lincoln Rhyme, #7)",Jeffery Deaver,en-US,4.05,11231
9865,The Moor's Last Sigh,Salman Rushdie,eng,3.92,9459
8584913,"The Dressmaker of Khair Khana: Five Sisters, One Remarkable Family, and the Woman Who Risked Everything to Keep Them Safe",Gayle Tzemach Lemmon,eng,3.69,10365
45760,Girl With Curious Hair,David Foster Wallace,,3.89,5434
39664,Rita Hayworth and Shawshank Redemption: A Story from Different Seasons,Stephen King,eng,4.52,11499
8570787,Drop Dead Healthy: One Man's Humble Quest for Bodily Perfection,A.J. Jacobs,eng,3.75,10831
121792,The Revenge of the Baby-Sat,Bill Watterson,,4.71,11503
162823,The Case-Book of Sherlock Holmes,Arthur Conan Doyle,eng,4.2,11535
2508164,"Ghostgirl (Ghostgirl, #1)",Tonya Hurley,eng,3.28,13779
18143968,"I've Got You Under My Skin (Under Suspicion, #1)","Mary Higgins Clark, Alafair Burke",eng,3.75,8882
2147714,"Fables, Vol. 10: The Good Prince","Bill Willingham, Mark Buckingham, Steve Leialoha, Aaron Alexovich, Andrew Pepoy",eng,4.37,13566
1268348,The Secret Between Us,Barbara Delinsky,,3.71,12168
981161,Red Phoenix (Red Phoenix #1),"Larry Bond, Patrick Larkin",eng,3.98,10098
6678884,Never Look Away,Linwood Barclay,eng,3.99,10893
2983562,Your Heart Belongs to Me,Dean Koontz,eng,3.34,12456
32428,Shadow Fires,"Leigh Nichols, Dean Koontz",eng,3.77,9490
891593,"Victory of Eagles (Temeraire, #5)",Naomi Novik,en-GB,4.01,11444
300044,"Knife Edge (Noughts & Crosses, #2)",Malorie Blackman,,4.06,11696
15818164,"The Blood Gospel (The Order of the Sanguines, #1)","James Rollins, Rebecca Cantrell",en-CA,3.97,10424
18110808,"Fallen Crest Public (Fallen Crest High, #3)",Tijan,eng,4.47,15319
109520,I Am Not Myself These Days,Josh Kilmer-Purcell,eng,3.96,9963
9757266,Sometimes It Happens,Lauren Barnholdt,en-US,3.85,11911
13030356,"Bones Are Forever (Temperance Brennan, #15)",Kathy Reichs,eng,3.86,12132
8087,Deerskin,Robin McKinley,en-US,3.88,15982
4339,Dispatches,Michael Herr,en-GB,4.24,10383
8755555,"The Troubled Man (Kurt Wallander, #10)","Henning Mankell, Laurie Thompson",eng,3.98,9252
292740,Sleepers,Lorenzo Carcaterra,eng,4.18,9560
2474084,"The Work of Art in the Age of Its Technological Reproducibility, and Other Writings on Media","Walter Benjamin, Michael W. Jennings, Brigid Doherty, Edmund F.N. Jephcott, Rodney Livingstone, Howard Eiland, Thomas Y. Levin",eng,4.05,9875
43357,Pretend You Don't See Her,Mary Higgins Clark,eng,3.86,12508
6922622,Going Rogue: An American Life,"Sarah Palin, Lynn Vincent, Dewey Whetsell",eng,3.28,10392
402017,The Cake Mix Doctor,"Anne Byrn, Anthony Loew",,3.95,9660
6457229,"The Monstrumologist (The Monstrumologist, #1)",Rick Yancey,eng,3.89,12547
86524,"The Path to Power (The Years of Lyndon Johnson, #1)",Robert A. Caro,eng,4.42,10779
24903919,"Depraved Heart (Kay Scarpetta, #23)",Patricia Cornwell,,3.58,6609
116236,The Education of Little Tree,Forrest Carter,,4.09,10632
6344423,"Intertwined (Intertwined, #1)",Gena Showalter,eng,3.87,16399
46182,In Watermelon Sugar,Richard Brautigan,eng,4.02,8532
13580846,My Life with the Walter Boys (My Life with the Walter Boys #1),"Ali Novak, Fallzswimmer",eng,3.93,13515
71869,"Burning For Revenge (Tomorrow, #5)",John Marsden,eng,4.18,11616
7967299,Love You to Death: The Unofficial Companion to the Vampire Diaries,Crissy Calhoun,en-US,4.38,8458
18906484,The Husband's Secret Free Preview,Liane Moriarty,eng,3.99,8424
9182478,"Hourglass (Hourglass, #1)",Myra McEntire,eng,3.8,17572
760025,Positioning: The Battle for Your Mind: How to Be Seen and Heard in the Overcrowded Marketplace,"Al Ries, Jack Trout",,4.06,9344
7831145,Play of Passion (Psy-Changeling #9),Nalini Singh,eng,4.28,17970
12063467,"Fury (New Species, #1)",Laurann Dohner,eng,4.18,18050
39916,Epileptic,David B.,eng,3.9,10414
2437710,August: Osage County,Tracy Letts,eng,4.2,11023
10090,"Mountain of Black Glass (Otherland, #3)",Tad Williams,en-US,4.04,11576
10161216,"Mr. Churchill's Secretary (Maggie Hope Mystery, #1)",Susan Elia MacNeal,eng,3.66,12631
24929,Lost,"Gregory Maguire, Douglas Smith",eng,2.8,12534
239239,The Prestige,Christopher Priest,eng,3.87,11701
1503274,Rhett Butler's People,Donald McCaig,,3.7,12299
72003,Angels in America,Tony Kushner,eng,4.29,10271
5942,Anil's Ghost,Michael Ondaatje,eng,3.54,11184
268559,Winter Moon,Dean Koontz,eng,3.8,12843
20603820,"The Will (Magdalene, #1)",Kristen Ashley,eng,4.3,11969
20706320,"A Grimm Warning (The Land of Stories, #3)","Chris Colfer, Brandon Dorman",eng,4.54,13695
21483760,"Spell or High Water (Magic 2.0, #2)",Scott  Meyer,eng,4.01,8318
12583975,"The Billionaire Wins the Game (Billionaire Bachelors, #1)",Melody Anne,eng,3.93,11562
10378106,"Never Love a Highlander (McCabe Trilogy, #3)",Maya Banks,eng,4.25,17359
4099,The Pragmatic Programmer: From Journeyman to Master,"Andrew Hunt, Dave Thomas",en-US,4.31,9416
1421046,Supernova: Petir,Dee Lestari,ind,3.85,7068
25877663,"Babylon's Ashes (The Expanse, #6)",James S.A. Corey,eng,4.18,8397
15762975,"Wrong Bed, Right Guy (Come Undone, #1)",Katee Robert,eng,3.77,17710
24724,Drop City,"T.C. Boyle, Richard Poe",eng,3.83,9313
3710603,Y: The Last Man - The Deluxe Edition Book One,"Brian K. Vaughan, Pia Guerra, José Marzán Jr., Pamela Rambo, Clem Robins, J.G. Jones",eng,4.36,10368
29486,Candy Girl: A Year in the Life of an Unlikely Stripper,Diablo Cody,en-US,3.54,10669
3491072,حول العالم في 200 يوم,أنيس منصور,ara,4.08,8630
24396884,"Alert (Michael Bennett, #8)","James Patterson, Michael Ledwidge",eng,3.93,6976
16114862,"Unattainable (Undeniable, #3)",Madeline Sheehan,eng,4.31,18690
18310201,The Painter,Peter Heller,eng,3.76,8666
975119,Close Encounters Of The Third Kind,Steven Spielberg,eng,4.09,10351
43780,"Vampire Chronicles: Interview with the Vampire, The Vampire Lestat, The Queen of the Damned (Anne Rice)","Anne Rice, Robert O'Keefe, F. Murray Abraham, Michael York, Kate Nelligan, David Purdham",eng,4.25,9592
846066,The Berenstain Bears Forget Their Manners,"Stan Berenstain, Jan Berenstain",en-US,4.15,12232
12710035,"Hot Ticket (Sinners on Tour, #3)",Olivia Cunning,eng,4.28,20891
94299,"The Search (Eve Duncan, #3)",Iris Johansen,en-US,4.14,12020
2002,Harry Potter Schoolbooks Box Set: Two Classic Books from the Library of Hogwarts School of Witchcraft and Wizardry,J.K. Rowling,eng,4.4,10736
395220,Zami: A New Spelling of My Name,Audre Lorde,eng,4.2,9549
13226173,"The Infernal Devices: Clockwork Angel (The Infernal Devices: Manga, #1)","Cassandra Clare, Hye-Kyung Baek",eng,4.21,11754
1376220,Hafalan Shalat Delisa,Tere Liye,ind,4.2,7737
16061295,"Sixth Grave on the Edge (Charley Davidson, #6)",Darynda Jones,en-US,4.38,17022
17465470,"The Royal Ranger (Ranger's Apprentice, #12)",John Flanagan,,4.4,11359
10364994,The Submission,Amy Waldman,eng,3.66,10096
25790,The Lord of the Rings Sketchbook,"Alan Lee, Ian McKellen",eng,4.26,9067
7234828,"Glimmerglass (Faeriewalker, #1)",Jenna Black,en-US,3.76,18605
6987558,Don't Blink,"James Patterson, Howard Roughan",eng,3.79,9689
320700,Shadows over Innsmouth,"Stephen Jones, H.P. Lovecraft, Kim Newman, Brian Mooney, Nicholas Royle, David Langford, Michael Marshall Smith, Brian Lumley, Neil Gaiman, Basil Copper, Jack Yeovil, Guy N. Smith, Adrian Cole, D.F. Lewis, Ramsey Campbell, David Sutton, Peter Tremayne",eng,4.43,10663
55018,"The Tin Roof Blowdown (Dave Robicheaux, #16)",James Lee Burke,eng,4.17,10432
6389257,The Death of Bunny Munro,Nick Cave,eng,3.43,9096
348564,"Flat Stanley (Flat Stanley, #1)","Jeff Brown, Scott Nash, Macky Pamintuan",eng,3.82,11078
8070049,"Winter's Passage (Iron Fey, #1.5)",Julie Kagawa,eng,3.96,20313
734542,Freight Train,Donald Crews,,4.04,13380
23719479,Rosemary: The Hidden Kennedy Daughter,Kate Clifford Larson,en-CA,3.78,9819
9592213,Faith,Jennifer Haigh,en-US,3.83,10610
38529,Bite Me If You Can (Argeneau #6),Lynsay Sands,en-US,4.27,16680
12458287,"The Golden Dynasty (Fantasyland, #2)",Kristen Ashley,eng,4.46,19783
237114,Moonlight Becomes You,Mary Higgins Clark,eng,3.8,12657
65070,A Corner of the Universe,Ann M. Martin,eng,4.06,11914
177515,The Ice Queen,Alice Hoffman,en-US,3.51,12922
473623,"The Folk of the Faraway Tree (The Faraway Tree, #3)",Enid Blyton,eng,4.32,11693
24189224,City on Fire,Garth Risk Hallberg,eng,3.42,8553
896623,The Flame and the Flower,Kathleen E. Woodiwiss,,4.09,12447
13809,"Exile's Return (Conclave of Shadows, #3)",Raymond E. Feist,,4.0,10840
7199667,"Princess of Glass (The Princesses of Westfalin Trilogy, #2)",Jessica Day George,eng,4.03,17052
2350129,Preach My Gospel: A Guide To Missionary Service,The Church of Jesus Christ of Latter-day Saints,,4.71,9891
13316328,"The Last Dragonslayer (The Chronicles of Kazam, #1)",Jasper Fforde,eng,3.86,12033
355190,Orientalism,Edward Said,eng,4.07,10458
450836,"Like a Fire Burning (The Work and the Glory, #2)",Gerald N. Lund,,4.27,9944
227492,Friends and Lovers,Eric Jerome Dickey,eng,4.21,8944
807968,"Molly Moon's Incredible Book of Hypnotism (Molly Moon, #1)",Georgia Byng,eng,3.87,16311
144773,Contest,Matthew Reilly,,3.95,10113
4261,Songbook,Nick Hornby,en-US,3.56,8999
32987,The Greatest Generation,Tom Brokaw,,3.99,12346
581125,The Minority Report,Philip K. Dick,,3.82,12245
74270,"Luck in the Shadows (Nightrunner, #1)",Lynn Flewelling,eng,4.08,13781
1258121,"The Lemonade War (The Lemonade War, #1)",Jacqueline Davies,en-US,3.88,10293
948526,"The Knight at Dawn (Magic Tree House, #2)","Mary Pope Osborne, Salvatore Murdocca",eng,3.86,13606
17181905,"The Arrangement: The Ferro Family (The Arrangement, #1)",H.M. Ward,eng,4.02,16348
4566934,Winter in Tokyo,Ilana Tan,ind,4.06,8935
17348985,Help for the Haunted,John Searles,eng,3.6,10334
13620,"Death Note, Vol. 6: Give-and-Take (Death Note, #6)","Tsugumi Ohba, Takeshi Obata",eng,4.39,14986
7736086,"The Lightning Thief: The Graphic Novel (Percy Jackson and the Olympians, #1)","Rick Riordan, Robert Venditti, José Villarrubia, Attila Futaki",eng,3.95,12380
13230263,Mrs. Kennedy and Me: An Intimate Memoir,"Clint Hill, Lisa McCubbin",eng,4.14,8722
57736,Shoeless Joe,W.P. Kinsella,eng,3.96,9315
241387,When Crickets Cry,Charles Martin,en-US,4.23,9668
21913812,This Changes Everything: Capitalism vs. The Climate,Naomi Klein,eng,4.17,7652
10439703,"Aloha from Hell (Sandman Slim, #3)",Richard Kadrey,en-US,4.01,10713
18781540,"Until Lilly (Until, #3)",Aurora Rose Reynolds,eng,4.3,20825
122781,A Walk Across America,Peter Jenkins,en-US,4.02,9218
13649056,"Try Me (One Night with Sole Regret, #1)",Olivia Cunning,eng,3.87,21524
105687,All Souls: A Family Story from Southie,Michael Patrick MacDonald,eng,4.07,8344
15561,"Wizard at Large (Magic Kingdom of Landover, #3)",Terry Brooks,,3.81,12580
467032,The Bad Seed,"William March, Elaine Showalter",eng,4.05,10765
16279715,"Connected (Connections, #1)",Kim Karr,eng,4.11,10379
9553503,"Angel Fire (Angel, #2)",L.A. Weatherly,eng,4.06,13765
10870589,Growing Up Amish,Ira Wagler,eng,3.36,9085
17504320,"Taking Shots (Assassins, #1)",Toni Aleo,eng,3.95,11676
22857396,"Sweet Addiction (Sweet Addiction, #1)",J.  Daniels,eng,4.11,10294
13170021,Bomb: The Race to Build—and Steal—the World's Most Dangerous Weapon,Steve Sheinkin,eng,4.12,11164
4364,Maximum City: Bombay Lost and Found,Suketu Mehta,eng,3.91,7894
831470,Bambi,Bob Grant,eng,4.22,10332
10105,The Last Wife of Henry VIII,Carolly Erickson,en-US,3.88,10172
132314,The Complete Tales and Poems,Edgar Allan Poe,eng,4.48,3427
8286216,"Gideon's Sword (Gideon Crew, #1)","Douglas Preston, Lincoln Child",en-US,3.58,11227
31300,"A Caribbean Mystery (Miss Marple, #10)",Agatha Christie,eng,3.77,14459
59882,Accident,Danielle Steel,,3.93,10301
17707603,George Washington's Secret Six: The Spy Ring That Saved the American Revolution,"Brian Kilmeade, Don Yaeger",eng,3.77,8428
43841,"When Christ and His Saints Slept  (Henry II & Eleanor of Aquitaine, #1)",Sharon Kay Penman,eng,4.27,10761
533675,Pinocchio,"Eugene Bradley Coco, Ron Dias",,4.33,10615
13573419,Great North Road,Peter F. Hamilton,eng,4.06,8639
15768536,"Fall From Grace (Mad World, #1)",Christine Zolendz,en-GB,4.03,20488
5697,The Complete Short Novels,"Anton Chekhov, Richard Pevear, Larissa Volokhonsky",eng,4.47,9424
900070,The Berenstain Bears Go to School,"Stan Berenstain, Jan Berenstain",en-US,4.28,14043
502406,Curious George Takes a Job,H.A. Rey,,4.28,12254
106859,Superman for All Seasons,"Jeph Loeb, Tim Sale, Bjarne Hansen",en-US,4.08,10331
22995,La casa de Bernarda Alba,"Federico García Lorca, Antonio Sobejano-Moran, Paola Bianco",,3.77,9611
9065265,"Retribution (Dark-Hunter, #19)",Sherrilyn Kenyon,en-US,4.12,15771
23960,Glue,Irvine Welsh,eng,3.84,9184
17449197,"Unhinged (Splintered, #2)",A.G. Howard,eng,4.25,14445
18161265,How to Fall in Love,Cecelia Ahern,eng,4.02,9486
129618,"Until You (Westmoreland, #3)",Judith McNaught,en-US,4.12,14256
62479,"Servant of the Shard (Forgotten Realms: Paths of Darkness, #3; The Sellswords, #1)",R.A. Salvatore,en-US,4.15,9647
132152,Streams in the Desert,"Lettie B. Cowman, James Reimann",,4.39,5953
7614747,"Venom (Elemental Assassin, #3)",Jennifer Estep,eng,4.16,17699
13568619,The Shadowhunter's Codex,"Cassandra Clare, Joshua Lewis",eng,4.06,15497
121809,"Tennis Shoes Among the Nephites (Tennis Shoes, #1)",Chris Heimerdinger,eng,4.01,13112
477338,"Blue is for Nightmares (Blue is for Nightmares, #1)",Laurie Faria Stolarz,en-US,3.81,15848
5417,Carrie / 'Salem's Lot / The Shining,Stephen King,eng,4.52,11063
1541884,"Personal Demon (Women of the Otherworld, #8)",Kelley Armstrong,eng,4.06,16371
9329354,"The Way of Kings, Part 1 (The Stormlight Archive #1.1)",Brandon Sanderson,eng,4.67,9792
6517407,The Christmas List,Richard Paul Evans,eng,4.17,10544
7252,How to Make Love Like a Porn Star: A Cautionary Tale,"Jenna Jameson, Neil Strauss",eng,3.75,9531
85321,The Tenth Justice,Brad Meltzer,,3.97,10037
17333237,Stella Bain,Anita Shreve,,3.41,10535
7261549,"Dark Days (Skulduggery Pleasant, #4)",Derek Landy,eng,4.45,12047
228198,"The Green Mile, Part 3: Coffey's Hands",Stephen King,eng,4.5,12232
111306,"Jacob (Nightwalkers, #1)",Jacquelyn Frank,eng,4.02,17448
50750,You Slay Me (Aisling Grey #1),Katie MacAlister,en-US,4.01,17279
17192373,Perfect,Rachel Joyce,eng,3.54,8152
615233,Clifford's Halloween,Norman Bridwell,eng,4.14,11164
531197,"Lyra's Oxford (His Dark Materials, #3.5)","Philip Pullman, John Lawrence",en-US,3.52,12665
8803932,"If I Die (Soul Screamers, #5)",Rachel Vincent,eng,4.32,14153
14781219,Private Berlin (Private #5),"James Patterson, Mark T. Sullivan",eng,3.9,10043
227590,The Other Daughter,Lisa Gardner,eng,3.99,11649
765193,Amazing Grace,"Mary Hoffman, Caroline Binch",en-US,4.33,10959
110692,The Redemption of Althalus,"David Eddings, Leigh Eddings",,3.82,11508
44543,Slammerkin,Emma Donoghue,eng,3.69,11271
60220,"Simply Irresistible (Chinooks Hockey Team, #1)",Rachel Gibson,eng,3.86,16945
11235783,"About That Night (FBI/US Attorney, #3)",Julie James,eng,4.07,18193
1087205,"Ouran High School Host Club, Vol. 3 (Ouran High School Host Club, #3)",Bisco Hatori,eng,4.44,12788
37377,On the Night You Were Born,Nancy Tillman,en-US,4.35,11125
11104030,MWF Seeking BFF: My Yearlong Search For A New Best Friend,Rachel Bertsche,eng,3.44,11001
20886354,"Skin Deep (Legion, #2)","Brandon Sanderson, Jon Foster",eng,4.11,8317
22895264,"Wicked (A Wicked Saga, #1)",Jennifer L. Armentrout,eng,4.08,14009
6953500,"Insatiable (Insatiable, #1)",Meg Cabot,eng,3.44,18463
22600903,"Where I Belong (Alabama Summer, #1)",J.  Daniels,eng,4.05,13110
366337,"Back on Blossom Street (Blossom Street, #4)",Debbie Macomber,eng,4.14,11757
8257435,Hector and the Search for Happiness,"François Lelord, Lorenza García",eng,3.47,8084
241969,"Between, Georgia",Joshilyn Jackson,en-US,3.87,11098
33729,"Faking It (Dempseys, #2)",Jennifer Crusie,eng,3.9,15216
17801,Underground: The Tokyo Gas Attack and the Japanese Psyche,"Haruki Murakami, Alfred Birnbaum, Philip Gabriel",eng,3.89,8405
27298,"The Twentieth Wife (Taj Mahal Trilogy, #1)",Indu Sundaresan,en-US,4.03,9873
15059301,"Captured (The Captive, #1)",Erica Stevens,en-GB,4.06,12468
99461,Split Infinity  (Apprentice Adept #1),Piers Anthony,eng,3.94,13299
44360,Sex God: Exploring the Endless Connections between Sexuality and Spirituality,Rob Bell,en-US,3.82,8999
5556595,A Vintage Affair,Isabel Wolff,en-GB,3.8,11104
302998,The Buddha of Suburbia,Hanif Kureishi,eng,3.72,8683
11544466,"Breathe (Breathe, #1)",Sarah Crossan,en-US,3.69,13504
64949,The Voice of the Night,"Brian Coffey, Dean Koontz",eng,3.91,12897
25837338,The Girl from Krakow,Alex Rosenberg,eng,3.79,9585
6452731,Justice: What's the Right Thing to Do?,Michael J. Sandel,en-US,4.25,8060
22608582,13 Hours: The Inside Account of What Really Happened In Benghazi,Mitchell Zuckoff,eng,4.26,8692
6916963,"Succubus Shadows (Georgina Kincaid, #5)",Richelle Mead,en-US,4.18,18822
6505109,Roses,Leila Meacham,en-US,4.02,10837
33726,Crazy For You,Jennifer Crusie,,3.78,14318
4016515,Letter to My Daughter,Maya Angelou,eng,4.08,9933
393060,The Post-Birthday World,Lionel Shriver,eng,3.52,10415
349129,The Man Who Walked Between the Towers,Mordicai Gerstein,en-GB,4.14,12022
14367051,"City of Bones / City of Ashes / City of Glass / City of Fallen Angels / City of Lost Souls (The Mortal Instruments, #1-5)",Cassandra Clare,,4.59,10426
54120,The Double,"José Saramago, Margaret Jull Costa",en-US,3.84,6430
5996209,"Thorn Queen (Dark Swan, #2)",Richelle Mead,en-GB,4.12,17026
697210,"Lost & Found (Rocky Pelligrino, #1)",Jacqueline Sheehan,eng,3.71,9474
543505,The Tale of Mrs. Tiggy-Winkle,Beatrix Potter,,4.19,12873
76668,"For Love of Evil (Incarnations of Immortality, #6)",Piers Anthony,,4.1,12399
13543138,Blackberry Winter,Sarah Jio,eng,3.96,10907
11318,Trouble Is My Business,Raymond Chandler,eng,4.05,9020
24761,"An Acceptable Time (A Wrinkle in Time Quintet, #5)",Madeleine L'Engle,eng,3.86,13596
127249,The Third Secret,Steve Berry,eng,3.84,10809
2854962,"Charlie Bone and the Shadow (The Children of the Red King, #7)",Jenny Nimmo,,4.02,13322
38548,Love Bites (Argeneau #2),Lynsay Sands,eng,4.12,17118
17727276,Hard Choices,Hillary Rodham Clinton,eng,3.57,8724
137894,"Batman: No Man's Land, Vol. 1","Bob Gale, Devin Grayson, Alex Maleev, Dale Eaglesham",eng,4.11,9269
9854,The End of Poverty,"Jeffrey D. Sachs, Bono",,3.66,7917
11076123,Half Blood Blues,Esi Edugyan,eng,3.63,8911
15655,The Kindness of Strangers,Katrina Kittle,en-US,4.0,10627
13132816,Emmy & Oliver,Robin Benway,eng,3.91,13260
22040598,The Sculptor,Scott McCloud,eng,4.0,10038
22504701,Roller Girl,Victoria Jamieson,eng,4.27,18014
160988,The Best Nest,P.D. Eastman,en-US,4.19,11906
7296271,"Beyond Exile (Day by Day Armageddon,# 2)",J.L. Bourne,eng,4.08,8923
1105093,Braveheart,Randall Wallace,eng,4.19,10729
21327,"Fables, Vol. 7: Arabian Nights [and Days] (Fables, #7)","Bill Willingham, Mark Buckingham, Steve Leialoha, Jim Fern, Jimmy Palmiotti, Andrew Pepoy",eng,4.1,13772
98687,Call Me by Your Name,André Aciman,,4.13,10154
15836,Fugitive Pieces,Anne Michaels,eng,3.95,10642
15549,"Armageddon's Children (Genesis of Shannara, #1)",Terry Brooks,,4.09,11107
376613,The Cobra Event,Richard   Preston,en-US,4.0,10505
13115995,"Everbound (Everneath, #2)",Brodi Ashton,en-US,4.06,15865
5291189,The Hole in Our Gospel: What does God expect of Us? The Answer that Changed my Life and Might Just Change the World,Richard Stearns,en-US,4.18,9512
300650,On Becoming Baby Wise: Giving Your Infant the Gift of Nighttime Sleep,Gary Ezzo,,3.58,5939
9722217,رغم الفراق,نور عبدالمجيد,ara,3.97,7822
71984,"Ghost Wars: The Secret History of the CIA, Afghanistan, and bin Laden from the Soviet Invasion to September 10, 2001",Steve Coll,eng,4.28,9066
61794,La vida del Lazarillo de Tormes,Anonymous,spa,3.49,7748
25866725,Broken Grace,E.C. Diskin,eng,3.92,10020
161846,The Midwich Cuckoos,John Wyndham,eng,3.93,10841
20874139,I Am Livia,Phyllis T. Smith,en-US,3.93,9302
2306910,Smoke Screen,Sandra Brown,en-US,3.98,11245
7894870,Bone: Tall Tales,"Jeff Smith, Thomas E. Sniegoski, Steve Hamaker",eng,4.38,9084
19156898,The Fourteenth Goldfish,"Jennifer L. Holm, Tad Carpenter",eng,3.87,9532
988170,Tawny Scrawny Lion,"Kathryn Jackson, Gustav Tenggren",,4.16,12407
298816,Peace Child: An Unforgettable Story of Primitive Jungle Treachery in the 20th Century,Don Richardson,,4.31,8832
400,Libra,Don DeLillo,eng,3.98,10195
18990,The Honourable Schoolboy,John le Carré,eng,3.94,9346
1593623,"Renegade's Magic (Soldier Son, #3)",Robin Hobb,eng,3.46,10164
16148938,"Second Shift: Order (Shift, #2)",Hugh Howey,eng,4.26,10110
13105,"The Tenth Insight: Holding the Vision (Celestine Prophecy, #2)",James Redfield,en-CA,3.61,8795
820394,"The Interpretation of Murder (Freud, #1)",Jed Rubenfeld,eng,3.51,9781
8172,Superman: Birthright,"Mark Waid, Alfred Gough, Miles Millar, Dave McCaig, Gerry Alanguilan, Leinil Francis Yu",en-GB,4.12,9253
141935,Curious George Visits the Library,"Margret Rey, H.A. Rey, Martha Weston",en-US,4.25,10561
45369,Arthur & George,Julian Barnes,eng,3.7,10131
381787,"Truth Will Prevail (The Work and the Glory, #3)",Gerald N. Lund,,4.3,9081
16029994,"Sins & Needles (The Artists Trilogy, #1)",Karina Halle,eng,3.98,18391
61505,A Little History of the World,"E.H. Gombrich, Caroline Mustill, Clifford Harper",eng,4.1,8297
8542839,"Fire Burn and Cauldron Bubble (Jolie Wilkins, #1)",H.P. Mallory,eng,3.85,10228
836611,"Fruits Basket, Vol. 4","Natsuki Takaya, Alethea Nibley, Athena Nibley",en-US,4.39,15336
6758423,"Women, Food and God: An Unexpected Path to Almost Everything",Geneen Roth,en-US,3.62,10201
762134,Palace Walk (The Cairo Trilogy #1),"Naguib Mahfouz, William M. Hutchins, Olive E. Kenny",eng,4.14,6423
6630751,"First to Kill (Nathan McBride, #1)",Andrew  Peterson,eng,4.03,7849
109515,How I Raised Myself from Failure to Success in Selling,Frank Bettger,,4.25,9438
15902792,"Still Foolin' 'Em: Where I've Been, Where I'm Going, and Where the Hell Are My Keys",Billy Crystal,eng,3.89,8225
152402,"Lucky (Lucky Santangelo, #2)",Jackie Collins,en-US,4.08,9994
24938,Wicked - Piano/Vocal Arrangement,"Stephen Schwartz, Gregory Maguire",,4.45,10729
432283,If Life Is a Bowl of Cherries What Am I Doing in the Pits?,Erma Bombeck,en-US,4.07,10861
68530,"Vagabond (The Grail Quest, #2)",Bernard Cornwell,en-US,4.09,9680
275247,Little Lord Fauntleroy,Frances Hodgson Burnett,,3.81,12712
16762211,"Sometimes Never (Sometimes Never, #1)",Cheryl McIntyre,eng,3.94,15306
11350430,"The Mystery Knight (The Tales of Dunk and Egg, #3)",George R.R. Martin,eng,4.2,11058
12710106,"Double Time (Sinners on Tour, #5)",Olivia Cunning,en-US,4.14,20484
8288246,"Red Glove (Curse Workers, #2)",Holly Black,en-US,3.98,16108
13237327,"The Magic (The Secret, #3)",Rhonda Byrne,eng,4.14,8066
24044596,Kulti,Mariana Zapata,,4.36,16112
44399,Too Busy Not to Pray: Slowing Down to Be With God,"Bill Hybels, Lavonne Neff",en-US,4.14,8422
3015764,Indignation,Philip Roth,eng,3.69,8585
8526694,Open City,Teju Cole,eng,3.5,9132
822989,"My Story: ""A Child Called It"", ""The Lost Boy"", ""A Man Named Dave""",Dave Pelzer,en-US,4.18,8201
8113940,"Witches of East End (The Beauchamp Family, #1)",Melissa de la Cruz,eng,3.51,13806
443540,All He Ever Wanted,Anita Shreve,eng,3.18,11514
52629,The Fifth Dominion (Imajica Part #1/2),Clive Barker,eng,4.24,9421
18080889,"Worth the Fight (MMA Fighter, #1)",Vi Keeland,eng,4.06,20451
8089,Rose Daughter,Robin McKinley,eng,3.77,15696
6433344,"Fools Rush In (Weddings by Bella, #1)",Janice  Thompson,en-US,3.59,8692
712807,Ruby Holler,Sharon Creech,,4.01,12438
7090290,"My Fair Lazy: One Reality Television Addict's Attempt to Discover If Not Being A Dumb Ass Is the New Black, or, a Culture-Up Manifesto",Jen Lancaster,eng,3.91,11826
17853024,"The Pagan Lord (The Saxon Stories, #7)",Bernard Cornwell,en-US,4.34,8218
161415,See You at the Top,"Zig Ziglar, Al Mayton",,4.25,8888
25666046,The North Water,Ian McGuire,eng,4.01,8732
64732,"The Forge of God (Forge of God, #1)",Greg Bear,eng,3.86,10085
26214866,"In the Clearing (Tracy Crosswhite, #3)",Robert Dugoni,eng,4.25,14051
16130723,"Hidden Order (Scot Harvath, #12)",Brad Thor,eng,4.1,7857
111220,Eleanor of Aquitaine: A Life ,Alison Weir,en-US,3.97,11325
1524,"Agamemnon (Oresteia, #1)","Aeschylus, Judith Affleck, Philip de May, Patricia E. Easterling, John     Harrison",eng,3.82,11515
16280689,"Staked (The Iron Druid Chronicles, #8)",Kevin Hearne,eng,4.23,9082
31819,Harry Potter and Philosophy: If Aristotle Ran Hogwarts,"David Baggett, Shawn E. Klein",,4.45,9264
4800764,"Sweet Persuasion (Sweet, #2)",Maya Banks,eng,4.09,16437
16136599,"Redeemed (House of Night, #12)","P.C. Cast, Kristin Cast",eng,3.95,11604
21086818,"Do No Harm: Stories of Life, Death and Brain Surgery",Henry Marsh,eng,4.22,7978
33356,Jennifer Government,Max Barry,eng,3.65,9722
126185,The Christmas Train,David Baldacci,,3.56,11424
313267,"Dark Destiny (Dark, #13)",Christine Feehan,eng,4.29,14613
52367,"Batman: The Dark Knight Strikes Again (The Dark Knight Saga, #2)","Frank Miller, Lynn Varley",eng,3.21,11065
145397,Me: Stories of My Life,Katharine Hepburn,eng,3.87,9312
95708,The Now Habit: A Strategic Program for Overcoming Procrastination and Enjoying Guilt-Free Play,Neil A. Fiore,eng,3.88,9396
23214408,"After Ever Happy (After, #4)",Anna Todd,en-US,4.08,12671
18232495,The Auschwitz Escape,Joel C. Rosenberg,eng,4.32,7844
10541,Made in America: An Informal History of the English Language in the United States,Bill Bryson,en-US,3.89,9638
4887,The Drama of the Gifted Child: The Search for the True Self,"Alice  Miller, Ruth Ward",en-GB,4.09,9563
827497,One Flew Over the Cuckoo's Nest,Dale Wasserman,,4.28,11142
129327,The Case of Charles Dexter Ward,H.P. Lovecraft,eng,4.2,10153
645180,Soon I Will Be Invincible,Austin Grossman,eng,3.68,9878
33144,Paint it Black,Janet Fitch,eng,3.47,9092
11429,"Ever After (Lost Love, #2)",Karen Kingsbury,en-US,4.31,9685
5068,Last Orders,Graham Swift,,3.68,9349
51715,Mythologies,"Roland Barthes, Annette Lavers",eng,4.11,9325
13270,Poetics,"Aristotle, Malcolm Heath",eng,3.81,10347
12737118,Wife 22,Melanie Gideon,,3.51,10793
20871704,Before I Go,Colleen Oakley,,3.79,8181
394841,Travel Team,Mike Lupica,,4.06,8356
11306,The Dark Is Rising Sequence  (The Dark Is Rising #1-5),Susan Cooper,eng,4.29,11988
12002819,The Flight of Gemma Hardy,Margot Livesey,eng,3.59,12391
125959,"Saint (Paradise, #2)",Ted Dekker,en-US,4.04,10594
60080,Groundwork of the Metaphysics of Morals,"Immanuel Kant, Mary J. Gregor, Christine M. Korsgaard",eng,3.78,9104
25614598,"Crimson Shore (Pendergast, #15)","Douglas Preston, Lincoln Child",eng,4.0,7174
541024,More Than Human,Theodore Sturgeon,eng,3.98,10733
20318201,"Burn (Michael Bennett, #7)","James Patterson, Michael Ledwidge",eng,3.88,6866
11996019,The King's Agent,Donna Russo Morin,en-US,3.81,8250
426030,The Healer (O'Malley #5),Dee Henderson,eng,4.4,11245
4633,Islands in the Stream,Ernest Hemingway,,3.86,9608
359461,The Guardian (O'Malley #2),Dee Henderson,eng,4.4,11474
8163161,"Ouran High School Host Club, Vol. 15 (Ouran High School Host Club, #15)",Bisco Hatori,eng,4.54,10743
604635,Naïve. Super,"Erlend Loe, Tor Ketil Solberg",eng,3.89,8642
8110748,キスよりも早く1 [Kisu Yorimo Hayaku 1] (Faster than a Kiss #1),"Meca Tanaka, 田中メカ",jpn,4.23,11232
6261270,"The Noticer: Sometimes, All a Person Needs Is a Little Perspective",Andy Andrews,eng,4.17,8335
11324,Under the Net,Iris Murdoch,eng,3.76,9506
12039943,Capital,John Lanchester,,3.68,4961
11551045,"Lenobia's Vow (House of Night Novellas, #2)","P.C. Cast, Kristin Cast",en-US,4.16,12649
28262024,"The Goal (Off-Campus, #4)",Elle Kennedy,eng,4.05,14560
2358870,"Artemis Fowl Boxed Set, Bks 1-5 (Artemis Fowl, #1-5)",Eoin Colfer,en-US,4.29,10692
11913681,"The Boyfriend Thief (Stolen Kiss, #1)",Shana Norris,eng,3.74,12080
12782865,"The Lewis Man (The Lewis Trilogy, #2)",Peter  May,eng,4.2,7870
62233,"The Elves of Cintra (Genesis of Shannara, #2)",Terry Brooks,eng,4.09,10663
28248,"Priestess of the White (Age of the Five, #1)",Trudi Canavan,eng,3.84,10552
12760903,"The Vision (Fallen Star, #3)",Jessica Sorensen,eng,4.15,12519
763594,The Gemini Contenders,Robert Ludlum,eng,3.87,10428
330944,"The Field of Swords (Emperor, #3)",Conn Iggulden,en-US,4.26,9293
6049585,Abandon,Blake Crouch,en-US,3.74,4713
85425,"Final Jeopardy (Alexandra Cooper, #1)",Linda Fairstein,en-US,3.9,11250
55229,April 1865: The Month That Saved America,Jay Winik,,4.15,8850
7159016,"The Haunted (The Hollow, #2)",Jessica Verday,en-CA,4.15,12890
595822,The Protector (O'Malley #4),Dee Henderson,eng,4.38,10704
25893582,Tell Me Three Things,Julie Buxbaum,eng,4.1,15565
561403,"The It Girl (It Girl, #1)",Cecily von Ziegesar,eng,3.66,11929
263149,Single White Vampire (Argeneau #3),Lynsay Sands,eng,4.16,16618
1111600,"The Wheel of Time: Boxed Set  (Wheel of Time, #1-8)",Robert Jordan,,4.37,9031
26324,Social Intelligence: The New Science of Human Relationships,Daniel Goleman,,3.97,8670
17903381,Diary ng Panget,"HaveYouSeenThisGirL, Jan Irene Villar",fil,4.4,7016
8437379,"Call Me Irresistible (Wynette, Texas #5)",Susan Elizabeth Phillips,eng,4.07,15449
289029,Who Will Cry When You Die? Life Lessons from the Monk Who Sold His Ferrari,Robin S. Sharma,eng,3.93,7174
659546,Promise Not to Tell,Jennifer McMahon,eng,3.62,11775
10790376,"A Modern Witch (A Modern Witch, #1)",Debora Geary,eng,3.73,11264
56466,The Traveler's Gift: Seven Decisions that Determine Personal Success,Andy Andrews,eng,4.1,8055
17973653,"Shine Not Burn (Shine Not Burn, #1)",Elle Casey,eng,4.07,14739
155370,Double Identity,Margaret Peterson Haddix,,4.01,12978
17673271,Si-cology 1: Tales and Wisdom from Duck Dynasty’s Favorite Uncle,"Si Robertson, Mark Schlabach",eng,3.94,7329
10803806,"Darth Paper Strikes Back (Origami Yoda, #2)",Tom Angleberger,eng,4.12,10798
9166877,"The Girl in the Steel Corset (Steampunk Chronicles, #1)",Kady Cross,eng,3.81,17825
1820716,"Gut gegen Nordwind (Gut gegen Nordwind, #1)",Daniel Glattauer,ger,3.88,6874
122756,My Brother Sam Is Dead,"James Lincoln Collier, Christopher Collier",eng,3.39,12817
72623,Dream Man,Linda Howard,eng,4.04,14604
91017,Rubicon: The Last Years of the Roman Republic,Tom Holland,eng,4.17,9224
71823,"The Green Mile, Part 6: Coffey on the Mile",Stephen King,eng,4.55,11936
170171,Catalyst,Laurie Halse Anderson,en-US,3.62,13840
5618698,"Nice Girls Don't Have Fangs (Jane Jameson, #1)",Molly Harper,en-US,3.92,18122
31334,Belinda,"Anne Rice, Anne Rampling",en-US,3.6,10018
8449698,"When Beauty Tamed the Beast (Fairy Tales, #2)",Eloisa James,eng,4.06,16245
8720415,"Miles to Go (The Walk, #2)",Richard Paul Evans,,4.27,9654
107781,"The Gift (Crown's Spies, #3)",Julie Garwood,eng,4.17,13977
12959045,My Friend Dahmer,Derf Backderf,eng,3.88,11563
107783,"The Lion's Lady (Crown's Spies, #1)",Julie Garwood,eng,4.16,15614
23245594,Beach Town,Mary Kay Andrews,,3.58,8827
10295484,Heart on a Chain,Cindy C. Bennett,en-GB,4.04,16007
7987,"The Legend of Luke (Redwall, #12)",Brian Jacques,,3.99,12658
646195,Babe: The Gallant Pig,"Dick King-Smith, Maggie Kneen",eng,4.05,11229
8152697,Wishin' and Hopin',Wally Lamb,eng,3.52,10966
13152668,"Dream Team: How Michael, Magic, Larry, Charles, and the Greatest Team of All Time Conquered the World and Changed the Game of Basketball Forever",Jack McCallum,eng,4.16,8000
914211,Influencer: The Power to Change Anything,"Kerry Patterson, Joseph Grenny, David Maxfield, Ron McMillan, Al Switzler",en-GB,3.98,8036
116982,The Hand of Oberon (The Chronicles of Amber #4),Roger Zelazny,eng,4.19,12627
7828781,"No Place to Run (KGI, #2)",Maya Banks,eng,4.29,16649
106124,"The Dragonslayer (Bone, #4)","Jeff Smith, Steve Hamaker",eng,4.33,11044
34451,Eat to Live: The Revolutionary Formula for Fast and Sustained Weight Loss,Joel Fuhrman,,4.12,7274
11738128,"A Week to Be Wicked (Spindle Cove, #2)",Tessa Dare,eng,4.12,14615
20575434,Rain Reign,Ann M. Martin,eng,4.21,11872
207365,"Claimed By Shadow (Cassandra Palmer, #2)",Karen Chance,en-US,3.98,18318
200963,"Meet Samantha: An American Girl (American Girls: Samantha, #1)","Susan S. Adler, Renée Graef, Nancy Niles",eng,3.95,15460
3419808,The Secret Scripture,Sebastian Barry,eng,3.75,9565
6911529,Batwoman: Elegy,"Greg Rucka, J.H. Williams III, Rachel Maddow",eng,4.16,11001
764073,When the Emperor Was Divine,Julie Otsuka,eng,3.7,11529
17254035,"Foreplay (The Ivy Chronicles, #1)",Sophie Jordan,eng,3.94,14461
37296,"Night Prey (Lucas Davenport, #6)",John Sandford,eng,4.14,11975
192888,"Clouds of Witness (Lord Peter Wimsey, #2)",Dorothy L. Sayers,eng,4.04,12013
1176884,"Body Movers (Body Movers, #1)",Stephanie Bond,eng,3.84,10719
40136,"The Nasty Bits: Collected Varietal Cuts, Usable Trim, Scraps, and Bones",Anthony Bourdain,,3.75,8021
29906980,Lincoln in the Bardo,George Saunders,eng,3.93,20373
7745031,"Zero History (Blue Ant, #3)",William Gibson,eng,3.93,10394
12021559,Sophie & Carter,Chelsea Fine,eng,3.83,11849
38703,"Small Steps (Holes, #2)",Louis Sachar,eng,3.69,11837
11940384,The Wicked Girls,Alex Marwood,eng,3.48,9180
155291,"Agents of Light and Darkness (Nightside, #2)",Simon R. Green,eng,4.0,12827
41069,Stand on Zanzibar,John Brunner,eng,3.96,11021
6261477,Homer's Odyssey,Gwen Cooper,en-US,4.18,9907
433035,"Sad Cypress (Hercule Poirot, #21)",Agatha Christie,eng,3.83,12538
1070527,Avatar Volume 1: The Last Airbender (Avatar #1),"Michael Dante DiMartino, Bryan Konietzko",eng,4.52,8261
17478,"Five Go to Smuggler's Top (Famous Five, #4)",Enid Blyton,eng,4.03,10441
643988,"Indemnity Only (V.I. Warshawski, #1)",Sara Paretsky,eng,3.89,11954
74997,"Five Run Away Together (Famous Five, #3)",Enid Blyton,en-US,4.03,10698
59887,The Promise,Danielle Steel,en-US,3.93,9836
199532,A Redbird Christmas,Fannie Flagg,eng,3.86,11101
42691,The Haj,Leon Uris,eng,3.99,10060
290628,"The Darkest Road (The Fionavar Tapestry, #3)",Guy Gavriel Kay,eng,4.18,11755
18580,"Summer of My German Soldier (Summer of My German Soldier, #1)",Bette Greene,,3.66,12108
20168816,Rogues,"George R.R. Martin, Gardner R. Dozois, Joe Abercrombie, Gillian Flynn, Matthew Hughes, Joe R. Lansdale, Michael Swanwick, David  Ball, Carrie Vaughn, Scott Lynch, Bradley Denton, Cherie Priest, Daniel Abraham, Paul Cornell, Steven Saylor, Garth Nix, Walter Jon Williams, Phyllis Eisenstein, Lisa Tuttle, Neil Gaiman, Connie Willis, Patrick Rothfuss",eng,3.86,10135
24961498,"The Midwife's Revolt (The Midwife Series, #1)",Jodi Daynard,eng,3.97,8780
23357188,"Bound by Honor (Born in Blood Mafia Chronicles, #1)",Cora Reilly,eng,4.14,15138
30253700,Anti-Stepbrother,Tijan,eng,4.14,10334
8150317,"Deeper Than Midnight (Midnight Breed, #9)",Lara Adrian,en-US,4.29,16679
8100979,"Mercy Blade (Jane Yellowrock, #3)",Faith Hunter,eng,4.21,14856
227280,I Do -- But I Don't,Cara Lockwood,,3.66,9151
244115,"Skippyjon Jones in Mummy Trouble (Skippyjon Jones, #3)",Judy Schachner,en-US,4.25,11076
15799151,Daily Rituals: How Artists Work,Mason Currey,eng,3.66,8565
8100288,"The Boy Who Came Back from Heaven: A Remarkable Account of Miracles, Angels, and Life beyond This World","Kevin Malarkey, Alex Malarkey",eng,3.89,8945
16704759,"Knight & Stay (Knight, #2)",Kitty French,eng,4.19,18124
1468706,"An Incomplete Revenge (Maisie Dobbs, #5)",Jacqueline Winspear,en-GB,4.09,11579
24040551,The Night Sister,Jennifer McMahon,eng,3.67,10219
8471815,You Don't Have to Say You Love Me,Sarra Manning,eng,3.97,12898
13659,"Tales from Earthsea (Earthsea Cycle, #5)",Ursula K. Le Guin,eng,4.0,11530
16171259,The Sound of Things Falling,"Juan Gabriel Vásquez, Anne McLean",eng,3.74,6113
11239856,"Maid for the Billionaire (Legacy Collection, #1)",Ruth Cardello,eng,3.77,11539
25241477,Ashley Bell,Dean Koontz,eng,3.59,8118
313998,Johnny Mnemonic,"William Gibson, Terry Bisson",en-US,3.75,9564
513176,"Rogue Squadron (Star Wars: X-Wing, #1)",Michael A. Stackpole,en-GB,4.02,11405
457457,Fine Things,Danielle Steel,,3.92,10519
550940,"The Chase (Isaac Bell, #1)",Clive Cussler,en-US,3.92,10998
74034,Amusing Ourselves to Death: Public Discourse in the Age of Show Business,"Neil Postman, Andrew Postman",eng,4.14,9736
61974,"Nerilka's Story (Pern, #8)",Anne McCaffrey,eng,3.78,12936
153175,"King of Foxes (Conclave of Shadows, #2)",Raymond E. Feist,,3.95,10684
1153709,Hairy Maclary from Donaldson's Dairy,Lynley Dodd,eng,4.28,11051
764063,Wonderful Tonight,"Pattie Boyd, Penny Junor",en-US,3.65,8254
17573684,The Obituary Writer,Ann Hood,eng,3.7,5178
1175893,"Tunnels (Tunnels, #1)","Roderick Gordon, Brian  Williams",en-CA,3.57,11678
35539,The Beatles: The Biography,Bob Spitz,en-US,4.13,8120
92371,Lie Down with Lions,Ken Follett,,3.78,9822
630621,The Incredible Hulk: Planet Hulk,"Greg Pak, Aaron Lopresti, Carlo Pagulayan, Juan Santacruz, Gary Frank, Takeshi Miyazawa",eng,4.23,8680
134958,Elizabeth: The Struggle for the Throne,David Starkey,,4.06,11163
571508,"Rumors of War (Children of the Promise, #1)",Dean Hughes,en-US,4.25,9995
10008056,"Journal 64 (Afdeling Q, #4)",Jussi Adler-Olsen,dan,4.04,5044
13151283,بضع ساعات في يوم ما,محمد صادق,ara,3.14,7806
10049436,The Single Girl's To-Do List,Lindsey Kelk,eng,3.94,9829
112517,"Rama Revealed (Rama, #4)","Arthur C. Clarke, Gentry Lee",eng,3.72,9015
9399336,"The Redhead Revealed (Redhead, #2)",Alice Clayton,eng,4.2,15464
125958,Skin,Ted Dekker,,3.8,10590
20662728,"Clariel (Abhorsen, #4)",Garth Nix,eng,3.79,10616
68099,"Death at La Fenice (Commissario Brunetti, #1)",Donna Leon,en-US,3.81,11705
36058,"The Big Nowhere (L.A. Quartet, #2)",James Ellroy,eng,4.11,9249
71787,"In This Mountain (Mitford Years, #7)",Jan Karon,,4.32,11015
5052,Code to Zero,Ken Follett,,3.64,9071
429024,The Old Curiosity Shop,"Charles Dickens, Norman Page",,3.75,11092
73860,Dibs in Search of Self,Virginia M. Axline,en-US,4.13,8905
46908,"Fruits Basket, Vol. 14","Natsuki Takaya, Alethea Nibley, Athena Nibley",en-US,4.46,13072
17277800,"Hawkeye, Volume 2: Little Hits","Matt Fraction, David Aja, Francesco Francavilla, Steve Lieber, Jesse Hamm, Annie Wu, Matt Hollingsworth, Chris Eliopoulos",eng,4.27,15547
18420,Hands Of Light,"Barbara Ann Brennan, Jos. A. Smith",,4.27,9016
87280,Too Loud a Solitude,Bohumil Hrabal,eng,4.17,5468
65113,A Series of Unfortunate Events Box: The Complete Wreck (Books 1-13),"Lemony Snicket, Brett Helquist",en-GB,4.28,11240
11445880,"Midnight in Austenland (Austenland, #2)",Shannon Hale,en-US,3.5,13960
41820,Pebble in the Sky (Galactic Empire #3),Isaac Asimov,eng,3.85,11335
5024334,Too Good to Be True,Kristan Higgins,eng,3.9,14745
105920,"Ultimate Spider-Man, Volume 1: Power and Responsibility","Brian Michael Bendis, Mark Bagley",eng,4.06,10462
13519844,"Independence (Significance, #4)",Shelly Crane,eng,4.32,14408
20646604,"Night Owl (Night Owl, #1)",M. Pierce,eng,4.03,8053
85310,"Mortal Prey (Lucas Davenport, #13)",John Sandford,en-US,4.2,11272
16312,"One, Two, Buckle My Shoe (Hercule Poirot, #22)","Agatha Christie, Hugh Fraser",eng,3.74,11285
29236299,"Gemina (The Illuminae Files, #2)","Amie Kaufman, Jay Kristoff, Marie Lu",eng,4.56,10960
51740,Staying Fat for Sarah Byrnes,Chris Crutcher,en-US,3.94,11544
73960,Lorna Doone,"R.D. Blackmore, Michelle Allen",eng,3.71,11716
53809,Maktub,Paulo Coelho,spa,3.41,5902
10599302,"Head Over Heels (Lucky Harbor, #3)",Jill Shalvis,eng,4.16,16560
1866046,Adam,Ted Dekker,eng,3.93,9903
388018,"The Clocks (Hercule Poirot, #34)","Agatha Christie, Robin Bailey",eng,3.71,12335
15818278,The One I Left Behind,Jennifer McMahon,en-US,3.76,10266
89370,Tao of Pooh and Te of Piglet Boxed Set,Benjamin Hoff,eng,4.15,8206
21433251,Manga Classics: Les Misérables,"Stacy King, SunNeko Lee, Crystal S. Chan, Victor Hugo",eng,4.1,6691
280125,"The Orc King (Forgotten Realms: Transitions, #1; Legend of Drizzt, #17)",R.A. Salvatore,en-US,4.11,9012
127567,"The Dolphins of Pern (Pern, #13)",Anne McCaffrey,eng,3.94,12938
164836,Succulent Wild Woman,S.A.R.K.,,4.12,9365
77866,Any Human Heart,William  Boyd,en-GB,4.26,8365
10720733,"The Abduction (Theodore Boone, #2)",John Grisham,eng,3.76,9346
15776904,"The Beggar King (The Hangman's Daughter, #3)","Oliver Pötzsch, Lee Chadeayne",eng,3.95,10271
16084702,"Fifty Shades Duo: Fifty Shades Darker / Fifty Shades Freed (Fifty Shades, #2-3)",E.L. James,en-GB,4.41,8227
8710484,La Carte et le territoire,Michel Houellebecq,fre,3.93,5631
20821249,"Festive in Death (In Death, #39)",J.D. Robb,eng,4.26,9784
94064,"Rainbow Boys (Rainbow Trilogy, #1)",Alex   Sanchez,eng,3.85,11146
1838166,"The Penderwicks on Gardam Street (The Penderwicks, #2)",Jeanne Birdsall,,4.23,13423
38562,A Bite to Remember (Argeneau #5),Lynsay Sands,eng,4.23,16516
13722526,"The Nightmare (Joona Linna, #2)","Lars Kepler, Laura A. Wideburg",en-US,3.78,6917
114143,The Reef,Nora Roberts,en-US,3.89,13932
68930,"They Do It with Mirrors (Miss Marple, #6)",Agatha Christie,eng,3.74,13214
9260507,5 Very Good Reasons to Punch a Dolphin in the Mouth and Other Useful Guides,Matthew Inman,eng,4.11,9469
239381,Just a Mess (Little Critter),Mercer Mayer,eng,4.23,10772
835155,See Jane Date,Melissa Senate,,3.49,9292
221298,"The Gods of War (Emperor, #4)",Conn Iggulden,en-US,4.29,8984
89186,Pushing Ice,Alastair Reynolds,,4.02,9365
13056511,"Heaven (Halo, #3)",Alexandra Adornetto,eng,3.91,14520
17285330,The Last Time We Say Goodbye,Cynthia Hand,eng,4.11,11063
7780,The Secret Art of Dr. Seuss,"Dr. Seuss, Maurice Sendak, Audrey Geisel",,4.05,8461
25347,"Out of Egypt (Christ the Lord, #1)",Anne Rice,eng,3.56,10729
26228034,"The Obelisk Gate (The Broken Earth, #2)",N.K. Jemisin,eng,4.36,9481
23363874,Reasons to Stay Alive,Matt Haig,eng,4.17,11307
6280379,The Children's Book,A.S. Byatt,eng,3.66,10985
7262166,Tough Customer (Mitchell & Associates #2),Sandra Brown,en-US,3.95,8823
961831,The Shadowy Horses,Susanna Kearsley,eng,3.92,10640
820517,"Joey Pigza Swallowed the Key (Joey Pigza, #1)",Jack Gantos,eng,3.74,12985
3690427,"Among the Mad (Maisie Dobbs, #6)","Jacqueline Winspear, Orlagh Cassidy",eng,4.1,11363
6054190,Dune Road,Jane Green,eng,3.41,10608
3692151,شكلها باظت,عمر طاهر,ara,3.52,8257
4530,Olivia Joules and the Overactive Imagination,Helen Fielding,en-US,3.1,10687
8857310,Unfamiliar Fishes,Sarah Vowell,,3.6,10389
5750628,"Johannes Cabal the Necromancer (Johannes Cabal, #1)",Jonathan L. Howard,eng,3.94,10603
7199,The Way the Crow Flies,Ann-Marie MacDonald,en-US,4.08,10227
17810,In the Miso Soup,"Ryū Murakami, Ralph McCarthy",eng,3.61,9285
6403690,"Counterfeit Gods: The Empty Promises of Money, Sex, and Power, and the Only Hope that Matters",Timothy J. Keller,eng,4.32,8783
167216,Amy and Isabelle ,Elizabeth Strout,,3.73,10602
15803037,Red Sparrow (Red Sparrow Trilogy #1),Jason  Matthews,eng,4.02,6998
7632329,Operation Mincemeat: How a Dead Man and a Bizarre Plan Fooled the Nazis and Assured an Allied Victory,Ben Macintyre,eng,3.95,8112
487666,Beyond Band of Brothers: The War Memoirs of Major Dick Winters,"Dick Winters, Cole C. Kingseed",eng,4.24,9712
19523454,Beautiful You,Chuck Palahniuk,eng,2.98,8507
232268,"The Locket (The Locket, #1)",Richard Paul Evans,en-US,4.1,10147
400881,"Shadows Linger (The Chronicles of the Black Company, #2)",Glen Cook,en-US,4.15,10975
77739,"Honor Among Enemies (Honor Harrington, #6)",David Weber,,4.24,12506
10859509,"Altered (Altered, #1)",Jennifer Rush,en-CA,4.04,15692
22571696,"Obsession in Death (In Death, #40)",J.D. Robb,eng,4.33,9565
11306337,EntreLeadership: 20 Years of Practical Business Wisdom from the Trenches,Dave Ramsey,,4.19,8333
139176,"The Quiche of Death (Agatha Raisin, #1)",M.C. Beaton,eng,3.75,10925
96259,Crush,Richard Siken,eng,4.33,11597
179565,"The Marvelous Land of Oz (Oz, #2)","L. Frank Baum, David McKee",eng,3.82,11402
6159,Reservation Blues,Sherman Alexie,eng,3.98,9919
1056627,Become a Better You: 7 Keys to Improving Your Life Every Day,Joel Osteen,,4.15,8553
18781543,"Until Nico (Until, #4)",Aurora Rose Reynolds,,4.33,20070
46906,"Fruits Basket, Vol. 15","Natsuki Takaya, Alethea Nibley, Athena Nibley",en-US,4.45,12888
8086216,Plenty,Yotam Ottolenghi,eng,4.32,8023
88072,Agent to the Stars,John Scalzi,eng,3.91,10086
15707526,"The First Confessor (The Legend of Magda Searus, #1)",Terry Goodkind,eng,4.19,9311
581552,In the Penal Colony,Franz Kafka,eng,4.0,8974
6344534,"The Second Ship (The Rho Agenda, #1)",Richard   Phillips,,3.73,4281
91439,The Beet Queen,Louise Erdrich,en-US,3.89,10495
16041169,"Disastrous (Disastrous, #1)",E.L. Montes,eng,3.96,17627
481743,The Wave,"Morton Rhue, Todd Strasser",eng,3.54,9392
576666,And Ladies of the Club,Helen Hooven Santmyer,en-US,4.12,10177
23460830,"Secondhand Souls (Grim Reaper, #2)",Christopher Moore,eng,3.92,7925
21535784,"The Cinderella Murder (Under Suspicion, #2)","Mary Higgins Clark, Alafair Burke",eng,3.81,8641
30839185,"Vicious (Sinners of Saint, #1)",L.J. Shen,en-US,4.25,15460
18266,Gargantua and Pantagruel,"François Rabelais, M.A. Screech",eng,3.71,10379
93453,When Will Jesus Bring the Pork Chops?,George Carlin,en-US,3.84,9139
23566909,The Marvels,Brian Selznick,eng,3.93,13576
9532302,"The Last Werewolf (The Last Werewolf, #1)",Glen Duncan,eng,3.47,10986
19138879,"Attack on Titan: No Regrets, Volume 01","Hajime Isayama, Hikaru Suruga, Gan Sunaaku",eng,4.52,9032
54666,What's the Matter with Kansas? How Conservatives Won the Heart of America,Thomas Frank,en-US,3.83,9003
11942408,شاب كشك في رحلة البحث عن الجادون,عمرو سلامة,ara,3.66,8128
14460,"Kitty Goes to Washington (Kitty Norville, #2)",Carrie Vaughn,eng,3.87,16725
857418,The Carrot Seed,"Ruth Krauss, Crockett Johnson",,4.07,12420
21857294,"Reasonable Doubt: Volume 3 (Reasonable Doubt, #3)",Whitney G.,eng,4.19,19933
11605,Riding the Bullet,"Stephen King, Josh Hamilton",eng,3.6,9809
5292173,"Relentless (The Lost Fleet, #5)",Jack Campbell,,4.05,10864
19106,The Nose,"Nikolai Gogol, Kevin Hawkes",eng,3.92,10202
1624920,"Kitty and the Silver Bullet (Kitty Norville, #4)",Carrie Vaughn,eng,3.99,15300
381440,The Society of the Spectacle,"Guy Debord, Donald Nicholson-Smith",eng,4.04,9309
603911,"SilverFin (Young Bond, #1)",Charlie Higson,eng,3.8,10189
24819476,Winter Stroll (Winter #2),Elin Hilderbrand,,3.7,8397
70487,Attack of the Deranged Mutant Killer Monster Snow Goons,Bill Watterson,eng,4.72,9713
11556960,"Crewel (Crewel World, #1)",Gennifer Albin,eng,3.74,14101
1207980,Helmet for My Pillow,Robert Leckie,,4.13,7907
32075671,The Hate U Give,Angie Thomas,eng,4.62,32610
16170625,المانيفستو,مصطفى إبراهيم,ara,4.21,7943
6351910,"Dynasty of Evil (Star Wars: Darth Bane, #3)",Drew Karpyshyn,eng,4.24,9004
16042305,Love Left Behind,S.H. Kolee,eng,4.0,15967
12075886,Keep Holding On,Susane Colasanti,en-US,3.85,11397
4162673,The Private Patient (Adam Dalgliesh #14),P.D. James,eng,3.78,10461
77738,"Flag in Exile (Honor Harrington, #5)",David Weber,eng,4.22,11587
25955,The Medium is the Massage,"Marshall McLuhan, Quentin Fiore, Jerome Agel",en-US,3.95,8351
96463,"The Chronicles of Pern: First Fall (Pern, #12)",Anne McCaffrey,eng,4.02,11762
248871,"Berserk, Vol. 1 (Berserk, #1)","Kentaro Miura, Jason DeAngelis",eng,4.37,10362
3710,The Autograph Man,Zadie Smith,eng,3.14,8317
32848471,Egomaniac,Vi Keeland,,4.34,11310
1372055,"Courageous (The Lost Fleet, #3)",Jack Campbell,,3.96,10933
24902492,Ruby,Cynthia Bond,,3.63,6749
8487363,"My Soul to Steal (Soul Screamers, #4)",Rachel Vincent,en-US,4.13,14593
110388,"On the Way to the Wedding (Bridgertons, #8)",Julia Quinn,eng,3.83,16310
7433,"Messenger of Truth (Maisie Dobbs, #4)",Jacqueline Winspear,,3.99,12454
8411749,"The Rogue (Traitor Spy Trilogy, #2)",Trudi Canavan,eng,4.02,9739
175078,The Seven Storey Mountain,"Thomas Merton, Robert Giroux, William H. Shannon",en-US,4.16,9232
86655,The Keep,Jennifer Egan,eng,3.43,9113
562763,Scaredy Squirrel (Scaredy Squirrel),Mélanie Watt,eng,4.25,11638
97084,Apathy and Other Small Victories,Paul Neilan,,3.83,7171
17342700,"Gathering Darkness (Falling Kingdoms, #3)","Morgan Rhodes, Michelle Rowen",eng,4.33,13072
51362,The Survivors Club,Lisa Gardner,eng,4.05,11458
1830755,Mine to Possess (Psy-Changeling #4),Nalini Singh,eng,4.13,18617
9581507,Don't Breathe a Word,Jennifer McMahon,en-US,3.58,10585
25387202,The Force Awakens (Star Wars),"Alan Dean Foster, Lawrence Kasdan, J.J. Abrams, Michael Arndt",eng,3.73,7514
7707538,"Sugar and Spice (L.A. Candy, #3)",Lauren Conrad,en-US,3.54,10488
9565574,"Grave Dance (Alex Craft, #2)",Kalayna Price,eng,4.11,16435
6448482,"Soul Eater, Vol. 02 (Soul Eater, #2)",Atsushi Ohkubo,eng,4.47,9443
69477,Z for Zachariah,Robert C. O'Brien,eng,3.64,9332
6251222,Await Your Reply,Dan Chaon,eng,3.54,10598
161275,Superman: Whatever Happened to the Man of Tomorrow?,"Alan Moore, Curt Swan, George Pérez, Kurt Schaffenberger",eng,4.14,10472
76706,"Track of the Cat (Anna Pigeon, #1)",Nevada Barr,en-GB,3.86,12113
341027,"The Mane Event (Pride, #1)",Shelly Laurenston,eng,3.96,17968
17262206,"Lawrence in Arabia: War, Deceit, Imperial Folly, and the Making of the Modern Middle East",Scott Anderson,eng,4.12,7654
139004,Essays and Poems,"Ralph Waldo Emerson, Peter Norberg",,3.98,11864
31741,Innocent Erendira and Other Stories,"Gabriel García Márquez, Gregory Rabassa",,3.89,5497
81992,"Singularity Sky (Eschaton, #1)",Charles Stross,eng,3.81,9887
404562,Henry & Ramona,Cynthia J. McGean,,4.14,11106
400906,"The White Rose (The Chronicles of the Black Company, #3)",Glen Cook,en-US,4.19,11501
17339590,"""حكايات فرغلي المستكاوي ""حكايتى مع كفر السحلاوية",حسن الجندي,ara,3.57,7443
22571275,"All Fall Down (Embassy Row, #1)",Ally Carter,eng,3.82,13821
14680,The Charterhouse of Parma,"Stendhal, Richard Howard, Robert Andrew Parker",eng,3.83,9252
18722887,Little Mercies,Heather Gudenkauf,eng,3.99,10268
341553,"The Faithful Spy (John Wells, #1)",Alex Berenson,en-US,3.97,9316
348489,Snowflake Bentley,"Jacqueline Briggs Martin, Mary Azarian",en-US,4.16,11362
562930,The Book of Luke,Jenny O'Connell,en-US,3.73,12623
182683,"Fame (Firstborn, #1)",Karen Kingsbury,en-US,4.34,10509
3295695,"Dragon Actually (Dragon Kin, #1)",G.A. Aiken,eng,3.96,18622
21411058,"Bad Romeo (Starcrossed, #1)",Leisa Rayven,eng,4.1,14286
420278,The Complete Poems 1927-1979,Elizabeth Bishop,eng,4.19,9629
6330323,Day After Night,Anita Diamant,en-US,3.65,10587
15557,"Jarka Ruus (High Druid of Shannara, #1)",Terry Brooks,eng,3.96,11017
12448,"Look Homeward, Angel",Thomas Wolfe,eng,3.94,9630
5571,Cradle to Cradle: Remaking the Way We Make Things,"William McDonough, Michael Braungart",en-US,4.1,7625
831635,"Healthy Sleep Habits, Happy Child",Marc Weissbluth,en-US,3.9,7742
22421,"Transmetropolitan, Vol. 4: The New Scum (Transmetropolitan, #4)","Warren Ellis, Darick Robertson, Rodney Ramos, Keith Akin",eng,4.41,11094
6939939,The Hand That First Held Mine,Maggie O'Farrell,eng,3.87,8513
78972,The Fourth Estate,Jeffrey Archer,eng,3.72,8829
8515,The Man Who Listens to Horses,"Monty Roberts, Lucy Grealy, Lawrence Scanlan",en-US,4.1,9021
6749,Oblivion,David Foster Wallace,en-US,4.07,9196
606818,"Holy Blood, Holy Grail","Michael Baigent, Richard Leigh, Henry Lincoln",eng,3.47,8450
28700,Falling Man,"Don DeLillo, محمدصادق رئیسی",eng,3.2,9081
20510241,"The Calling (Endgame, #1)","James Frey, Nils Johnson-Shelton",eng,3.77,10900
15820492,"Annabel (Delirium, #0.5)",Lauren Oliver,,3.78,13619
8765012,"Mystery (Alex Delaware, #26)",Jonathan Kellerman,en-US,3.87,9396
100476,"The Sea of Trolls (Sea of Trolls, #1)",Nancy Farmer,eng,4.0,12069
6596542,The Man from Beijing,"Henning Mankell, Laurie Thompson",eng,3.47,9106
20454076,"Day 21 (The 100, #2)",Kass Morgan,eng,3.75,11860
199531,Daisy Fay and the Miracle Man ,Fannie Flagg,eng,3.94,10292
10931321,"Against All Enemies (Max Moore, #1)","Tom Clancy, Peter Telep",eng,3.95,8471
23289469,The Girl in the Red Coat,Kate Hamer,eng,3.53,8027
9648,Keep the Aspidistra Flying,George Orwell,eng,3.87,9599
15793068,"The Gate Thief (Mither Mages, #2)",Orson Scott Card,en-US,3.77,9209
22840421,"My Lady Jane (The Lady Janies, #1)","Cynthia Hand, Brodi Ashton, Jodi Meadows",eng,4.12,12794
23031,Time's Arrow,Martin Amis,eng,3.78,9400
27207654,"Blood Defense (Samantha Brinkman, #1)",Marcia Clark,eng,3.81,11761
48974,I Am the Cheese,Robert Cormier,en-GB,3.74,11099
75162,Soul on Ice,Eldridge Cleaver,en-GB,3.95,10123
205218,Ethics,"Baruch Spinoza, Edwin M. Curley, Stuart Hampshire, Edwin Curley",,4.01,9342
337615,Nine Parts of Desire: The Hidden World of Islamic Women,Geraldine Brooks,,4.04,10308
27170141,You'll Grow Out of It,Jessi Klein,eng,3.83,9480
17352874,"Truce (Neighbor from Hell, #4)",R.L. Mathewson,eng,4.34,18854
176892,"The Elvenbane (Halfblood Chronicles, #1)","Andre Norton, Mercedes Lackey",eng,3.94,13092
9440324,"The Midnight Palace (Niebla, #2)","Carlos Ruiz Zafón, Lucia Graves",,3.58,7784
85737,"Treasure (Dirk Pitt, #9)",Clive Cussler,en-US,3.92,10784
1422252,"Vampire, Interrupted (Argeneau #9)",Lynsay Sands,eng,4.32,15899
22411,"Invisible Prey (Lucas Davenport, #17)",John Sandford,eng,4.11,11162
89195,"The Prefect (Prefect Dreyfus Emergency, #1)",Alastair Reynolds,eng,4.15,9946
20505127,Daughter,Jane Shemilt,en-US,3.51,7462
107172,"DC: The New Frontier, Volume 1","Darwyn Cooke, Dave Stewart, Jared K. Fletcher",eng,4.17,9601
25053,"Hello, Mrs. Piggle-Wiggle (Mrs. Piggle Wiggle, #4)","Betty MacDonald, Alexandra Boiger",eng,4.24,13000
6933152,"Web of Lies (Elemental Assassin, #2)",Jennifer Estep,en-US,4.1,17312
137792,Ya Yas in Bloom,Rebecca Wells,,3.6,10200
179174,"The Secret of the Unicorn (Tintin, #11)",Hergé,eng,4.26,8925
930612,"Judy Moody (Judy Moody, # 1)","Megan McDonald, Peter H. Reynolds",eng,3.92,11289
21480734,Dataclysm: Who We Are (When We Think No One's Looking),Christian Rudder,eng,3.72,7204
94578,The Gay Science,"Friedrich Nietzsche, Walter Kaufmann",eng,4.26,8655
7904453,"The Broken Kingdoms (Inheritance, #2)",N.K. Jemisin,eng,4.04,12259
18453110,"The Three (The Three, #1)",Sarah Lotz,eng,3.32,7990
1032,Trump: The Art of the Deal,"Donald J. Trump, Tony Schwartz",en-US,3.66,8768
190344,"First Term at Malory Towers (Malory Towers, #1)",Enid Blyton,eng,4.07,10274
82553,"The Night Is for Hunting (Tomorrow, #6)",John Marsden,eng,4.15,10908
836607,"Fruits Basket, Vol. 3","Natsuki Takaya, Alethea Nibley, Athena Nibley",en-US,4.38,14593
25801299,After Anna,Alex Lake,en-US,3.7,11029
20252,House Corrino (Prelude to Dune #3),"Brian Herbert, Kevin J. Anderson",eng,3.64,10682
6542645,"Fantasy in Death (In Death, #30)",J.D. Robb,eng,4.25,14244
663098,"The Devil You Know (Felix Castor, #1)",Mike Carey,en-US,3.8,11375
16031679,"Tempting the Player (Gamble Brothers, #2)","J. Lynn, Jennifer L. Armentrout",,4.06,16997
290882,The Upanishads: Translations from the Sanskrit,"Anonymous, Juan Mascaró",eng,4.2,7365
18594634,"Thrive: The Third Metric to Redefining Success and Creating a Life of Well-Being, Wisdom, and Wonder",Arianna Huffington,eng,3.68,8261
12389310,"Crow's Row (Crow's Row, #1)",Julie Hockley,eng,4.11,16741
1008231,"H.I.V.E. Higher Institute of Villainous Education (H.I.V.E., #1)",Mark Walden,en-US,4.06,10881
16170522,صانع الظلام,تامر إبراهيم,ara,3.81,8825
6311614,The Law of Nines,Terry Goodkind,en-US,3.6,9421
434229,Cape Fear,John D. MacDonald,,4.07,10006
17487,"Five Go Adventuring Again (Famous Five, #2)",Enid Blyton,eng,3.99,10362
8534899,"Forsaken (The Demon Trappers, #1)",Jana Oliver,eng,4.0,13585
136977,The Places That Scare You: A Guide to Fearlessness in Difficult Times,Pema Chödrön,,4.3,8344
113091,A Death in the Family,James Agee,eng,3.92,10900
772976,Frida Kahlo: 1907-1954 Pain and Passion,Andrea Kettenmann,,4.15,8260
94669,The Mistress of Spices,Chitra Banerjee Divakaruni,,3.48,9263
7948945,"Falling Under (Falling Under, #1)",Gwen Hayes,eng,3.78,15637
17404452,"Forever You (Forever, #2)",Sandi Lynn,eng,4.19,15986
4505161,"The House on Tradd Street (Tradd Street, #1)",Karen   White,eng,3.96,12311
2309720,"Wild Ones, Vol. 1 (Wild Ones, #1)",Kiyo Fujiwara,en-US,4.03,10738
10843036,"Perfect Shadow (Night Angel, #0.5)",Brent Weeks,eng,4.18,9029
10468258,"The Finding (Law of the Lycans, #5)",Nicky Charles,eng,4.18,11174
7785,I Can Read With My Eyes Shut!,Dr. Seuss,en-GB,4.17,13821
302625,Nemesis,Isaac Asimov,eng,3.75,10788
15824358,"The First 90 Days, Updated and Expanded: Critical Success Strategies for New Leaders at All Levels",Michael D. Watkins,eng,3.81,5490
25067046,Lost Stars (Star Wars: Journey to the Force Awakens),Claudia Gray,eng,4.25,8861
128048,"Carry On, Mr. Bowditch",Jean Lee Latham,eng,4.11,11933
22474626,"Hard Limit (Hacker, #4)",Meredith Wild,,4.34,4754
95660,"The Pretty Committee Strikes Back (The Clique, #5)",Lisi Harrison,,3.84,12307
17794657,The Lake (The Lake Trilogy #1),AnnaLisa Grant,eng,3.75,8057
18243828,"Jake Undone (Jake, #1)",Penelope Ward,eng,4.15,14870
171201,Wit,Margaret Edson,en-US,4.2,10601
261161,"Dial L for Loser (The Clique, #6)",Lisi Harrison,,3.8,11736
13031445,The Hunger Pains: A Parody,The Harvard Lampoon,en-GB,3.89,8619
397867,"The Rats (Rats, #1)",James Herbert,eng,3.92,10517
104088,"The Wandering Fire (The Fionavar Tapestry, #2)",Guy Gavriel Kay,en-US,4.11,11935
17333174,"Magic Binds (Kate Daniels, #9)",Ilona Andrews,eng,4.57,10983
15761241,"The Wild Ones (The Wild Ones, #1)",M. Leighton,eng,3.94,16160
23196,The River Why,David James Duncan,,4.24,7735
701738,Incendiary,Chris Cleave,eng,3.59,8718
586516,Hammer of the Gods,Stephen Davis,en-US,3.83,8226
891671,Winter in Madrid,C.J. Sansom,eng,3.79,8629
13414599,"Happier at Home: Kiss More, Jump More, Abandon a Project, Read Samuel Johnson, and My Other Experiments in the Practice of Everyday Life","Gretchen Rubin, Käthe Mazur",eng,3.48,6058
2895896,Silver Bay,Jojo Moyes,eng,3.62,9008
94486,The Invention of Morel,"Adolfo Bioy Casares, Suzanne Jill Levine, Jorge Luis Borges, Ruth L.C. Simms, Norah Borges de Torre",eng,4.05,8669
42661,The Fall of Berlin 1945,Antony Beevor,eng,4.27,8443
4657,The Water-Method Man,John Irving,,3.34,9725
552987,"A War of Gifts (Ender's Saga, #1.1)",Orson Scott Card,en-US,3.66,11643
153866,"Captain Underpants and the Perilous Plot of Professor Poopypants (Captain Underpants, #4)",Dav Pilkey,en-GB,4.12,9566
17950614,"UnDivided (Unwind, #4)",Neal Shusterman,eng,4.48,11403
17934655,The Empathy Exams: Essays,Leslie Jamison,eng,3.62,9280
261083,"Heretic (The Grail Quest, #3)",Bernard Cornwell,,4.11,8916
27209407,"Bay of Sighs (The Guardians Trilogy, #2)",Nora Roberts,eng,4.15,6822
13489919,"The Duchess War (Brothers Sinister, #1)",Courtney Milan,eng,3.82,12494
484167,"Millennium Snow, Vol. 1",Bisco Hatori,en-US,4.04,11293
13068,Double Whammy,Carl Hiaasen,eng,3.92,9622
3028,Economics in One Lesson: The Shortest & Surest Way to Understand Basic Economics,Henry Hazlitt,,4.22,9028
12042279,"Darker After Midnight (Midnight Breed, #10)",Lara Adrian,eng,4.37,14264
2025787,"Mad Dogs (Cherub, #8)",Robert Muchamore,eng,4.25,10258
20329634,"Lines of Departure (Frontlines, #2)",Marko Kloos,eng,4.08,5110
25817528,Be Frank With Me,Julia Claiborne Johnson,eng,3.9,9044
73051,Better than Life (Red Dwarf #2),Grant Naylor,eng,4.05,9213
25671827,"Dirty (Dive Bar, #1)",Kylie Scott,eng,3.92,13948
94798,Halo: Ghosts of Onyx,Eric S. Nylund,en-US,4.15,7997
4837112,"Percy Jackson and the Sword of Hades (Percy Jackson and the Olympians, #4.5)",Rick Riordan,,4.28,14502
9018370,"The Walking Dead, Vol. 13: Too Far Gone","Robert Kirkman, Charlie Adlard, Cliff Rathburn",,4.23,11521
710969,"Mates, Dates, and Inflatable Bras (Mates, Dates, #1)",Cathy Hopkins,eng,3.73,10270
3446,Going After Cacciato,Tim O'Brien,eng,3.9,9188
854252,"Little House on Rocky Ridge (Little House: The Rocky Ridge Years, #1)","Roger Lea MacBride, David Gilleece",en-US,3.83,14135
15954546,"Not Quite Dating (Not Quite, #1)",Catherine Bybee,eng,3.88,7880
934700,In a People House,"Dr. Seuss, Theo LeSieg, Roy McKie",eng,4.13,11977
5943970,"Kindred in Death (In Death, #29)",J.D. Robb,eng,4.31,13207
294430,Lucky You,Carl Hiaasen,en-GB,3.84,9144
20249,Hunters of Dune (Dune Chronicles #7),"Brian Herbert, Kevin J. Anderson",en-US,3.62,9121
20575440,"Deep Down Dark: The Untold Stories of 33 Men Buried in a Chilean Mine, and the Miracle That Set Them Free",Héctor Tobar,eng,3.9,6123
535494,How Should We Then Live? The Rise and Decline of Western Thought and Culture,Francis A. Schaeffer,,4.16,9124
20821376,Belzhar,Meg Wolitzer,,3.46,10432
14403,The Story of Ruby Bridges,"Robert Coles, George Ford",eng,4.41,9703
376561,Invitation to a Beheading,Vladimir Nabokov,eng,3.94,8812
21400356,"Debt Inheritance (Indebted, #1)",Pepper Winters,eng,3.79,14713
13508021,The Midwife of Hope River,Patricia Harman,eng,4.0,7736
1145862,"Stand Tall, Molly Lou Melon","Patty Lovell, David Catrow",en-US,4.39,11397
50091,The Complete Robot (Robot #0.3),Isaac Asimov,eng,4.34,10362
386,Another Bullshit Night in Suck City,Nick Flynn,eng,3.77,8441
80750,"The Covenant (Abram's Daughters, #1)",Beverly  Lewis,,4.12,9408
40496,How Green Was My Valley,Richard Llewellyn,eng,4.16,10648
142108,Rich Dad's Guide to Investing: What the Rich Invest in That the Poor and Middle Class Do Not!,"Robert T. Kiyosaki, Sharon L. Lechter",,3.94,7950
5303373,The Chosen One,Carol Lynch Williams,eng,3.85,12865
109510,The Negotiator,Frederick Forsyth,eng,3.95,8683
68985,"The Power of Full Engagement: Managing Energy, Not Time, Is the Key to High Performance and Personal Renewal","Jim Loehr, Tony Schwartz",eng,4.03,8437
19400,The Decline and Fall of the Roman Empire,"Edward Gibbon, Daniel J. Boorstin, Gian Battista Piranesi, Hans-Friedrich Mueller",eng,3.96,8182
608601,Ox-Cart Man (Picture Puffin),"Donald Hall, Barbara Cooney",eng,4.03,12019
52318,"Wild Seed (Patternmaster, #1)",Octavia E. Butler,eng,4.22,9711
11410104,The Summer I Turned Pretty Trilogy: The Summer I Turned Pretty; It's Not Summer Without You; We'll Always Have Summer,Jenny Han,eng,4.46,9308
10088913,مخطوطة بن إسحاق: مدينة الموتى,حسن الجندي,ara,3.76,8103
23014603,Those Girls,Chevy Stevens,,3.85,10253
15764,The Amateur Marriage,Anne Tyler,,3.59,11527
325416,"The Voyages of Doctor Dolittle (Doctor Dolittle, #2)","Hugh Lofting, Michael Hague",,4.0,11534
8113344,"Mortal Coil (Skulduggery Pleasant, #5)",Derek Landy,eng,4.48,10972
6954438,"Sweet Tooth, Volume 1: Out of the Deep Woods","Jeff Lemire, José Villarrubia, Carlos M. Mangual",eng,3.9,11306
19286674,"Seventh Grave and No Body (Charley Davidson, #7)",Darynda Jones,eng,4.4,13598
8428984,Half Way Home,Hugh Howey,en-GB,3.7,5012
158446,Captain Blood,Rafael Sabatini,eng,4.16,9714
43739,Iron Man: Extremis,"Warren Ellis, Adi Granov",eng,4.08,9338
1335019,Necronomicon: The Best Weird Tales,"H.P. Lovecraft, Les Edwards, Stephen Jones",en-GB,4.29,8344
6081686,Maid-sama! Vol. 02 (Maid-sama! #2),Hiro Fujiwara,eng,4.53,9843
13431827,"The Remaining (The Remaining, #1)",D.J. Molles,eng,4.08,8306
17671913,"Batman, Volume 3: Death of the Family","Scott Snyder, Greg Capullo, Jonathan Glapion",eng,4.33,8229
26599,Selected Poems,"E.E. Cummings, Richard S. Kennedy",eng,4.22,11174
2133827,La Mécanique du cœur,Mathias Malzieu,fre,3.6,5497
13035050,The Good Father,Diane Chamberlain,eng,3.94,10068
18271235,We Are Called to Rise,Laura  McBride,eng,3.94,5687
23399022,Hope: A Memoir of Survival in Cleveland,"Amanda Berry, Gina DeJesus, Mary Jordan, Kevin Sullivan",eng,4.27,3799
818372,"Night Probe! (Dirk Pitt, #6)",Clive Cussler,eng,3.89,10705
214579,The Story of B: An Adventure of the Mind and Spirit,Daniel Quinn,eng,4.11,7730
23569783,A Window Opens,Elisabeth Egan,eng,3.53,8544
23012475,The Knockoff,"Lucy Sykes, Jo Piazza",,3.63,7861
15677,Strangers on a Train,Patricia Highsmith,eng,3.82,9788
74462,Unless,Carol Shields,eng,3.63,9822
267869,"Silent in the Grave (Lady Julia Grey, #1)",Deanna Raybourn,eng,3.91,13731
201145,"A Kiss for Little Bear (An I Can Read Book) by Minarik, Else Holmelund [1984]","Else Holmelund Minarik, Maurice Sendak",,4.31,11063
18342283,"Command Authority (Jack Ryan Universe, #16)","Tom Clancy, Mark Greaney",eng,4.08,6805
271264,"Bleach, Volume 03",Tite Kubo,eng,4.31,11365
21418017,"The Space Between (Outlander, #7.5)",Diana Gabaldon,eng,4.22,10814
209631,Cinderella,"Loek Koopmans, Charles Perrault, Anthea Bell",eng,4.22,9836
82817,Zoya,Danielle Steel,,3.95,10358
15766776,Rump: The True Story of Rumpelstiltskin,Liesl Shurtliff,eng,4.04,11376
201138,The Berenstain Bears and Too Much TV,"Stan Berenstain, Jan Berenstain",eng,4.0,11036
7027569,"Heartstone (Matthew Shardlake, #5)",C.J. Sansom,eng,4.31,8297
420734,Open Season,Linda Howard,eng,4.01,14653
6801614,"One Piece, Volume 38: Rocketman!! (One Piece, #38)",Eiichirō Oda,,4.63,8441
21981841,"Corrupt (Devil's Night, #1)","Penelope Douglas, Jeremy York, Tatiana Sokolov",en-CA,4.04,13760
1098486,The Center Cannot Hold: My Journey Through Madness,Elyn R. Saks,eng,4.22,7533
25614984,Spark Joy: An Illustrated Master Class on the Art of Organizing and Tidying Up,Marie Kondō,eng,3.82,10483
109509,The Afghan,Frederick Forsyth,eng,3.64,7792
10518110,"The Bite Before Christmas (Argeneau, #15.5; Night Huntress, #6.5)","Lynsay Sands, Jeaniene Frost",eng,4.16,14209
311196,Frederica,Georgette Heyer,eng,4.15,12198
97408,Perfect,Natasha Friend,eng,3.77,11497
513207,"Champions of the Force (Star Wars: The Jedi Academy Trilogy, #3)",Kevin J. Anderson,eng,3.67,10605
5103512,Martha Stewart's Cupcakes: 175 Inspired Ideas for Everyone's Favorite Treat,Martha Stewart,,4.11,8317
30364931,Neighbor Dearest,Penelope Ward,,4.23,10891
1422250,Vampires are Forever (Argeneau #8),Lynsay Sands,en-US,4.25,15403
1350249,The Lion King (Disney's Wonderful World of Reading),Justine Korman Fontes,eng,4.48,9247
335397,Two Years Before the Mast: A Sailor's Life at Sea,Richard Henry Dana Jr.,eng,3.96,8492
7078265,"Think Twice (Rosato & Associates, #11)",Lisa Scottoline,en-US,3.62,10211
245700,The Art of Amy Brown,"Amy Brown, Charles  de Lint",,4.04,8637
716944,Owl Babies,"Martin Waddell, Patrick Benson",en-GB,4.19,11299
22749750,The Turner House,Angela Flournoy,eng,3.64,8645
359463,Danger in the Shadows (O'Malley #0.5),Dee Henderson,eng,4.33,10333
17257484,Trouble,Samantha Towle,eng,4.0,13959
67863,Animal-Speak: The Spiritual & Magical Powers of Creatures Great & Small,"Ted Andrews, Winston Allen, Margaret K. Andrews",eng,4.25,8581
5981415,"Summer on Blossom Street (Blossom Street, #6)",Debbie Macomber,eng,4.19,10681
34295,Whitethorn Woods,Maeve Binchy,eng,3.59,10409
13151637,طه الغريب,محمد صادق,ara,3.67,7662
96702,Broken for You,Stephanie Kallos,eng,3.8,10014
12413949,White Girl Problems,Babe Walker,en-GB,3.73,8242
130260,"Birdman (Jack Caffery, #1)",Mo Hayder,,3.88,9726
10111087,Turn Right at Machu Picchu: Rediscovering the Lost City One Step at a Time,Mark    Adams,en-US,3.8,8650
25014,The Map That Changed the World,Simon Winchester,eng,3.81,9131
72855,"Lake in the Clouds (Wilderness, #3)",Sara Donati,eng,4.31,9223
25711641,"Tyrant (King, #2)",T.M. Frazier,eng,4.39,18258
18079719,Grasshopper Jungle,Andrew  Smith,eng,3.66,11890
65633,"The Chronicles of Narnia - The Lion, the Witch, and the Wardrobe Official Illustrated Movie Companion","Perry Moore, Andrew Adamson, C.S. Lewis",en-US,4.48,7328
352383,Antigone,Jean Anouilh,,3.8,10449
25693079,Crooked Little Lies,Barbara Taylor Sissel,,3.52,7668
15101,Blackberry Wine,Joanne Harris,en-US,3.78,9558
24019187,Humans of New York: Stories,Brandon Stanton,eng,4.5,12527
71867,"The Other Side of Dawn (Tomorrow, #7)",John Marsden,,4.21,10443
17235347,"Life Before Legend: Stories of the Criminal and the Prodigy (Legend, #0.5)",Marie Lu,eng,4.02,13933
13360101,"Never Seduce a Scot (The Montgomerys and Armstrongs, #1)",Maya Banks,eng,4.19,15968
1099097,The Tiger Who Came to Tea,Judith Kerr,,4.23,10229
20685373,"Without You, There Is No Us: My Time with the Sons of North Korea's Elite",Suki Kim,,3.85,8164
61899,"A Civil Campaign (Vorkosigan Saga, #12)",Lois McMaster Bujold,eng,4.43,11823
36638,"The Wolves of Willoughby Chase (The Wolves Chronicles, #1)","Joan Aiken, Pat Marriott",,4.08,13463
17563539,The Egg,Andy Weir,eng,4.13,10238
784222,"Vampire Knight, Vol. 3 (Vampire Knight, #3)","Matsuri Hino, Tomo Kimura",eng,4.27,13327
31266,The Scarlatti Inheritance,Robert Ludlum,,3.82,9934
690955,Bad Kitty,Nick Bruel,en-US,4.18,10884
15398,The Last Days of Dogtown,Anita Diamant,,3.39,8216
5266667,A Kiss in Time,Alex Flinn,en-US,3.77,15684
268955,"Mummies in the Morning (Magic Tree House, #3)","Mary Pope Osborne, Salvatore Murdocca",eng,3.86,12551
10461,Desolation Angels,"Jack Kerouac, Joyce Johnson",en-US,3.92,8861
383196,هشت کتاب,سهراب سپهری,per,4.08,4769
26771521,"Beacon 23: The Complete Novel (Beacon 23, #1-5)",Hugh Howey,eng,3.9,5140
50051,The Last Picture Show,Larry McMurtry,eng,3.95,9727
714569,A Countess Below Stairs,Eva Ibbotson,en-US,3.88,14422
4772110,Nocturnes: Five Stories of Music and Nightfall,Kazuo Ishiguro,eng,3.4,8729
64394,"The Stainless Steel Rat (Stainless Steel Rat, #4)",Harry Harrison,eng,3.93,10285
88442,Austerlitz,"W.G. Sebald, Anthea Bell",en-GB,4.04,8267
2505836,"Money, and the Law of Attraction: Learning to Attract Wealth, Health, and Happiness","Esther Hicks, Jerry Hicks",,4.24,8099
78976,A Twist in the Tale,Jeffrey Archer,en-US,3.85,8978
90420,Copper Sun,Sharon M. Draper,eng,4.3,9795
61938,"The Rowan (The Tower and the Hive, #1)",Anne McCaffrey,eng,4.02,12760
114170,"Then Came You (The Gamblers, #1)",Lisa Kleypas,eng,3.99,17171
1231511,"Dark River (Warriors: Power of Three, #2)",Erin Hunter,,4.27,13323
55019,"Black Cherry Blues (Dave Robicheaux, #3)",James Lee Burke,en-US,4.17,9658
24480276,The Versions of Us,Laura  Barnett,eng,3.57,8477
10537195,"The Last Council (Amulet, #4)",Kazu Kibuishi,eng,4.39,11957
64794,Dancing Wu Li Masters: An Overview of the New Physics (Perennial Classics),Gary Zukav,en-US,4.02,7739
226315,The Next Big Thing,Johanna Edwards,,3.68,8907
10165727,"Froi of the Exiles (Lumatere Chronicles, #2)",Melina Marchetta,eng,4.3,12775
536790,"Trumps of Doom (The Chronicles of Amber, #6)",Roger Zelazny,eng,4.06,11282
13426114,The Honest Truth About Dishonesty: How We Lie to Everyone - Especially Ourselves,Dan Ariely,eng,3.91,8423
12687461,"Locked On (Jack Ryan Universe, #14)","Tom Clancy, Mark Greaney",eng,3.99,7974
11721314,Meant to Be,Lauren Morrill,eng,3.72,13803
511684,The Illustrated Mum,"Jacqueline Wilson, Nick Sharratt",eng,3.74,10763
18367581,Afterworlds (Afterworlds #1),Scott Westerfeld,eng,3.72,13813
16158563,The Bookman’s Tale,Charlie Lovett,eng,3.74,10154
97390,Горе от ума,"Aleksandr Griboyedov, Александр Сергеевич Грибоедов",rus,4.13,9287
8682579,I'll Walk Alone,Mary Higgins Clark,en-US,3.78,9794
10473214,"13 Gifts (Willow Falls, #3)",Wendy Mass,eng,4.25,10160
503248,My Lobotomy,"Howard Dully, Charles Fleming",eng,3.7,8068
31087,The Last Boleyn,Karen Harper,eng,4.04,8514
22923997,"Overruled (The Legal Briefs, #1)",Emma Chase,eng,3.83,16931
481335,The Vision,Dean Koontz,eng,3.79,10682
1365225,Las batallas en el desierto,José Emilio Pacheco,spa,4.1,8509
2494204,"Salvation in Death (In Death, #27)",J.D. Robb,eng,4.26,14153
16081202,Open Road Summer,Emery Lord,eng,3.91,5017
12017,"Inversions (Culture, #6)",Iain M. Banks,,3.9,9068
27152124,"Dirty English (English, #1)",Ilsa Madden-Mills,eng,3.95,16115
9639197,Turn of Mind,Alice LaPlante,,3.65,10954
655601,"Divine Madness (Cherub, #5)",Robert Muchamore,eng,4.17,9640
12977172,"Spark (Elemental, #2)",Brigid Kemmerer,en-US,4.16,13537
25813921,"Grit: Passion, Perseverance, and the Science of Success",Angela Duckworth,eng,4.08,7971
6395833,Guts,Chuck Palahniuk,eng,3.93,10300
7257982,"Innocent (Kindle County Legal Thriller, #8)",Scott Turow,eng,3.9,9827
236862,"Death Without Company (Walt Longmire, #2)",Craig Johnson,eng,4.23,9114
625603,Horus Rising,Dan Abnett,eng,4.17,9152
18680106,"Hard as It Gets (Hard Ink, #1)",Laura Kaye,eng,4.01,12205
449,Timbuktu,Paul Auster,eng,3.66,8272
1087207,"Ouran High School Host Club, Vol. 4 (Ouran High School Host Club, #4)",Bisco Hatori,eng,4.45,11280
7914058,Rescue,Anita Shreve,eng,3.3,10993
10009,Homo Faber,Max Frisch,eng,3.75,9401
24612624,George,Alex Gino,eng,4.01,13093
714380,The Discoverers: A History of Man's Search to Know His World and Himself,Daniel J. Boorstin,,4.12,9117
420496,"A Knight of the Word (Word & Void, #2)",Terry Brooks,en-US,4.04,10745
315882,Henry's Freedom Box: A True Story from the Underground Railroad,"Ellen Levine, Kadir Nelson",eng,4.46,11204
25912358,A Thousand Boy Kisses,Tillie Cole,eng,4.29,10586
8702806,"Eve (Eve Duncan, #12; Eve, Quinn and Bonnie #1)",Iris Johansen,en-US,4.08,11020
10196362,The Accident,Linwood Barclay,eng,3.93,9638
25809756,"Shopaholic to the Rescue (Shopaholic, #8)",Sophie Kinsella,eng,3.55,8168
12989112,Such a Rush,Jennifer Echols,eng,3.84,13370
5053547,"Trouble in Mudbug (Ghost-in-Law, #1)",Jana Deleon,en-US,3.92,6249
762288,Nothing's Fair in Fifth Grade,Barthe DeClements,,3.94,10276
11568316,"Dream Dark (Caster Chronicles, #2.5)","Kami Garcia, Margaret Stohl",eng,3.76,12142
99713,A Coney Island of the Mind,Lawrence Ferlinghetti,eng,4.16,9376
10092,"Sea of Silver Light (Otherland, #4)",Tad Williams,,4.11,9758
228200,"The Green Mile, Part 5: Night Journey",Stephen King,eng,4.51,11442
24769,"Blue Noon (Midnighters, #3)",Scott Westerfeld,eng,3.85,14053
86737,"City of Masks (Stravaganza, #1)",Mary Hoffman,eng,3.9,12048
12522507,"Hidden (Firelight, #3)",Sophie Jordan,en-US,3.89,14760
40465,Thank You for Smoking,Christopher Buckley,,3.92,9054
33896,Thirteen Moons,Charles Frazier,en-US,3.64,9028
6614886,زغازيغ,أحمد خالد توفيق,ara,3.55,8944
16128105,Big Brother,Lionel Shriver,en-US,3.4,8795
10940958,"Blue Monday (Frieda Klein, #1)",Nicci French,eng,3.77,8535
16182601,Bread and   Wine: A Love Letter to Life Around the Table with Recipes,Shauna Niequist,eng,4.22,8334
1197646,"Parts (Parts, #1)",Tedd Arnold,eng,4.25,10608
117835,Nourishing Traditions: The Cookbook That Challenges Politically Correct Nutrition and the Diet Dictocrats,Sally Fallon Morell,,4.23,9534
37300,"Broken Prey (Lucas Davenport, #16)",John Sandford,eng,4.15,10827
29948,The Bridge Across Forever: A True Love Story,Richard Bach,,3.88,8239
13010211,"Promised (Birthmarked, #3)",Caragh M. O'Brien,en-US,3.77,11766
18089900,"The Serpent of Venice (The Fool, #2)",Christopher Moore,eng,3.86,8573
8034188,Where Good Ideas Come From: The Natural History of Innovation,Steven Johnson,eng,4.03,7696
53168,"Demon Thief (The Demonata, #2)",Darren Shan,,4.14,10535
61266,Novecento. Un monologo,Alessandro Baricco,ita,4.19,9991
16074758,Dangerous Girls,"Abigail Haas, Abby McDonald",eng,4.14,10439
653559,Sherlock Holmes and the Case of the Hound of the Baskervilles (Illustrated Classic Editions),"Malvina G. Vogel, Arthur Conan Doyle",eng,4.49,9805
16158498,Give and Take: A Revolutionary Approach to Success,Adam M. Grant,eng,4.06,9918
18943009,"Rock Bottom (Tristan & Danika, #2)",R.K. Lilley,eng,4.46,18490
3559,From Beirut to Jerusalem,Thomas L. Friedman,en-US,4.1,8057
21393526,"Magonia (Magonia, #1)",Maria Dahvana Headley,eng,3.6,12510
263173,"Vampire Knight, Vol. 2 (Vampire Knight, #2)","Matsuri Hino, Tomo Kimura",eng,4.25,13455
1824,The Men Who Stare at Goats,Jon Ronson,en-US,3.58,8245
23341855,"Ride Steady (Chaos, #3)",Kristen Ashley,eng,4.45,15388
2227371,"The Girl with No Shadow (Chocolat, #2)",Joanne Harris,en-US,3.8,8565
76248,Sherlock Holmes of Baker Street: A Life of the World's First Consulting Detective,William S. Baring-Gould,,4.4,8642
22062202,"Marked in Flesh (The Others, #4)",Anne Bishop,eng,4.31,11056
13129925,Horrorstör,"Grady Hendrix, Michael Rogalski",,3.59,10313
13065327,"Wild Cards (Wild Cards, #1)",Simone Elkeles,eng,3.95,13954
31975,"Astonishing X-Men, Volume 2: Dangerous","Joss Whedon, John Cassaday",eng,4.19,9796
6332526,"Inside of a Dog: What Dogs See, Smell, and Know",Alexandra Horowitz,en-GB,3.55,8770
7494887,The Pacific,Hugh Ambrose,eng,4.09,9035
13178410,"Proper Gauge (Wool, #2)",Hugh Howey,eng,4.15,10140
127970,"The Prize Winner of Defiance, Ohio: How My Mother Raised 10 Kids on 25 Words or Less",Terry Ryan,,3.9,9380
6872,The Comfort of Strangers,Ian McEwan,eng,3.44,8843
52588,Cunt: A Declaration of Independence,"Inga Muscio, Betty Dodson",en-GB,3.88,8203
92918,"Krondor: The Betrayal (The Riftwar Legacy, #1)",Raymond E. Feist,en-US,3.81,10631
17901125,"The Mime Order (The Bone Season, #2)",Samantha Shannon,eng,4.2,11042
1011632,Mister B. Gone,Clive Barker,eng,3.32,9535
9864,The Ground Beneath Her Feet,Salman Rushdie,eng,3.77,8673
5295735,الحرافيش,"Naguib Mahfouz, نجيب محفوظ",ara,4.34,8572
554674,The Story of the Trapp Family Singers,Maria Augusta von Trapp,,3.94,9027
23013953,Gut: The Inside Story of Our Body’s Most Underrated Organ,"Giulia Enders, Jill Enders",eng,3.99,5973
6131786,The Virgin Cure,Ami McKay,,3.74,9635
12602078,"The Tycoon's Revenge (Baby for the Billionaire, #1)",Melody Anne,eng,3.87,10989
4984,Bagombo Snuff Box,Kurt Vonnegut Jr.,en-GB,3.72,7407
849380,The Seven Principles for Making Marriage Work: A Practical Guide from the Country's Foremost Relationship Expert,"John M. Gottman, Nan Silver",,4.19,8868
116494,"Anastasia Krupnik (Anastasia Krupnik, #1)",Lois Lowry,,3.89,11914
613991,"The King Beyond the Gate (The Drenai Saga, #2)",David Gemmell,eng,4.12,9305
6351939,"Sea Glass (Glass, #2)",Maria V. Snyder,en-US,4.0,14440
202948,Ladder of Years,Anne Tyler,,3.72,11209
162332,The Sailor Who Fell from Grace with the Sea,"Yukio Mishima, John Nathan",en-US,3.89,8810
16951,"When the Lion Feeds (Courtney, #1)",Wilbur Smith,eng,4.16,8440
946899,The Measure of a Lady,Deeanne Gist,en-US,3.94,9583
106312,"The Twelfth Card (Lincoln Rhyme, #6)",Jeffery Deaver,eng,3.98,10188
12444298,"Feverborn (Fever, #8)",Karen Marie Moning,eng,4.18,11570
8539798,"Blue exorcist, Tome 2",Kazue Kato,fre,4.48,8972
764165,The Snow Leopard,Peter Matthiessen,eng,4.12,8502
19688,"Breaking Point (Tom Clancy's Net Force, #4)","Steve Perry, Tom Clancy, Steve Pieczenik",eng,3.69,7693
183092,Night Light (Restoration #2),Terri Blackstock,,4.35,8471
8087038,"Chasing The Night (Eve Duncan, #11; Catherine Ling, #1)",Iris Johansen,en-US,4.12,10129
129237,A Theory of Justice,John Rawls,eng,3.91,8472
13489518,"Out of the Dark (The Grey Wolves, #4)",Quinn Loftis,eng,4.5,11994
294081,The Mambo Kings Play Songs of Love,Oscar Hijuelos,eng,3.68,9107
101094,The Famished Road,Ben Okri,eng,3.73,8251
13616278,"The Red Knight (The Traitor Son Cycle, #1)",Miles  Cameron,eng,4.12,8556
4936457,The Time Traveller's Guide to Medieval England: A Handbook for Visitors to the Fourteenth Century,Ian Mortimer,eng,3.99,9824
4769651,"The Everafter War (The Sisters Grimm, #7)","Michael Buckley, Peter Ferguson",eng,4.32,12493
15613,"Billy Budd, Sailor",Herman Melville,eng,3.09,10866
7130616,"Bayou Moon (The Edge, #2)",Ilona Andrews,eng,4.09,17204
208324,"Means of Ascent (The Years of Lyndon Johnson, #2)",Robert A. Caro,eng,4.25,12582
77431,The Mauritius Command,Patrick O'Brian,eng,4.35,9421
8565083,Cinderella Ate My Daughter: Dispatches from the Frontlines of the New Girlie-Girl Culture,Peggy Orenstein,eng,3.65,11279
8914,The First World War,John Keegan,,4.0,9162
